ecg_id,patient_id,age,sex,height,weight,nurse,site,device,recording_date,report,scp_codes,heart_axis,infarction_stadium1,infarction_stadium2,validated_by,second_opinion,initial_autogenerated_report,validated_by_human,baseline_drift,static_noise,burst_noise,electrodes_problems,extra_beats,pacemaker,strat_fold,filename_lr,filename_hr,split,MI,CD
12160,3679.0,81.0,1,161.0,57.0,4.0,1.0,AT-6 C 5.5,1994-05-07 16:00:21,sinus rhythm. normal ecg.,"{'NORM': 100.0, 'SR': 0.0}",,,,0.0,False,False,True,,,,,,,2,records100/12000/12160_lr,records500/12000/12160_hr,confirmation,0,0
9856,5152.0,45.0,0,185.0,76.0,7.0,1.0,AT-6 C 5.5,1993-02-26 12:01:44,sinus rhythm. normal ecg.,"{'NORM': 100.0, 'SR': 0.0}",,,,0.0,False,False,True,,,,,,,1,records100/09000/09856_lr,records500/09000/09856_hr,confirmation,0,0
13026,19032.0,63.0,0,,,1.0,2.0,CS-12,1994-09-23 00:16:38,sinus-bradykardie linkstyp ekg wahrscheinlich normal,"{'NORM': 50.0, 'SBRAD': 0.0}",LAD,,,1.0,False,False,True,,,,,,,5,records100/13000/13026_lr,records500/13000/13026_hr,confirmation,0,0
9450,8687.0,57.0,0,,,0.0,0.0,CS100    3,1992-12-06 10:09:28,sinusrhythmus linkstyp sonst normales ekg 4.46                          unbestÄtigter bericht,"{'NORM': 80.0, 'SR': 0.0}",LAD,,,,False,True,False,,,,,,,2,records100/09000/09450_lr,records500/09000/09450_hr,confirmation,0,0
19465,19016.0,66.0,1,,,0.0,0.0,CS100    3,1998-08-02 09:58:10,ventrikulÄre extrasystole(n) sinusrhythmus ueberdrehter linkstyp unspezifischer intraventrikulÄrer block qrs(t) abnorm    inferiorer infarkt     mÖgl. akut 4.46                          unbestÄtigter bericht,"{'IMI': 100.0, 'ASMI': 100.0, 'LAFB': 100.0, 'PVC': 100.0, 'ABQRS': 0.0, 'SR': 0.0}",ALAD,Stadium I,,,False,True,False,," , I-AVF,  ",,,"VES1,alles",,5,records100/19000/19465_lr,records500/19000/19465_hr,confirmation,1,1
1171,5046.0,68.0,1,155.0,69.0,6.0,1.0,AT-6 C 5.5,1987-09-13 10:29:30,premature atrial contraction(s). sinus rhythm. minor non-specific st-t wave changes.,"{'NORM': 80.0, 'PAC': 0.0, 'NST_': 0.0, 'SR': 0.0}",,,,0.0,False,False,True,,,,,,,5,records100/01000/01171_lr,records500/01000/01171_hr,confirmation,0,0
17249,12373.0,37.0,1,,,1.0,2.0,AT-60    3,1996-11-21 20:30:52,sinusrhythmus ueberdrehter rechtstyp 4.46                          unbestÄtigter bericht,"{'NORM': 100.0, 'SR': 0.0}",ARAD,,,1.0,False,True,True,,,,,,,8,records100/17000/17249_lr,records500/17000/17249_hr,confirmation,0,0
21672,14670.0,60.0,1,,,0.0,0.0,CS100    3,2000-12-19 13:52:07,sinusrhythmus p-sinistrocardiale lagetyp normal qrs(t) abnorm    inferiorer infarkt     wahrscheinlich alt 4.46                          unbestÄtigter bericht,"{'IMI': 15.0, 'ABQRS': 0.0, 'SR': 0.0}",MID,Stadium II-III,,,False,True,False,,,,,,,8,records100/21000/21672_lr,records500/21000/21672_hr,confirmation,1,0
12694,7895.0,69.0,1,165.0,61.0,,13.0,AT-6     6,1994-08-04 17:23:39,sinus rhythm. normal ecg.,"{'NORM': 100.0, 'SR': 0.0}",,,,2.0,False,False,True,,,,,,,2,records100/12000/12694_lr,records500/12000/12694_hr,confirmation,0,0
18555,15117.0,50.0,0,,,0.0,0.0,CS100    3,1997-09-17 10:59:34,sinusrhythmus lagetyp normal qrs(t) abnorm    inferiorer infarkt     wahrscheinlich alt 4.46                          unbestÄtigter bericht,"{'IPLMI': 100.0, 'ABQRS': 0.0, 'SR': 0.0}",MID,Stadium II-III,,,False,True,False,," , I-AVF,  ",,,,,3,records100/18000/18555_lr,records500/18000/18555_hr,confirmation,1,0
158,8909.0,36.0,0,,,,3.0,AT-6 C,1986-03-06 11:48:36,sinusrytm normalt ekg,"{'NORM': 100.0, 'SR': 0.0}",,,,,False,False,True,,,,,,,4,records100/00000/00158_lr,records500/00000/00158_hr,confirmation,0,0
5780,14868.0,63.0,0,,77.0,0.0,0.0,CS-12   E,1991-02-04 12:43:50,sinusrhythmus linkstyp sonst normales ekg,"{'NORM': 80.0, 'SR': 0.0}",LAD,,,,False,False,True,,,,,,,5,records100/05000/05780_lr,records500/05000/05780_hr,confirmation,0,0
7176,16415.0,50.0,0,,,0.0,0.0,CS100    3,1991-10-19 11:48:07,supraventrikulÄre arrhythmie lagetyp normal mÄssige amplitudenkriterien fÜr linkshypertrophie t abnorm in anterolateralen ableitungen    inferolateralen ableitungen 4.46                          unbestÄtigter bericht,"{'LVH': 50.0, 'ISC_': 100.0, 'VCLVH': 0.0, 'SVARR': 0.0}",MID,,,,False,True,False,," , I-AVR,  ",,,,,2,records100/07000/07176_lr,records500/07000/07176_hr,confirmation,0,0
1201,2492.0,75.0,0,165.0,57.0,1.0,1.0,AT-6 C 5.5,1987-09-25 12:27:07,sinus arrhythmia. no definite pathology.,"{'NORM': 100.0, 'SARRH': 0.0}",,,,0.0,False,False,True,,,,,,,7,records100/01000/01201_lr,records500/01000/01201_hr,confirmation,0,0
17774,7270.0,23.0,1,178.0,66.0,11.0,1.0,AT-6 C 5.5,1997-04-22 08:08:01,"p wave axis is abnormal, rhythm is probably junctional. otherwise normal ecg.",{'NORM': 80.0},,,,0.0,False,False,True,,,,,,,6,records100/17000/17774_lr,records500/17000/17774_hr,confirmation,0,0
416,3596.0,35.0,0,,,7.0,1.0,AT-6 C 5.5,1987-01-29 14:48:03,trace only requested.,{'ISCIL': 100.0},,,,0.0,False,False,True,,,,,,,2,records100/00000/00416_lr,records500/00000/00416_hr,confirmation,0,0
423,1752.0,87.0,0,,,3.0,1.0,AT-6 C 5.5,1987-01-30 11:46:48,trace only requested.,"{'IMI': 50.0, 'ILBBB': 100.0, 'LVH': 100.0, 'ISC_': 100.0}",,unknown,,0.0,False,False,True,,,,,,,8,records100/00000/00423_lr,records500/00000/00423_hr,confirmation,1,1
7238,16836.0,87.0,1,,,1.0,2.0,CS-12,1991-11-01 13:59:45,sinusrhythmus lagetyp normal linkshypertrophie mÖglich qrs(t) abnormal    hochlateraler infarkt mÖglich,"{'LVH': 100.0, 'ISC_': 100.0, 'ABQRS': 0.0, 'SR': 0.0}",MID,,,1.0,False,False,True,,,,,,,7,records100/07000/07238_lr,records500/07000/07238_hr,confirmation,0,0
17082,14997.0,54.0,0,,,0.0,0.0,CS100    3,1996-10-17 12:50:49,sinusrhythmus lagetyp normal normales ekg 4.46                          unbestÄtigter bericht,"{'NORM': 100.0, 'SR': 0.0}",MID,,,,False,True,False,,,,,,,8,records100/17000/17082_lr,records500/17000/17082_hr,confirmation,0,0
14893,8323.0,27.0,0,,,1.0,2.0,CS-12,1995-09-05 09:22:53,sinusrhythmus lagetyp normal normales ekg,"{'NORM': 100.0, 'SR': 0.0}",MID,,,1.0,False,False,True," , V6",,,,,,3,records100/14000/14893_lr,records500/14000/14893_hr,confirmation,0,0
19243,18242.0,70.0,0,,,1.0,2.0,CS-12,1998-05-06 12:33:35,tachykardes vorhofflimmern ueberdrehter linkstyp ves uniform kompl. lsb,"{'LAFB': 100.0, 'ISCAL': 100.0, 'PVC': 100.0, 'AFIB': 0.0}",ALAD,,,1.0,False,False,True,,,,,,,3,records100/19000/19243_lr,records500/19000/19243_hr,confirmation,0,1
17528,9987.0,19.0,1,,63.0,0.0,0.0,CS-12   E,1997-01-25 12:54:11,sinusrhythmus lagetyp normal normales ekg,"{'NORM': 100.0, 'SR': 0.0}",MID,,,,False,False,True,,,,,,,4,records100/17000/17528_lr,records500/17000/17528_hr,confirmation,0,0
14706,19741.0,68.0,1,,,0.0,0.0,CS100    3,1995-08-08 09:10:31,sinusrhythmus linkstyp qrs(t) abnorm    inferiorer infarkt     alter unbest. 4.46                          unbestÄtigter bericht,"{'IMI': 100.0, 'ABQRS': 0.0, 'SR': 0.0}",LAD,unknown,,,False,True,False,,,,,,,7,records100/14000/14706_lr,records500/14000/14706_hr,confirmation,1,0
1724,15135.0,40.0,1,,79.0,2.0,0.0,CS-12   E,1988-06-01 15:24:03,sinusrhythmus normales ekg,"{'NORM': 100.0, 'SR': 0.0}",,,,,False,False,True," , V4",,,,,,5,records100/01000/01724_lr,records500/01000/01724_hr,confirmation,0,0
17651,467.0,81.0,0,173.0,73.0,5.0,1.0,AT-6 C 5.5,1997-02-24 15:39:32,"sinus rhythm. rightward axis. right bundle branch block. st segments are depressed in ii, iii, avf, v5,6. non-specific but consistent with myocardial ischaemia.","{'ASMI': 15.0, 'CRBBB': 100.0, 'LPFB': 100.0, 'ISCIN': 100.0, 'DIG': 100.0, 'STD_': 0.0, 'SR': 0.0}",,unknown,,0.0,False,False,True," , V1",,,,,,4,records100/17000/17651_lr,records500/17000/17651_hr,confirmation,1,1
19815,8021.0,46.0,0,,,0.0,0.0,CS100    3,1998-10-24 10:32:41,sinusrhythmus lagetyp normal qrs(t) abnorm    anteroseptaler infarkt     wahrscheinlich alt 4.46                          unbestÄtigter bericht,"{'ASMI': 100.0, 'ABQRS': 0.0, 'SR': 0.0}",MID,Stadium II-III,,,False,True,False,,,,,,,5,records100/19000/19815_lr,records500/19000/19815_hr,confirmation,1,0
19909,12950.0,56.0,0,,,0.0,0.0,CS100    3,1998-11-13 15:12:23,"vorhofflimmern/-flattern lagetyp normal st & t abnorm, wahrscheinlich    anterolaterale ischÄmie oder linksbelastung    inferolaterale ischÄmie oder linksbelastung 4.46                          unbestÄtigter bericht","{'LVH': 100.0, 'ISC_': 100.0, 'AFIB': 0.0}",MID,,,,False,True,False,,,,,,,7,records100/19000/19909_lr,records500/19000/19909_hr,confirmation,0,0
16383,846.0,72.0,0,165.0,66.0,11.0,1.0,AT-6 C 5.5,1996-07-14 09:55:13,"sinus rhythm. voltages are high in chest leads suggesting lvh. minor non-specific st segment depression in v5,6.","{'LVH': 35.0, 'STD_': 0.0, 'VCLVH': 0.0, 'SR': 0.0}",,,,0.0,False,False,True,,,,,,,6,records100/16000/16383_lr,records500/16000/16383_hr,confirmation,0,0
10940,11680.0,38.0,0,,,0.0,0.0,CS100    3,1993-09-06 06:27:05,sinusrhythmus lagetyp normal qrs(t) abnorm    inferiorer infarkt     alter unbest. 4.46                          unbestÄtigter bericht,"{'IMI': 15.0, 'ABQRS': 0.0, 'SR': 0.0}",MID,unknown,,,False,True,False,,,,,,,4,records100/10000/10940_lr,records500/10000/10940_hr,confirmation,1,0
11702,20613.0,32.0,0,,80.0,0.0,0.0,CS-12   E,1994-01-22 13:36:23,sinusrhythmus normales ekg,"{'NORM': 100.0, 'SR': 0.0}",,,,,False,False,True," , II,III",,,,,,7,records100/11000/11702_lr,records500/11000/11702_hr,confirmation,0,0
1573,5378.0,49.0,1,170.0,85.0,9.0,1.0,AT-6     6,1988-04-21 22:04:13,sinus rhythm. normal ecg.,"{'NORM': 100.0, 'SR': 0.0}",,,,0.0,False,False,True,,,,,,,6,records100/01000/01573_lr,records500/01000/01573_hr,confirmation,0,0
14896,1843.0,72.0,1,168.0,60.0,6.0,1.0,AT-6 C 5.5,1995-09-05 12:06:57,"sinus rhythm. t waves are inverted in i, avl, v4,5. findings are likely to be due to ischaemic heart    disease. the age of the changes is uncertain.","{'ISCAS': 100.0, 'INVT': 0.0, 'SR': 0.0}",,,,0.0,False,False,True,,,,,,,3,records100/14000/14896_lr,records500/14000/14896_hr,confirmation,0,0
11986,2788.0,50.0,1,160.0,85.0,5.0,1.0,AT-6 C 5.5,1994-04-13 07:45:35,"sinus rhythm. st segments are depressed in i, avl. this may be due to lv strain or ischaemia.","{'NORM': 80.0, 'STD_': 0.0, 'SR': 0.0}",,,,0.0,False,False,True,,,,,,,2,records100/11000/11986_lr,records500/11000/11986_hr,confirmation,0,0
9799,1244.0,66.0,0,178.0,78.0,10.0,1.0,AT-6 C 5.5,1993-02-08 15:33:47,"sinus rhythm. voltages in chest leads are at upper limit. minimal non-specific st segment depression in v5,6.","{'NORM': 80.0, 'STD_': 0.0, 'HVOLT': 0.0, 'SR': 0.0}",,,,0.0,False,False,True,,,,,,,7,records100/09000/09799_lr,records500/09000/09799_hr,confirmation,0,0
11798,4152.0,63.0,0,178.0,86.0,9.0,1.0,AT-6 C 5.5,1994-02-09 15:07:51,sinus rhythm. normal ecg.,"{'NORM': 100.0, 'SR': 0.0}",,,,0.0,False,False,True,,,,,,,3,records100/11000/11798_lr,records500/11000/11798_hr,confirmation,0,0
17179,15665.0,65.0,0,,,1.0,2.0,AT-60    3,1996-11-06 14:12:37,sinusrhythmus lagetyp normal normales ekg 4.46                          unbestÄtigter bericht,"{'NORM': 100.0, 'SR': 0.0}",MID,,,1.0,False,True,True,,,,,,,4,records100/17000/17179_lr,records500/17000/17179_hr,confirmation,0,0
16319,16138.0,81.0,1,,,1.0,2.0,CS-12,1996-07-07 15:24:59,"sinusrhythmus llt av-block 1.grades t ÜberhÖht in v2,v3","{'NORM': 80.0, '1AVB': 100.0, 'SR': 0.0}",LAD,,,1.0,False,False,True,,,,,,,2,records100/16000/16319_lr,records500/16000/16319_hr,confirmation,0,1
3819,3988.0,65.0,0,172.0,83.0,3.0,1.0,AT-6 C 5.8,1990-02-25 12:50:56,sinus rhythm. voltages in limb leads are at upper limit. no definite pathology.,"{'LVH': 35.0, 'HVOLT': 0.0, 'SR': 0.0}",,,,0.0,False,False,True,,,,,,,1,records100/03000/03819_lr,records500/03000/03819_hr,confirmation,0,0
6499,3182.0,82.0,1,155.0,51.0,9.0,1.0,AT-6     6,1991-07-16 12:03:02,"sinus rhythm. prolonged pr interval. minor non-specific st segment depression in v4,5,6.","{'NORM': 100.0, 'STD_': 0.0, 'LPR': 0.0, 'SR': 0.0}",,,,0.0,False,False,True,,,,,,,6,records100/06000/06499_lr,records500/06000/06499_hr,confirmation,0,0
2953,19631.0,69.0,1,,,1.0,2.0,CS-12,1989-06-24 12:45:46,sinusrhythmus lagetyp normal normales ekg,"{'NORM': 100.0, 'SR': 0.0}",MID,,,1.0,False,False,True,," , mittel,  ",,,,,8,records100/02000/02953_lr,records500/02000/02953_hr,confirmation,0,0
11281,15240.0,67.0,1,,,0.0,0.0,CS100    3,1993-10-30 09:57:07,sinusrhythmus lagetyp normal normales ekg 4.46                          unbestÄtigter bericht,"{'NORM': 100.0, 'SR': 0.0}",MID,,,,False,True,False,,,,,,,3,records100/11000/11281_lr,records500/11000/11281_hr,confirmation,0,0
18493,7982.0,62.0,0,,,1.0,2.0,CS-12,1997-09-05 18:43:11,sinusrhythmus lagetyp normal unvollstÄndiger linksschenkelblock unspezifisches abnormales t,"{'NDT': 100.0, 'SR': 0.0}",MID,,,1.0,False,False,True,,,,,,,4,records100/18000/18493_lr,records500/18000/18493_hr,confirmation,0,0
18587,3026.0,82.0,1,145.0,53.0,6.0,1.0,AT-6     6,1997-09-22 09:19:57,"premature ventricular contraction(s). atrial fibrillation. st segments are depressed in v5,6. t waves are low in ii, v5,6. non-specific but consistent with myocardial ischaemia and digitalis effect.","{'NDT': 100.0, 'DIG': 100.0, 'PVC': 100.0, 'LOWT': 0.0, 'STD_': 0.0, 'AFIB': 0.0}",,,,0.0,False,False,True," , V1,6",,,,1ES,,1,records100/18000/18587_lr,records500/18000/18587_hr,confirmation,0,0
3093,12228.0,48.0,1,,60.0,0.0,0.0,CS-12   E,1989-07-14 08:21:07,sinusrhythmus p-sinistrocardiale lagetyp normal,"{'NORM': 100.0, 'SR': 0.0}",MID,,,,False,False,True,,,,,,,6,records100/03000/03093_lr,records500/03000/03093_hr,confirmation,0,0
8022,4144.0,83.0,1,159.0,37.0,6.0,1.0,AT-6     6,1992-04-27 11:30:26,sinus rhythm. voltages are high in chest leads suggesting lvh. otherwise normal ecg.,"{'LVH': 35.0, 'VCLVH': 0.0, 'SR': 0.0}",,,,0.0,False,False,True,,,,,,,6,records100/08000/08022_lr,records500/08000/08022_hr,confirmation,0,0
8602,5838.0,67.0,1,179.0,80.0,5.0,1.0,AT-6 C 5.8,1992-07-27 11:47:29,atrial fibrillation with rapid ventricular response. otherwise no definite pathology.,"{'NDT': 100.0, 'AFIB': 0.0}",,,,0.0,False,False,True,,,,,,,7,records100/08000/08602_lr,records500/08000/08602_hr,confirmation,0,0
13294,17049.0,18.0,0,,68.0,2.0,0.0,CS-12   E,1994-11-07 07:47:03,sinus arrhythmie sonst normales ekg,"{'NORM': 80.0, 'SARRH': 0.0}",,,,,False,False,True,"V1,V2,V4,  ",,,,,,1,records100/13000/13294_lr,records500/13000/13294_hr,confirmation,0,0
2167,14971.0,31.0,1,,51.0,0.0,0.0,CS-12   E,1988-08-27 03:38:47,sinusrhythmus lagetyp normal normales ekg,"{'NORM': 100.0, 'SR': 0.0}",MID,,,,False,False,True," , I,III,AVL,V3"," , I-AVF,  ",,,,,7,records100/02000/02167_lr,records500/02000/02167_hr,confirmation,0,0
1670,4540.0,45.0,1,158.0,72.0,7.0,1.0,AT-6 C 5.5,1988-05-05 17:38:46,"sinus tachycardia. beat(s) with aberrant intraventricular conduction. premature ventricular contractions, couplets. possible right atrial enlargement. otherwise no definite pathology.   the computer has selected vpbs as typical ventricular complexes, plea","{'STACH': 50.0, 'RAO/RAE': 100.0}",,,,0.0,False,False,True,,,,,10ES,,1,records100/01000/01670_lr,records500/01000/01670_hr,confirmation,0,0
993,2375.0,83.0,1,155.0,60.0,4.0,1.0,AT-6 C 5.5,1987-07-26 10:49:55,"sinus rhythm. st segments are depressed in i, ii, v5,6. this may be due to lv strain or ischaemia.","{'NDT': 100.0, 'STD_': 0.0, 'SR': 0.0}",,,,0.0,False,False,True,,,,,,,3,records100/00000/00993_lr,records500/00000/00993_hr,confirmation,0,0
12312,3902.0,78.0,1,154.0,48.0,7.0,1.0,AT-6     6,1994-06-29 07:58:00,"sinus rhythm. low limb lead voltage. minor non-specific t wave flattening in v5,6.","{'NORM': 100.0, 'NT_': 0.0, 'LVOLT': 0.0, 'SR': 0.0}",,,,0.0,False,False,True,,,,,,,1,records100/12000/12312_lr,records500/12000/12312_hr,confirmation,0,0
2559,15429.0,54.0,1,,84.0,2.0,0.0,CS-12   E,1989-03-06 10:06:42,sinusrhythmus normales ekg,"{'NORM': 100.0, 'SR': 0.0}",,,,,False,False,True,,,,,,,5,records100/02000/02559_lr,records500/02000/02559_hr,confirmation,0,0
18102,6037.0,76.0,0,165.0,75.0,6.0,1.0,AT-6     6,1997-07-12 12:40:33,sinus rhythm. left axis deviation. left anterior fascicular block. non-specific st-t wave changes in avl.,"{'LAFB': 100.0, 'NST_': 0.0, 'SR': 0.0}",LAD,,,0.0,False,False,True,,,,,,,6,records100/18000/18102_lr,records500/18000/18102_hr,confirmation,0,1
18414,11088.0,73.0,0,,,0.0,0.0,CS100    3,1997-08-14 10:52:44,sinusrhythmus linkstyp linksschenkelblock 4.46                          unbestÄtigter bericht,"{'CLBBB': 100.0, 'SR': 0.0}",LAD,,,,False,True,False,,,,,,,3,records100/18000/18414_lr,records500/18000/18414_hr,confirmation,0,1
19672,20242.0,46.0,1,,60.0,0.0,0.0,CS-12   E,1998-09-21 09:11:46,sinusrhythmus verdacht auf p-sinistrocardiale lagetyp normal,"{'NORM': 100.0, 'SR': 0.0}",MID,,,,False,False,True,," , I,III,AVL,  ",alles,,,,4,records100/19000/19672_lr,records500/19000/19672_hr,confirmation,0,0
1948,6224.0,67.0,1,170.0,73.0,10.0,1.0,AT-6     6,1988-07-21 14:26:10,"premature atrial contraction(s). sinus bradycardia. q waves in ii, iii, avf consistent with old inferior    myocardial infarction. the cause of the bradycardia is not evident.","{'IMI': 80.0, 'PAC': 0.0, 'QWAVE': 0.0, 'SBRAD': 0.0}",,Stadium III,,0.0,False,False,True,,,,,,,2,records100/01000/01948_lr,records500/01000/01948_hr,confirmation,1,0
10119,3335.0,79.0,1,168.0,57.0,11.0,1.0,AT-6     6,1993-05-01 12:13:00,sinus rhythm. voltages in chest leads are at upper limit. no definite pathology.,"{'NORM': 80.0, 'HVOLT': 0.0, 'SR': 0.0}",,,,0.0,False,False,True,,,,,,,2,records100/10000/10119_lr,records500/10000/10119_hr,confirmation,0,0
12803,8648.0,68.0,0,,,0.0,0.0,CS100    3,1994-08-17 10:39:30,ventrikulÄre extrasystole(n) supraventrikulÄre extrasystole(n) sinusrhythmus p-verbreiterung ueberdrehter linkstyp rechtsschenkelblock qrs(t) abnorm    inferiorer infarkt     wahrscheinlich alt 4.46                          unbestÄtigter bericht,"{'IMI': 50.0, 'AMI': 15.0, 'IRBBB': 100.0, 'PVC': 100.0, 'ABQRS': 0.0, 'SR': 0.0}",ALAD,Stadium II-III,,,False,True,False,,,,,"VES,SVES3,alles",,1,records100/12000/12803_lr,records500/12000/12803_hr,confirmation,1,1
1507,7268.0,44.0,0,180.0,74.0,3.0,1.0,AT-6     6,1988-04-09 16:55:25,"sinus rhythm. t waves are low in ii, avf and inverted in iii. inferior myocardial ischaemia cannot be excluded.","{'NORM': 80.0, 'LOWT': 0.0, 'SR': 0.0}",,,,0.0,False,False,True,,,,,,,3,records100/01000/01507_lr,records500/01000/01507_hr,confirmation,0,0
14635,4130.0,300.0,1,152.0,46.0,,31.0,AT-6 C 5.5,1995-08-02 19:06:40,sinus rhythm. normal ecg.,"{'NORM': 100.0, 'SR': 0.0}",,,,2.0,False,False,True,,,,,,,7,records100/14000/14635_lr,records500/14000/14635_hr,confirmation,0,0
19135,20840.0,73.0,0,,,1.0,2.0,AT-60    3,1998-01-23 18:54:17,"sinus arrhythmie linkstyp st & t abnorm, mÖglicherweise neuer    inferiorer myokard- oder perikardschaden qt-verlÄngerung 4.46                          unbestÄtigter bericht","{'LVH': 100.0, 'ISC_': 100.0, 'SARRH': 0.0}",LAD,,,1.0,False,True,True,,,,,,,2,records100/19000/19135_lr,records500/19000/19135_hr,confirmation,0,0
11034,4190.0,68.0,1,159.0,97.0,8.0,1.0,AT-6 C 5.5,1993-09-18 09:30:46,"sinus rhythm. st segments are depressed in i, ii, iii, avf, v2-6. t waves are low or slightly inverted throughout. findings are likely to be due to ischaemic heart    disease.","{'ISC_': 100.0, 'LVH': 15.0, 'IVCD': 100.0, 'LOWT': 0.0, 'STD_': 0.0, 'SR': 0.0}",,,,0.0,False,False,True,,,,,,,2,records100/11000/11034_lr,records500/11000/11034_hr,confirmation,0,1
10508,3068.0,25.0,0,178.0,65.0,9.0,1.0,AT-6     6,1993-07-13 15:48:33,sinus rhythm. high v lead voltages are probably normal for age. normal ecg.,"{'NORM': 100.0, 'SR': 0.0}",,,,0.0,False,False,True,,,,,,,3,records100/10000/10508_lr,records500/10000/10508_hr,confirmation,0,0
21226,16086.0,64.0,0,,,0.0,0.0,CS100    3,2000-08-05 09:58:58,sinusrhythmus a-v block i p-verbreiterung lagetyp normal t abnorm in anteroseptalen ableitungen 4.46                          unbestÄtigter bericht,"{'IMI': 15.0, 'ISCAS': 100.0, 'SR': 0.0}",MID,unknown,,,False,True,False,,,,,,,2,records100/21000/21226_lr,records500/21000/21226_hr,confirmation,1,0
14438,3741.0,48.0,1,162.0,60.0,8.0,1.0,AT-6 C 5.5,1995-07-13 12:00:55,sinus rhythm. normal ecg.,"{'NORM': 100.0, 'SR': 0.0}",,,,0.0,False,False,True,,,,,,,6,records100/14000/14438_lr,records500/14000/14438_hr,confirmation,0,0
20739,21151.0,77.0,0,,,0.0,0.0,CS100    3,1999-10-26 05:24:11,sinusrhythmus p-verbreiterung lagetyp normal unspezifische intraventrikulÄre leitungsstÖrung 4.46                          unbestÄtigter bericht,"{'IMI': 15.0, 'SR': 0.0}",MID,unknown,,,False,True,False,," , I-AVF,  ",,,,,5,records100/20000/20739_lr,records500/20000/20739_hr,confirmation,1,0
4949,2394.0,80.0,0,155.0,60.0,10.0,1.0,AT-6 C 5.5,1990-09-11 11:09:24,"sinus rhythm. left axis deviation. voltages are high in limb leads suggesting lvh. non-specific t wave flattening in i, avl, v6. poor progression of r waves in anterior chest leads. old anteroseptal myocardial infarction cannot be excluded.","{'ASMI': 15.0, 'LVH': 100.0, 'LAFB': 100.0, 'NT_': 0.0, 'VCLVH': 0.0, 'SR': 0.0}",LAD,Stadium III,,0.0,False,False,True,,,,,,,6,records100/04000/04949_lr,records500/04000/04949_hr,confirmation,1,1
17014,19709.0,49.0,1,,,0.0,0.0,CS100    3,1996-10-04 14:33:21,sinusrhythmus lagetyp normal normales ekg 4.46                          unbestÄtigter bericht,"{'NORM': 100.0, 'SR': 0.0}",MID,,,,False,True,False,,,V2,,,,7,records100/17000/17014_lr,records500/17000/17014_hr,confirmation,0,0
884,5604.0,83.0,1,155.0,60.0,9.0,1.0,AT-6 C 5.5,1987-07-05 10:04:56,sinus rhythm. prolonged pr interval. otherwise no definite pathology.,"{'NORM': 100.0, 'LPR': 0.0, 'SR': 0.0}",,,,0.0,False,False,True,,,,,,,8,records100/00000/00884_lr,records500/00000/00884_hr,confirmation,0,0
9886,13189.0,52.0,0,,,1.0,2.0,AT-60    3,1993-03-05 11:55:00,sinusbradykardie lagetyp normal sonst normales ekg 4.46                          unbestÄtigter bericht,"{'NORM': 80.0, 'SBRAD': 0.0}",MID,,,1.0,False,True,True,,,,,,,1,records100/09000/09886_lr,records500/09000/09886_hr,confirmation,0,0
2456,6147.0,71.0,1,168.0,50.0,10.0,1.0,AT-6 C 5.5,1989-01-28 06:17:50,"sinus rhythm. normal ecg. Edit: NORM 100, Tachykardie, NDT, V3 schlechte Qualität","{'NORM': 100.0, 'SR': 0.0}",,,,0.0,True,False,True," , V6"," , v3,  ",,,,,7,records100/02000/02456_lr,records500/02000/02456_hr,confirmation,0,0
12621,4402.0,64.0,0,177.0,85.0,,37.0,AT-6 C 5.5,1994-07-30 11:40:00,sinus rhythm. normal ecg.,"{'NORM': 100.0, 'SR': 0.0}",,,,2.0,False,False,True,,,,,,,4,records100/12000/12621_lr,records500/12000/12621_hr,confirmation,0,0
4134,2922.0,83.0,1,160.0,56.0,4.0,1.0,AT-6 C 5.5,1990-05-06 16:33:35,sinus rhythm. normal ecg.,"{'NORM': 100.0, 'SR': 0.0}",,,,0.0,False,False,True,,,,,,,2,records100/04000/04134_lr,records500/04000/04134_hr,confirmation,0,0
18578,10183.0,55.0,0,,,0.0,0.0,CS100    3,1997-09-21 08:21:30,sinusrhythmus lagetyp normal normales ekg 4.46                          unbestÄtigter bericht,"{'NORM': 100.0, 'SR': 0.0}",MID,,,,False,True,False,,,,,,,5,records100/18000/18578_lr,records500/18000/18578_hr,confirmation,0,0
5309,8457.0,50.0,0,,81.0,2.0,0.0,CS-12   E,1990-11-06 15:01:09,sinusrhythmus normales ekg,"{'NORM': 100.0, 'SR': 0.0}",,,,,False,False,True,,,,,,,1,records100/05000/05309_lr,records500/05000/05309_hr,confirmation,0,0
12918,9907.0,60.0,0,,,0.0,0.0,CS100    3,1994-09-08 10:28:06,sinusrhythmus lagetyp normal periphere niederspannung 4.46                          unbestÄtigter bericht,"{'NORM': 100.0, 'SR': 0.0}",MID,,,,False,True,False,," , I-AVF,  ",,,,,8,records100/12000/12918_lr,records500/12000/12918_hr,confirmation,0,0
9911,18193.0,77.0,1,,,1.0,2.0,CS-12,1993-03-11 12:36:06,"ventrikulÄre extrasystole(n) sinus arrhythmie lagetyp normal q in iii,s in i","{'NORM': 100.0, 'QWAVE': 0.0, 'SARRH': 0.0}",MID,,,1.0,False,False,True,,,,,1VES,,2,records100/09000/09911_lr,records500/09000/09911_hr,confirmation,0,0
3399,4651.0,75.0,0,178.0,78.0,1.0,1.0,AT-6 C 5.5,1989-09-09 13:11:02,sinus rhythm. right bundle branch block.,"{'IRBBB': 100.0, 'SR': 0.0}",,,,0.0,False,False,True,,,,,,,3,records100/03000/03399_lr,records500/03000/03399_hr,confirmation,0,1
8976,15510.0,68.0,1,,,1.0,2.0,CS-12,1992-09-12 15:59:06,sinusrhythmus lagetyp normal normales ekg,"{'NORM': 100.0, 'SR': 0.0}",MID,,,1.0,False,False,True,,,,,,,3,records100/08000/08976_lr,records500/08000/08976_hr,confirmation,0,0
4308,13831.0,300.0,1,,,1.0,2.0,CS-12,1990-06-28 18:58:38,sinusrhythmus p-verbreiterung lagetyp normal periphere niederspannung t abnormal in hochlateralen ableitungen,"{'NDT': 100.0, 'SR': 0.0}",MID,,,1.0,False,False,True," , V4"," , alles,  ",,,1ES,,8,records100/04000/04308_lr,records500/04000/04308_hr,confirmation,0,0
11494,19129.0,59.0,0,,,0.0,0.0,CS100    3,1993-12-11 10:13:46,vorhofflimmern/-flattern lagetyp normal 4.46                          unbestÄtigter bericht,"{'NDT': 100.0, 'AFIB': 0.0}",MID,,,,False,True,False,,,,,,,4,records100/11000/11494_lr,records500/11000/11494_hr,confirmation,0,0
7590,17834.0,50.0,1,,,1.0,2.0,AT-60    3,1992-01-12 16:26:41,sinusrhythmus lagetyp normal normales ekg 4.46                          unbestÄtigter bericht,"{'NORM': 100.0, 'SR': 0.0}",MID,,,1.0,False,True,True,,,,,,,4,records100/07000/07590_lr,records500/07000/07590_hr,confirmation,0,0
494,744.0,61.0,1,160.0,63.0,9.0,1.0,AT-6 C 5.5,1987-02-28 14:16:21,sinus rhythm. normal ecg.,"{'NORM': 100.0, 'SR': 0.0}",,,,0.0,False,False,True,,,,,,,6,records100/00000/00494_lr,records500/00000/00494_hr,confirmation,0,0
15115,21691.0,76.0,1,,,1.0,2.0,CS-12,1995-10-01 12:24:37,"sinusrhythmus linkstyp intraventr. leitungsstoerung lange r- progression st- hebung iii, v1 - v3 st- senkung i, avl t- veraenderungen flach v1 ekg pathologisch","{'IVCD': 100.0, '1AVB': 100.0, 'SR': 0.0}",LAD,,,1.0,False,False,True,,,,,,,1,records100/15000/15115_lr,records500/15000/15115_hr,confirmation,0,1
19870,10816.0,65.0,0,,,0.0,0.0,CS100    3,1998-11-06 11:16:02,"ventrikulÄre extrasystole(n) sinusrhythmus lagetyp normal st & t abnorm, wahrscheinlich    anterolaterale ischÄmie oder linksbelastung    inferolaterale ischÄmie oder linksbelastung 4.46                          unbestÄtigter bericht","{'ISCAL': 100.0, 'PVC': 100.0, 'SR': 0.0}",MID,,,,False,True,False,," , I-AVF,  ",,,"VES3,alles",,7,records100/19000/19870_lr,records500/19000/19870_hr,confirmation,0,0
15428,11144.0,81.0,1,,,1.0,2.0,CS-12,1995-12-05 11:42:06,sinusrhythmus linkstyp sonst normales ekg,"{'NORM': 80.0, 'SR': 0.0}",LAD,,,1.0,False,False,True,,,,,,,3,records100/15000/15428_lr,records500/15000/15428_hr,confirmation,0,0
4788,20770.0,62.0,0,,,0.0,0.0,CS100    3,1990-08-15 08:50:10,sinusrhythmus verdacht auf p-sinistrocardiale linkstyp linksschenkelblock linkshypertrophie mÖglich 4.46                          unbestÄtigter bericht,"{'CLBBB': 100.0, 'SR': 0.0}",LAD,,,,False,True,False,,,,,,,1,records100/04000/04788_lr,records500/04000/04788_hr,confirmation,0,1
14081,313.0,68.0,1,168.0,84.0,4.0,1.0,AT-6 C 5.5,1995-04-29 07:48:39,"sinus rhythm. non-specific t wave flattening in i, avl, v5,6.","{'NDT': 100.0, 'NT_': 0.0, 'SR': 0.0}",,,,0.0,False,False,True,,,,,,,2,records100/14000/14081_lr,records500/14000/14081_hr,confirmation,0,0
21821,8382.0,53.0,1,,,1.0,2.0,AT-60    3,2001-03-05 12:31:07,sinusrhythmus linkstyp unvollstÄndiger rechtsschenkelblock sonst normales ekg 4.46                          unbestÄtigter bericht,"{'NORM': 80.0, 'IRBBB': 100.0, 'SR': 0.0}",LAD,,,1.0,False,True,True,,,,,,,6,records100/21000/21821_lr,records500/21000/21821_hr,confirmation,0,1
1776,13807.0,23.0,0,,79.0,2.0,0.0,CS-12   E,1988-06-26 09:57:14,sinus arrhythmie linkstyp unspezifische intraventrikulÄre leitungsstÖrung,"{'NORM': 100.0, 'SARRH': 0.0}",LAD,,,,False,False,True,,,,,,,3,records100/01000/01776_lr,records500/01000/01776_hr,confirmation,0,0
13253,12090.0,60.0,0,,,0.0,0.0,CS100    3,1994-10-27 07:23:16,vorhofflimmern/-flattern ueberdrehter linkstyp rechtsschenkelblock qrs(t) abnorm    anteroseptaler infarkt     alter unbest. 4.46                          unbestÄtigter bericht,"{'ASMI': 100.0, 'LAFB': 100.0, 'ISCAL': 100.0, 'ABQRS': 0.0, 'AFIB': 0.0}",ALAD,unknown,,,False,True,False,,,,,,,7,records100/13000/13253_lr,records500/13000/13253_hr,confirmation,1,1
2988,3489.0,83.0,1,159.0,73.0,7.0,1.0,AT-6     6,1989-06-27 16:53:21,"sinus rhythm. prolonged pr interval. left bundle branch block, this is most commonly due to    ischaemic heart disease.","{'CLBBB': 100.0, '1AVB': 100.0, 'LPR': 0.0, 'SR': 0.0}",,,,0.0,False,False,True,,,,,,,2,records100/02000/02988_lr,records500/02000/02988_hr,confirmation,0,1
18980,18340.0,68.0,1,,,0.0,0.0,CS100    3,1997-12-14 07:52:23,"ventrikulÄre extrasystole(n) tachykardes vorhofflimmern linkstyp st & t abnorm, wahrscheinlich    anterolaterale ischÄmie oder linksbelastung    inferolaterale ischÄmie oder linksbelastung 4.46                          unbestÄtigter bericht","{'LVH': 100.0, 'ISC_': 100.0, 'PVC': 100.0, 'AFIB': 0.0}",LAD,,,,False,True,False,,,,,"VES1,alles",,5,records100/18000/18980_lr,records500/18000/18980_hr,confirmation,0,0
16485,10182.0,42.0,1,,75.0,0.0,0.0,CS-12   E,1996-07-24 02:09:24,sinusrhythmus lagetyp normal normales ekg,"{'NORM': 100.0, 'SR': 0.0}",MID,,,,False,False,True,," , I-AVF,  ",,,,,8,records100/16000/16485_lr,records500/16000/16485_hr,confirmation,0,0
17377,16268.0,43.0,1,,,0.0,0.0,CS100    3,1996-12-20 06:30:21,sinusrhythmus lagetyp normal normales ekg 4.46                          unbestÄtigter bericht,"{'NORM': 100.0, 'SR': 0.0}",MID,,,,False,True,False,," , I-AVR,  ",,,,,6,records100/17000/17377_lr,records500/17000/17377_hr,confirmation,0,0
14065,655.0,13.0,0,153.0,50.0,8.0,1.0,AT-6 C 5.5,1995-04-27 14:24:05,sinus arrhythmia. incomplete right bundle branch block. otherwise normal ecg.,"{'NORM': 80.0, 'IRBBB': 100.0, 'SARRH': 0.0}",,,,0.0,False,False,True,,,,,,,2,records100/14000/14065_lr,records500/14000/14065_hr,confirmation,0,1
16313,2086.0,84.0,1,168.0,50.0,10.0,1.0,AT-6     6,1996-07-07 07:32:59,premature atrial contraction(s). premature ventricular contraction(s). sinus rhythm. right bundle branch block.,"{'CRBBB': 100.0, 'LPFB': 100.0, 'PAC': 0.0, 'SR': 0.0}",,,,0.0,False,False,True,,,,,,,2,records100/16000/16313_lr,records500/16000/16313_hr,confirmation,0,1
5358,12653.0,84.0,0,,,1.0,2.0,CS-12,1990-11-14 10:35:52,tachykardes vorhofflimmern schwierig bestimmbare qrs-achse periphere niederspannung unvollstÄndiger rechtsschenkelblock,"{'IRBBB': 100.0, 'PVC': 100.0, 'AFIB': 0.0}",,,,1.0,False,False,True,,,,,,,4,records100/05000/05358_lr,records500/05000/05358_hr,confirmation,0,1
16501,518.0,67.0,1,163.0,70.0,5.0,1.0,AT-6 C 5.5,1996-07-26 11:56:08,trace only requested.,{'CLBBB': 100.0},,,,0.0,False,False,True,,,,,,,2,records100/16000/16501_lr,records500/16000/16501_hr,confirmation,0,1
9281,12229.0,61.0,0,,,1.0,2.0,CS100    3,1992-11-03 14:12:44,sinusrhythmus lagetyp normal unspezifisches abnormes t 4.46                          unbestÄtigter bericht,"{'NDT': 100.0, 'SR': 0.0}",MID,,,1.0,False,True,True,,,,,,,8,records100/09000/09281_lr,records500/09000/09281_hr,confirmation,0,0
2893,15443.0,66.0,1,,,1.0,2.0,CS-12,1989-05-29 15:47:10,sinusrhythmus lagetyp normal qrs(t) abnormal    inferiorer infarkt     wahrscheinlich alt pathologisch,"{'IMI': 35.0, 'ABQRS': 0.0, 'SR': 0.0}",MID,Stadium II-III,,1.0,False,False,True,,,,,,,5,records100/02000/02893_lr,records500/02000/02893_hr,confirmation,1,0
4882,7341.0,54.0,0,173.0,93.0,8.0,1.0,AT-6 C 5.5,1990-09-04 16:18:08,sinus rhythm. left anterior fascicular block. otherwise normal ecg.,"{'LAFB': 80.0, 'SR': 0.0}",,,,7.0,False,False,True,,,,,,,2,records100/04000/04882_lr,records500/04000/04882_hr,confirmation,0,1
11467,21587.0,60.0,0,,,0.0,0.0,CS100    3,1993-12-06 09:39:51,sinusrhythmus lagetyp normal normales ekg 4.46                          unbestÄtigter bericht,"{'NORM': 100.0, 'SR': 0.0}",MID,,,,False,True,False,,,,,,,1,records100/11000/11467_lr,records500/11000/11467_hr,confirmation,0,0
133,13083.0,51.0,0,,74.0,2.0,0.0,CS-12   E,1986-02-20 09:08:00,sinusrhythmus unspezifisches abnormales t,"{'NDT': 100.0, 'SR': 0.0}",,,,,False,False,True,,,"I,III,AVL",,,,4,records100/00000/00133_lr,records500/00000/00133_hr,confirmation,0,0
2026,17118.0,31.0,0,,95.0,0.0,0.0,CS-12   E,1988-07-30 11:23:04,sinusrhythmus lagetyp normal unspezifische intraventrikulÄre leitungsstÖrung,"{'NORM': 100.0, 'SR': 0.0}",MID,,,,False,False,True," , V1",,,,2ES,,6,records100/02000/02026_lr,records500/02000/02026_hr,confirmation,0,0
14452,5342.0,26.0,1,169.0,51.0,4.0,1.0,AT-6     6,1995-07-14 11:57:43,sinus rhythm. normal ecg.,"{'NORM': 100.0, 'SR': 0.0}",,,,0.0,False,False,True,,,,,,,6,records100/14000/14452_lr,records500/14000/14452_hr,confirmation,0,0
5558,8844.0,61.0,0,,,1.0,2.0,AT-60    3,1990-12-21 12:44:43,sinusrhythmus lagetyp normal normales ekg 4.46                          unbestÄtigter bericht,"{'NORM': 100.0, 'SR': 0.0}",MID,,,1.0,False,True,True,,,,,,,1,records100/05000/05558_lr,records500/05000/05558_hr,confirmation,0,0
1423,18171.0,62.0,0,,100.0,0.0,0.0,CS-12   E,1988-03-04 09:25:27,sinusrhythmus linkstyp sonst normales ekg,"{'NORM': 80.0, 'SR': 0.0}",LAD,,,,False,False,True,,,,,,,1,records100/01000/01423_lr,records500/01000/01423_hr,confirmation,0,0
21411,20256.0,84.0,0,,,0.0,0.0,CS100    3,2000-10-02 09:36:16,sinusrhythmus linkstyp sonst normales ekg 4.46                          unbestÄtigter bericht,"{'NORM': 80.0, 'SR': 0.0}",LAD,,,,False,True,False,,,,,,,1,records100/21000/21411_lr,records500/21000/21411_hr,confirmation,0,0
11967,13805.0,33.0,0,,71.0,0.0,0.0,CS-12   E,1994-04-09 11:29:38,sinus arrhythmie verdacht auf p-sinistrocardiale unspezifische intraventrikulÄre leitungsstÖrung,"{'IRBBB': 100.0, 'SARRH': 0.0}",,,,,False,False,True,,,,,,,7,records100/11000/11967_lr,records500/11000/11967_hr,confirmation,0,1
11517,13691.0,69.0,0,,,0.0,0.0,CS100    3,1993-12-14 12:32:29,sinusrhythmus linkstyp t abnorm in anterolateralen ableitungen 4.46                          unbestÄtigter bericht,"{'LVH': 100.0, 'ISC_': 100.0, 'SR': 0.0}",LAD,,,,False,True,False,,,,,,,5,records100/11000/11517_lr,records500/11000/11517_hr,confirmation,0,0
10524,18120.0,83.0,0,,,0.0,0.0,CS100    3,1993-07-14 13:33:18,"sinusrhythmus lagetyp normal normales ekg 4.46                          unbestÄtigter bericht Edit: NORM 100, (NORM 100)","{'NORM': 100.0, 'SR': 0.0}",MID,,,,True,True,True,,,,,,,2,records100/10000/10524_lr,records500/10000/10524_hr,confirmation,0,0
14940,6235.0,78.0,1,163.0,70.0,9.0,1.0,AT-6 C 5.5,1995-09-09 09:03:51,sinus rhythm. no definite pathology.,"{'NORM': 50.0, 'SR': 0.0}",,,,0.0,False,False,True,,,,,,,1,records100/14000/14940_lr,records500/14000/14940_hr,confirmation,0,0
8647,16093.0,76.0,0,,,0.0,0.0,CS100    3,1992-07-31 07:25:50,sinusrhythmus lagetyp normal periphere niederspannung 4.46                          unbestÄtigter bericht,"{'NORM': 50.0, 'SR': 0.0}",MID,,,,False,True,False,,,,,,,7,records100/08000/08647_lr,records500/08000/08647_hr,confirmation,0,0
2815,3919.0,85.0,1,150.0,58.0,4.0,1.0,AT-6     6,1989-05-04 11:56:04,"sinus tachycardia. left axis deviation. st segments are elevated and t waves inverted in  v1,2,3,4. consistent with anteroseptal myocardial infarction which appears recent.","{'ASMI': 100.0, 'IMI': 100.0, 'STACH': 0.0}",LAD,Stadium II,,0.0,False,False,True,,,,,,,7,records100/02000/02815_lr,records500/02000/02815_hr,confirmation,1,0
13600,15772.0,33.0,1,,,0.0,0.0,CS100    3,1995-01-15 07:33:55,sinusrhythmus lagetyp normal normales ekg 4.46                          unbestÄtigter bericht,"{'NORM': 100.0, 'SR': 0.0}",MID,,,,False,True,False,," , I-AVR,  ",,,,,8,records100/13000/13600_lr,records500/13000/13600_hr,confirmation,0,0
3561,8882.0,76.0,0,,,1.0,2.0,CS-12,1989-10-20 11:51:25,sinusrhythmus lagetyp normal normales ekg,"{'NORM': 100.0, 'SR': 0.0}",MID,,,1.0,False,False,True,,,,,,,2,records100/03000/03561_lr,records500/03000/03561_hr,confirmation,0,0
9958,20383.0,58.0,0,,,1.0,2.0,CS-12,1993-03-24 16:36:43,sinusbradykardie lagetyp normal kammerhypertrohpie lvh mÖglich,"{'NORM': 100.0, 'SBRAD': 0.0}",MID,,,1.0,False,False,True,,,,,,,6,records100/09000/09958_lr,records500/09000/09958_hr,confirmation,0,0
18104,8541.0,76.0,1,,,1.0,2.0,AT-60    3,1997-07-12 14:39:18,sinusrhythmus linkstyp sonst normales ekg 4.46                          unbestÄtigter bericht,"{'NORM': 80.0, 'SR': 0.0}",LAD,,,1.0,False,True,True,,,,,,,6,records100/18000/18104_lr,records500/18000/18104_hr,confirmation,0,0
16821,8643.0,65.0,0,,,0.0,0.0,CS100    3,1996-09-10 10:32:55,sinusrhythmus verdacht auf p-sinistrocardiale lagetyp normal 4.46                          unbestÄtigter bericht,"{'NORM': 100.0, 'SR': 0.0}",MID,,,,False,True,False,," , I-AVF,  ",,,,,2,records100/16000/16821_lr,records500/16000/16821_hr,confirmation,0,0
5520,17372.0,68.0,0,,,0.0,0.0,CS100    3,1990-12-13 09:56:27,tachykardes vorhofflimmern lagetyp normal unspezifisches abnormes t 4.46                          unbestÄtigter bericht,"{'NST_': 100.0, 'IVCD': 100.0, '1AVB': 100.0, 'AFIB': 0.0}",MID,,,,False,True,False,,,"V1,V2",,"1,V2",,3,records100/05000/05520_lr,records500/05000/05520_hr,confirmation,0,1
4031,13520.0,38.0,0,,,1.0,2.0,CS-12,1990-04-23 09:14:16,"sinustachykardie lagetyp normal intraventr. leitungsstoerung in avf                     kammerhyperthrophie lvh moeglich                        st- senkung v4, v5, v6 ekg pathologisch","{'LVH': 50.0, 'IVCD': 100.0, 'STD_': 0.0, 'STACH': 0.0}",MID,,,1.0,False,False,True,,,,,,,3,records100/04000/04031_lr,records500/04000/04031_hr,confirmation,0,1
655,4315.0,44.0,0,,,11.0,1.0,AT-6 C 5.5,1987-04-23 17:43:56,trace only requested.,{'NORM': 100.0},,,,0.0,False,False,True,,,,,,,3,records100/00000/00655_lr,records500/00000/00655_hr,confirmation,0,0
20948,8473.0,54.0,0,,,0.0,0.0,CS100    3,1999-12-19 12:06:03,sinusrhythmus p-sinistrocardiale lagetyp normal qrs(t) abnorm    anterolateraler infarkt mÖglich    inferiorer infarkt     wahrscheinlich alt 4.46                          unbestÄtigter bericht,"{'ILMI': 100.0, 'ABQRS': 0.0, 'SR': 0.0}",MID,Stadium II-III,,,False,True,False,,,,,,,8,records100/20000/20948_lr,records500/20000/20948_hr,confirmation,1,0
19610,21615.0,48.0,0,,,1.0,2.0,CS-12,1998-09-07 13:20:04,"ves lown iiib, teilweise bigeminus sinusrhythmus linkstyp st-hebung in v1-2","{'IMI': 15.0, 'PVC': 100.0, 'BIGU': 0.0}",LAD,unknown,,1.0,False,False,True,,,,,5ES,,1,records100/19000/19610_lr,records500/19000/19610_hr,confirmation,1,0
5962,16101.0,41.0,0,,65.0,0.0,0.0,CS-12   E,1991-03-31 09:54:42,sinusrhythmus lagetyp normal normales ekg,"{'NORM': 100.0, 'SR': 0.0}",MID,,,,False,False,True," , alles",,,,,,2,records100/05000/05962_lr,records500/05000/05962_hr,confirmation,0,0
2541,2206.0,76.0,1,163.0,64.0,8.0,1.0,AT-6 C 5.5,1989-02-28 12:21:01,sinus rhythm. left axis deviation. left anterior fascicular block.,"{'LAFB': 100.0, 'SR': 0.0}",LAD,,,0.0,False,False,True,,,,,,,6,records100/02000/02541_lr,records500/02000/02541_hr,confirmation,0,1
16903,4355.0,42.0,1,158.0,68.0,8.0,1.0,AT-6 C 5.5,1996-09-23 11:51:30,sinus tachycardia. no definite pathology.,"{'NORM': 100.0, 'STACH': 0.0}",,,,0.0,False,False,True,,,,,,,8,records100/16000/16903_lr,records500/16000/16903_hr,confirmation,0,0
20258,9216.0,41.0,1,,56.0,0.0,0.0,CS-12   E,1999-03-03 11:58:43,sinusrhythmus lagetyp normal normales ekg,"{'NORM': 100.0, 'SR': 0.0}",MID,,,,False,False,True,,,,,,,5,records100/20000/20258_lr,records500/20000/20258_hr,confirmation,0,0
8802,17995.0,64.0,0,,,0.0,0.0,CS100    3,1992-08-18 07:41:50,ventrikulÄre extrasystole(n) sinus arrhythmie linkstyp qrs(t) abnorm    anteriorer infarkt     alter unbest.    inferiorer infarkt     wahrscheinlich alt 4.46                          unbestÄtigter bericht,"{'IMI': 100.0, 'ASMI': 100.0, 'PVC': 100.0, 'ABQRS': 0.0, 'SARRH': 0.0}",LAD,unknown,,,False,True,False,,,,,"VES2,alles",,2,records100/08000/08802_lr,records500/08000/08802_hr,confirmation,1,0
8514,2758.0,30.0,1,148.0,52.0,7.0,1.0,AT-6     6,1992-07-21 08:10:55,sinus arrhythmia. normal ecg.,"{'NORM': 100.0, 'SARRH': 0.0}",,,,0.0,False,False,True,,,,,,,4,records100/08000/08514_lr,records500/08000/08514_hr,confirmation,0,0
2356,10385.0,42.0,1,,,1.0,2.0,CS-12,1988-11-22 17:44:18,"sinusrhythmus llt flache t inii,avf,v5 neg t in v1-4 wahrscheinlich normales ekg","{'NORM': 50.0, 'SR': 0.0}",LAD,,,1.0,False,False,True,,,,,,,6,records100/02000/02356_lr,records500/02000/02356_hr,confirmation,0,0
18652,6671.0,36.0,0,183.0,73.0,6.0,1.0,AT-6     6,1997-10-01 16:17:55,sinus rhythm. normal ecg.,"{'NORM': 100.0, 'SR': 0.0}",,,,0.0,False,False,True,,,,,,,5,records100/18000/18652_lr,records500/18000/18652_hr,confirmation,0,0
465,8979.0,44.0,1,,,,3.0,AT-6 C,1987-02-23 16:05:23,sinustachykardi ospecifik t-fÖrÄndring,{'NDT': 100.0},,,,,False,False,True," , V6",,,,,,1,records100/00000/00465_lr,records500/00000/00465_hr,confirmation,0,0
14942,15579.0,45.0,0,,,0.0,0.0,CS-12   E,1995-09-09 11:28:01,sinusrhythmus a-v block i p-sinistrocardiale schwierig bestimmbare qrs-achse unspezifisches abnormes t,"{'NDT': 100.0, '1AVB': 100.0, 'SR': 0.0}",,,,,False,False,True,," , I-V2,  ",,,,,1,records100/14000/14942_lr,records500/14000/14942_hr,confirmation,0,1
20749,19560.0,54.0,1,,,0.0,0.0,CS100    3,1999-10-29 09:49:20,ventrikulÄre extrasystole(n) supraventrikulÄre extrasystole(n) sinusrhythmus linkstyp qrs(t) abnorm    anteroseptaler myokardschaden nicht auszuschliessen t abnorm in hochlateralen ableitungen 4.46                          unbestÄtigter bericht,"{'ASMI': 100.0, 'ILBBB': 100.0, 'ABQRS': 0.0, 'SR': 0.0}",LAD,unknown,,,False,True,False,,,,,"VES,SVES",,1,records100/20000/20749_lr,records500/20000/20749_hr,confirmation,1,1
4580,21364.0,70.0,0,,,0.0,0.0,CS100    3,1990-07-25 12:53:50,sinusrhythmus a-v block i ueberdrehter linkstyp linksschenkelblock linkshypertrophie mÖglich 4.46                          unbestÄtigter bericht,"{'CLBBB': 100.0, '1AVB': 100.0, 'SR': 0.0}",ALAD,,,,False,True,False,,,,,,,3,records100/04000/04580_lr,records500/04000/04580_hr,confirmation,0,1
12933,995.0,86.0,0,,,8.0,1.0,AT-6 C 5.5,1994-09-09 14:02:40,trace only requested.,"{'ASMI': 100.0, 'IMI': 80.0}",,unknown,,0.0,False,False,True,,,,,,,1,records100/12000/12933_lr,records500/12000/12933_hr,confirmation,1,0
1047,826.0,64.0,1,158.0,85.0,,13.0,AT-6     6,1987-08-06 11:28:58,"sinus rhythm. q waves in ii, iii, avf are probably normal. no definite pathology.","{'NORM': 80.0, 'QWAVE': 0.0, 'SR': 0.0}",,,,2.0,False,False,True,,,,,,,1,records100/01000/01047_lr,records500/01000/01047_hr,confirmation,0,0
10978,2658.0,66.0,0,168.0,74.0,4.0,1.0,AT-6 C 5.5,1993-09-10 11:11:50,"sinus rhythm. possible left atrial enlargement. left axis deviation. left anterior fascicular block. q waves in v2, a small old anteroseptal infarct cannot  be excluded.","{'AMI': 15.0, 'LAFB': 100.0, 'QWAVE': 0.0, 'SR': 0.0}",LAD,Stadium III,,0.0,False,False,True,,,,,,,1,records100/10000/10978_lr,records500/10000/10978_hr,confirmation,1,1
14645,2984.0,53.0,1,158.0,78.0,,6.0,AT-6 C 5.8,1995-08-03 12:09:29,sinus rhythm. normal ecg.,"{'NORM': 100.0, 'SR': 0.0}",,,,2.0,False,False,True,,,,,,,3,records100/14000/14645_lr,records500/14000/14645_hr,confirmation,0,0
7257,14066.0,54.0,1,,72.0,0.0,0.0,CS-12   E,1991-11-04 10:56:11,sinusrhythmus lagetyp normal unspezifische abnormale st-senkung,"{'NORM': 100.0, 'SR': 0.0}",MID,,,,False,False,True," , V6",,,,,,8,records100/07000/07257_lr,records500/07000/07257_hr,confirmation,0,0
9022,5194.0,80.0,0,180.0,70.0,10.0,1.0,AT-6 C 5.5,1992-09-18 14:12:59,"sinus rhythm. left axis deviation. qs complexes in v2 consistent with old anteroseptal  myocardial infarction. q waves in ii, iii, avf consistent with old inferior  myocardial infarction.","{'IMI': 35.0, 'ASMI': 80.0, 'QWAVE': 0.0, 'SR': 0.0}",LAD,Stadium III,,0.0,False,False,True,,,,,,,1,records100/09000/09022_lr,records500/09000/09022_hr,confirmation,1,0
5696,16439.0,58.0,1,,,0.0,0.0,CS100    3,1991-01-25 09:48:07,sinusrhythmus rechtstyp unvollstÄndiger rechtsschenkelblock unspezifisches abnormes t 4.46                          unbestÄtigter bericht,"{'NDT': 100.0, 'IRBBB': 100.0, 'SR': 0.0}",RAD,,,,False,True,False,,,,,,,2,records100/05000/05696_lr,records500/05000/05696_hr,confirmation,0,1
9484,17480.0,60.0,0,,,0.0,0.0,CS100    3,1992-12-13 09:33:25,sinusrhythmus lagetyp normal qrs(t) abnorm    inferiorer myokardschaden mÖglich 4.46                          unbestÄtigter bericht,"{'IMI': 15.0, 'ABQRS': 0.0, 'SR': 0.0}",MID,unknown,,,False,True,False,,,,,,,1,records100/09000/09484_lr,records500/09000/09484_hr,confirmation,1,0
5250,10386.0,52.0,1,,,1.0,2.0,CS100    3,1990-10-26 16:46:18,sinusrhythmus linkstyp unvollstÄndiger rechtsschenkelblock sonst normales ekg 4.46                          unbestÄtigter bericht,"{'NORM': 80.0, 'IRBBB': 100.0, 'SR': 0.0}",LAD,,,1.0,False,True,True,,,,,,,4,records100/05000/05250_lr,records500/05000/05250_hr,confirmation,0,1
2995,13993.0,29.0,1,,68.0,0.0,0.0,CS-12   E,1989-06-29 08:50:52,sinusrhythmus lagetyp normal periphere niederspannung,"{'NORM': 100.0, 'SR': 0.0}",MID,,,,False,False,True,,,,,,,4,records100/02000/02995_lr,records500/02000/02995_hr,confirmation,0,0
19033,14491.0,47.0,0,,,0.0,0.0,CS100    3,1998-01-01 07:04:59,sinusrhythmus p-sinistrocardiale lagetyp normal 4.46                          unbestÄtigter bericht,"{'NDT': 100.0, 'SR': 0.0}",MID,,,,False,True,False,,,,,,,7,records100/19000/19033_lr,records500/19000/19033_hr,confirmation,0,0
16039,5130.0,77.0,1,150.0,64.0,7.0,1.0,AT-6 C 5.5,1996-04-29 06:30:37,"sinus rhythm. left anterior fascicular block. prolonged qt, this may be due to a drug effect or an    electrolyte disturbance.","{'LAFB': 100.0, 'LNGQT': 100.0, 'RAO/RAE': 100.0, 'SR': 0.0}",,,,0.0,False,False,True,,,,,,,8,records100/16000/16039_lr,records500/16000/16039_hr,confirmation,0,1
5843,12740.0,39.0,1,,85.0,0.0,0.0,CS-12   E,1991-02-27 11:09:19,sinusrhythmus lagetyp normal normales ekg,"{'NORM': 100.0, 'SR': 0.0}",MID,,,,False,False,True,," , I-AVF,  ",,,,,7,records100/05000/05843_lr,records500/05000/05843_hr,confirmation,0,0
11277,9861.0,39.0,1,,55.0,0.0,0.0,CS-12   E,1993-10-29 10:38:18,sinusrhythmus periphere niederspannung,"{'NORM': 50.0, 'SR': 0.0}",,,,,False,False,True,,,,,,,1,records100/11000/11277_lr,records500/11000/11277_hr,confirmation,0,0
13724,4625.0,69.0,1,158.0,,10.0,1.0,AT-6 C 5.5,1995-01-29 11:07:01,"atrial fibrillation. st segments are depressed in i, ii, iii, avf, v3-6. t waves are low in these leads. findings are likely to be due to ischaemic heart  disease and digitalis effect.","{'ISC_': 50.0, 'DIG': 50.0, 'LOWT': 0.0, 'STD_': 0.0, 'AFIB': 0.0}",,,,0.0,False,False,True,,,,,,,1,records100/13000/13724_lr,records500/13000/13724_hr,confirmation,0,0
21119,13592.0,89.0,1,,,1.0,2.0,CS-12,2000-06-17 15:34:53,"tachykardes vorhofflimmern ueberdrehter linkstyp st & t abnormal, wahrscheinlich    anteriore ischÄmie oder linksbelastung t abnormal in lateralen ableitungen","{'INJAL': 100.0, 'PVC': 100.0, 'AFIB': 0.0}",ALAD,unknown,,1.0,False,False,True,,,,,1ES,,6,records100/21000/21119_lr,records500/21000/21119_hr,confirmation,1,0
302,2632.0,40.0,0,183.0,100.0,11.0,1.0,AT-6 C 5.5,1986-09-13 06:31:07,sinus rhythm. normal ecg.,"{'NORM': 100.0, 'SR': 0.0}",,,,0.0,False,False,True,,,,,,,2,records100/00000/00302_lr,records500/00000/00302_hr,confirmation,0,0
19306,15786.0,38.0,1,,,1.0,2.0,AT-60    3,1998-06-12 16:47:36,sinusrhythmus lagetyp normal unspezifische abnorme st-senkung 4.46                          unbestÄtigter bericht,"{'NORM': 100.0, 'SR': 0.0}",MID,,,1.0,False,True,True,,,,,,,6,records100/19000/19306_lr,records500/19000/19306_hr,confirmation,0,0
17380,14769.0,47.0,0,,,1.0,2.0,CS-12,1996-12-20 12:13:44,"sinusrhythmus lagetyp normal t flach in iii,avf normales ekg","{'NORM': 100.0, 'SR': 0.0}",MID,,,1.0,False,False,True,,,,,,,7,records100/17000/17380_lr,records500/17000/17380_hr,confirmation,0,0
1380,2833.0,58.0,0,179.0,87.0,9.0,1.0,AT-6 C 5.5,1988-02-26 07:28:37,premature atrial contraction(s). sinus tachycardia. otherwise normal ecg.,"{'NORM': 80.0, 'IVCD': 100.0, 'PAC': 0.0, 'STACH': 0.0}",,,,0.0,False,False,True,,,,,,,4,records100/01000/01380_lr,records500/01000/01380_hr,confirmation,0,1
6048,321.0,76.0,1,,,8.0,1.0,AT-6 C 5.5,1991-04-22 14:28:13,"atrial fibrillation with rapid ventricular response. qs complexes in v2 and tiny r waves in v3 consistent    with old anteroseptal myocardial infarction. st segments are depressed in i, ii, avl, v4,5,6. t waves are low or flat in these leads. this may be ","{'ASMI': 100.0, 'IMI': 80.0, 'ISCAL': 100.0, 'LOWT': 0.0, 'STD_': 0.0, 'AFIB': 0.0}",,Stadium III,,0.0,False,False,True,,,,,,,3,records100/06000/06048_lr,records500/06000/06048_hr,confirmation,1,0
21266,11068.0,58.0,0,,,0.0,0.0,CS100    3,2000-08-15 11:56:51,ventrikulÄre extrasystole(n) sinusrhythmus extrem ueberdrehter rechtstyp linksanteriorer hemiblock rechtsschenkelblock bifaszikulÄrer block qrs(t) abnorm    lateraler myokardschaden mÖglich 4.46                          unbestÄtigter bericht,"{'CRBBB': 100.0, 'PVC': 100.0, 'ABQRS': 0.0, 'SR': 0.0}",ARAD,,,,False,True,False,,,,,"VES4,alles",,2,records100/21000/21266_lr,records500/21000/21266_hr,confirmation,0,1
19828,16421.0,60.0,1,,,0.0,0.0,CS100    3,1998-10-29 06:25:19,sinusrhythmus lagetyp normal t abnorm in inferioren ableitungen qt-verlÄngerung 4.46                          unbestÄtigter bericht,"{'NDT': 100.0, 'SR': 0.0}",MID,,,,False,True,False,," , I-AVR,  ",,,,,1,records100/19000/19828_lr,records500/19000/19828_hr,confirmation,0,0
18944,16488.0,75.0,1,,,1.0,2.0,CS-12,1997-12-05 18:07:50,sinus arrhythmie ueberdrehter linkstyp linksanteriorer hemiblock t abnormal in hochlateralen ableitungen,"{'LAFB': 100.0, 'SARRH': 0.0}",ALAD,,,1.0,False,False,True,," , I-AVR,  ",,,,,6,records100/18000/18944_lr,records500/18000/18944_hr,confirmation,0,1
4477,2361.0,76.0,0,170.0,67.0,1.0,1.0,AT-6     6,1990-07-15 17:15:14,sinus rhythm. pr interval is at upper limit of normal. r-s transition zone in v leads displaced to the right. no definite pathology.,"{'NORM': 80.0, 'SR': 0.0}",,,,0.0,False,False,True,,,,,,,6,records100/04000/04477_lr,records500/04000/04477_hr,confirmation,0,0
16856,2897.0,59.0,1,165.0,68.0,7.0,1.0,AT-6 C 5.5,1996-09-14 12:01:42,sinus rhythm. normal ecg.,"{'NORM': 100.0, 'SR': 0.0}",,,,0.0,False,False,True,,,,,,,2,records100/16000/16856_lr,records500/16000/16856_hr,confirmation,0,0
7172,16967.0,59.0,0,,,0.0,0.0,CS100    3,1991-10-19 07:05:32,sinusrhythmus p-sinistrocardiale linkstyp unspezifischer intraventrikulÄrer block qrs(t) abnorm    anteroseptaler infarkt     mÖgl. akut 4.46                          unbestÄtigter bericht,"{'ASMI': 100.0, 'ANEUR': 50.0, 'LVH': 100.0, 'ISC_': 100.0, 'LAFB': 100.0, 'ABQRS': 0.0, 'SR': 0.0}",LAD,Stadium I,,,False,True,False,,,,,,,5,records100/07000/07172_lr,records500/07000/07172_hr,confirmation,1,1
7143,19963.0,70.0,0,,,0.0,0.0,CS100    3,1991-10-11 11:00:43,sinusrhythmus a-v block i verdacht auf p-sinistrocardiale ueberdrehter linkstyp linksschenkelblock linkshypertrophie mÖglich 4.46                          unbestÄtigter bericht,"{'CLBBB': 100.0, 'SR': 0.0}",ALAD,,,,False,True,False,,,,,,,2,records100/07000/07143_lr,records500/07000/07143_hr,confirmation,0,1
13944,5903.0,48.0,1,170.0,95.0,11.0,1.0,AT-6 C 5.5,1995-04-08 11:15:41,sinus rhythm. normal ecg.,"{'NORM': 100.0, 'SR': 0.0}",,,,0.0,False,False,True,,,,,,,1,records100/13000/13944_lr,records500/13000/13944_hr,confirmation,0,0
202,16322.0,32.0,0,,73.0,2.0,0.0,CS-12   E,1986-05-01 09:21:21,sinusrhythmus normales ekg,"{'NORM': 100.0, 'SR': 0.0}",,,,,False,False,True,," , I-AVR,  ",,,,,7,records100/00000/00202_lr,records500/00000/00202_hr,confirmation,0,0
6168,3706.0,16.0,0,175.0,66.0,9.0,1.0,AT-6 C 5.5,1991-05-07 16:28:33,sinus rhythm. normal ecg.,"{'NORM': 100.0, 'SR': 0.0}",,,,0.0,False,False,True,,,,,,,6,records100/06000/06168_lr,records500/06000/06168_hr,confirmation,0,0
16959,1156.0,71.0,0,175.0,92.0,7.0,1.0,AT-6     6,1996-09-29 07:45:52,sinus rhythm. right bundle branch block.,"{'CRBBB': 100.0, 'SR': 0.0}",,,,0.0,False,False,True,,,,,,,7,records100/16000/16959_lr,records500/16000/16959_hr,confirmation,0,1
8970,14251.0,26.0,0,,,0.0,0.0,CS100    3,1992-09-12 09:47:16,schrittmacher ekg 4.46                          unbestÄtigter bericht,{'PACE': 100.0},,,,,False,True,False,,,,,,"ja, pacemaker",1,records100/08000/08970_lr,records500/08000/08970_hr,confirmation,0,0
21067,12820.0,84.0,1,,,1.0,2.0,AT-60    3,2000-01-29 18:10:24,sinusrhythmus verdacht auf p-sinistrocardiale lagetyp normal linkshypertrophie mÖglich 4.46                          unbestÄtigter bericht,"{'AMI': 15.0, 'LVH': 50.0, 'SR': 0.0}",MID,unknown,,1.0,False,True,True,," , alles,  ",,,,,6,records100/21000/21067_lr,records500/21000/21067_hr,confirmation,1,0
13144,13810.0,44.0,0,,,0.0,0.0,CS100    3,1994-10-06 13:18:57,sinusrhythmus ueberdrehter linkstyp qrs(t) abnorm    anteroseptaler infarkt     alter unbest.    inferiorer infarkt     wahrscheinlich alt 4.46                          unbestÄtigter bericht,"{'IMI': 100.0, 'ASMI': 100.0, 'ABQRS': 0.0, 'SR': 0.0}",ALAD,unknown,,,False,True,False,,,,,,,6,records100/13000/13144_lr,records500/13000/13144_hr,confirmation,1,0
12397,4476.0,80.0,0,165.0,51.0,9.0,1.0,AT-6 C 5.5,1994-07-08 12:51:07,"sinus rhythm. normal ecg. Edit: NORM 100, starkes Muskelzittern, schwache R-Progression V1-3, ","{'NORM': 100.0, 'SR': 0.0}",,,,0.0,True,False,True,," , stark,  ",,,,,5,records100/12000/12397_lr,records500/12000/12397_hr,confirmation,0,0
19085,10257.0,68.0,0,,,0.0,0.0,CS100    3,1998-01-11 11:54:12,sinusrhythmus a-v block i linkstyp qrs(t) abnorm    inferiorer infarkt     wahrscheinlich alt 4.46                          unbestÄtigter bericht,"{'IMI': 100.0, '1AVB': 100.0, 'ABQRS': 0.0, 'SR': 0.0}",LAD,Stadium II-III,,,False,True,False,," , I-AVF,  ",,,,,4,records100/19000/19085_lr,records500/19000/19085_hr,confirmation,1,1
17899,15731.0,26.0,0,,,1.0,2.0,CS-12,1997-05-25 17:12:19,sinusrhythmus a-v block i lagetyp normal,"{'NORM': 80.0, '1AVB': 100.0, 'SR': 0.0}",MID,,,1.0,False,False,True,,,,,,,3,records100/17000/17899_lr,records500/17000/17899_hr,confirmation,0,1
9855,6440.0,30.0,0,193.0,90.0,11.0,1.0,AT-6 C 5.5,1993-02-26 11:51:20,sinus rhythm. normal ecg.,"{'NORM': 100.0, 'SR': 0.0}",,,,0.0,False,False,True,,,,,,,8,records100/09000/09855_lr,records500/09000/09855_hr,confirmation,0,0
2859,6895.0,63.0,1,156.0,38.0,4.0,1.0,AT-6     6,1989-05-09 13:36:56,sinus rhythm. incomplete right bundle branch block. no definite pathology. `,"{'ASMI': 50.0, 'IRBBB': 100.0, 'SR': 0.0}",,unknown,,0.0,False,False,True,,,,,,,2,records100/02000/02859_lr,records500/02000/02859_hr,confirmation,1,1
20770,14901.0,65.0,0,,,1.0,2.0,CS-12,1999-11-01 20:10:31,sinusrhythmus ueberdrehter linkstyp linksanteriorer hemiblock unspezifisches abnormales t,"{'LAFB': 100.0, 'NDT': 100.0, 'SR': 0.0}",ALAD,,,1.0,False,False,True,,,,,,,3,records100/20000/20770_lr,records500/20000/20770_hr,confirmation,0,1
14605,6343.0,87.0,0,,,8.0,1.0,AT-6 C 5.5,1995-07-30 09:57:50,trace only requested.,{'NORM': 100.0},,,,0.0,False,False,True,,,,,,,5,records100/14000/14605_lr,records500/14000/14605_hr,confirmation,0,0
16083,434.0,78.0,1,158.0,57.0,5.0,1.0,AT-6 C 5.8,1996-05-05 14:25:07,sinus rhythm. r-s transition zone in v leads displaced to the right. otherwise normal ecg.,"{'NORM': 80.0, 'SR': 0.0}",,,,0.0,False,False,True,,,,,,,4,records100/16000/16083_lr,records500/16000/16083_hr,confirmation,0,0
19944,9747.0,64.0,1,,,0.0,0.0,CS100    3,1998-11-21 09:06:33,sinusrhythmus lagetyp normal normales ekg 4.46                          unbestÄtigter bericht,"{'NORM': 100.0, 'SR': 0.0}",MID,,,,False,True,False,,,,,,,2,records100/19000/19944_lr,records500/19000/19944_hr,confirmation,0,0
18884,21341.0,66.0,0,,,0.0,0.0,CS100    3,1997-11-20 13:48:38,sinusrhythmus ueberdrehter linkstyp qrs(t) abnorm    lateraler infarkt     alter unbest. t abnorm in inferolateralen ableitungen 4.46                          unbestÄtigter bericht,"{'ALMI': 100.0, 'ABQRS': 0.0, 'SR': 0.0}",ALAD,unknown,,,False,True,False,,,,,,,4,records100/18000/18884_lr,records500/18000/18884_hr,confirmation,1,0
10087,5234.0,42.0,0,175.0,83.0,6.0,1.0,AT-6 C 5.5,1993-04-28 08:21:14,sinus arrhythmia. normal ecg.,"{'NORM': 100.0, 'SARRH': 0.0}",,,,0.0,False,False,True,,,,,,,5,records100/10000/10087_lr,records500/10000/10087_hr,confirmation,0,0
11904,12010.0,61.0,1,,,,3.0,AT-6 C,1994-03-10 10:33:55,"nr: 030315 }lder:  87 }r k|n: l{ngd:        cm vikt:         kg bt:         mmhg med: sinusrytm vÄnster el-axel t-fÖrÄndring, sÅsom vid    inferolateral myokardaffektion","{'ILMI': 100.0, 'SR': 0.0}",,Stadium III,,,False,False,True,," , I,II,AVL,  ",,,,,6,records100/11000/11904_lr,records500/11000/11904_hr,confirmation,1,0
14817,17905.0,55.0,1,,,0.0,0.0,CS100    3,1995-08-24 07:23:47,sinusrhythmus lagetyp normal normales ekg 4.46                          unbestÄtigter bericht,"{'NORM': 100.0, 'SR': 0.0}",MID,,,,False,True,False,,,,,,,5,records100/14000/14817_lr,records500/14000/14817_hr,confirmation,0,0
502,6683.0,78.0,0,171.0,83.0,3.0,1.0,AT-6 C 5.5,1987-03-01 16:32:31,"sinus rhythm. non-specific t wave flattening in i, avl, v5,6.","{'LVH': 50.0, 'NT_': 0.0, 'SR': 0.0}",,,,0.0,False,False,True,,,,,,,5,records100/00000/00502_lr,records500/00000/00502_hr,confirmation,0,0
11365,9015.0,55.0,1,,,0.0,0.0,CS100    3,1993-11-13 12:40:29,"sinusrhythmus lagetyp normal st & t abnorm, wahrscheinlich    anteriore ischÄmie oder linksbelastung 4.46                          unbestÄtigter bericht","{'NDT': 100.0, 'SR': 0.0}",MID,,,,False,True,False,,,,,,,5,records100/11000/11365_lr,records500/11000/11365_hr,confirmation,0,0
6425,8268.0,46.0,1,,57.0,0.0,0.0,CS-12   E,1991-07-08 11:51:54,sinusrhythmus lagetyp normal normales ekg,"{'NORM': 100.0, 'SR': 0.0}",MID,,,,False,False,True,,,,,,,7,records100/06000/06425_lr,records500/06000/06425_hr,confirmation,0,0
19000,16185.0,60.0,1,,,0.0,0.0,CS100    3,1997-12-19 09:14:00,sinusrhythmus lagetyp normal periphere niederspannung qrs(t) abnorm    inferiorer myokardschaden mÖglich 4.46                          unbestÄtigter bericht,"{'IMI': 15.0, 'ABQRS': 0.0, 'SR': 0.0}",MID,unknown,,,False,True,False,,,,,,,4,records100/19000/19000_lr,records500/19000/19000_hr,confirmation,1,0
17104,14923.0,25.0,1,,,0.0,0.0,CS100    3,1996-10-22 12:20:48,sinusrhythmus lagetyp normal normales ekg 4.46                          unbestÄtigter bericht,"{'NORM': 100.0, 'SR': 0.0}",MID,,,,False,True,False,,,,,,,5,records100/17000/17104_lr,records500/17000/17104_hr,confirmation,0,0
8759,6941.0,87.0,1,168.0,69.0,,19.0,AT-6 C 5.8,1992-08-12 12:20:11,sinus rhythm normal ecg.,"{'IMI': 15.0, 'SR': 0.0}",,unknown,,3.0,False,False,True,,,,,,,5,records100/08000/08759_lr,records500/08000/08759_hr,confirmation,1,0
18881,13621.0,62.0,0,,,0.0,0.0,CS100    3,1997-11-19 12:55:27,sinusrhythmus schwierig bestimmbare qrs-achse periphere niederspannung qrs(t) abnorm    anteriorer infarkt     alter unbest.    inferiorer infarkt     wahrscheinlich alt t abnorm in hochlateralen ableitungen 4.46                          unbestÄtigter ber,"{'IMI': 100.0, 'ASMI': 100.0, 'ABQRS': 0.0, 'SR': 0.0}",,unknown,,,False,False,True,,,,,,,5,records100/18000/18881_lr,records500/18000/18881_hr,confirmation,1,0
6444,1643.0,78.0,0,166.0,73.0,4.0,1.0,AT-6 C 5.5,1991-07-10 17:46:17,"sinus rhythm. left bundle branch block, this is most commonly due to    ischaemic heart disease.","{'CLBBB': 100.0, 'SR': 0.0}",,,,0.0,False,False,True,,,,,,,6,records100/06000/06444_lr,records500/06000/06444_hr,confirmation,0,1
17046,18653.0,51.0,1,,,0.0,0.0,CS100    3,1996-10-11 12:18:02,"sinusrhythmus linkstyp mÄssige amplitudenkriterien fÜr linkshypertrophie st & t abnorm, wahrscheinlich    anterolaterale ischÄmie oder linksbelastung 4.46                          unbestÄtigter bericht","{'LVH': 15.0, 'VCLVH': 0.0, 'SR': 0.0}",LAD,,,,False,True,False,,,,,,,2,records100/17000/17046_lr,records500/17000/17046_hr,confirmation,0,0
21027,13740.0,48.0,0,,,0.0,0.0,CS100    3,2000-01-18 11:35:46,sinusrhythmus lagetyp normal unspezifisch abnormes st-t (hebung) sonst normales ekg 4.46                          unbestÄtigter bericht,"{'NORM': 100.0, 'SR': 0.0}",MID,,,,False,True,False,,,,,,,2,records100/21000/21027_lr,records500/21000/21027_hr,confirmation,0,0
17054,20278.0,34.0,1,,,0.0,0.0,CS100    3,1996-10-12 10:17:53,sinusrhythmus schwierig bestimmbare qrs-achse periphere niederspannung 4.46                          unbestÄtigter bericht,"{'ASMI': 15.0, 'LAFB': 50.0, 'SR': 0.0}",,unknown,,,False,True,False,," , alles,  ",,,,,5,records100/17000/17054_lr,records500/17000/17054_hr,confirmation,1,1
17552,11614.0,59.0,1,,,0.0,0.0,CS100    3,1997-01-28 10:16:21,"tachykardes vorhofflimmern lagetyp normal st & t abnorm, wahrscheinlich    anterolaterale ischÄmie oder linksbelastung    inferolaterale ischÄmie oder linksbelastung 4.46                          unbestÄtigter bericht","{'LVH': 50.0, 'ISC_': 100.0, 'PVC': 100.0, 'AFIB': 0.0}",MID,,,,False,True,False,," , I-AVF,  ",,,,,5,records100/17000/17552_lr,records500/17000/17552_hr,confirmation,0,0
17710,15206.0,70.0,1,,,1.0,2.0,CS-12,1997-03-28 09:52:19,sinusrhythmus linkstyp sonst normales ekg,"{'NORM': 80.0, 'SR': 0.0}",LAD,,,1.0,False,False,True,,,,,,,6,records100/17000/17710_lr,records500/17000/17710_hr,confirmation,0,0
877,11920.0,47.0,0,,46.0,0.0,0.0,CS-12   E,1987-07-04 08:53:15,sinusrhythmus ueberdrehter linkstyp t abnorm in hochlateralen ableitungen,"{'LAFB': 100.0, 'SR': 0.0}",ALAD,,,,False,False,True,," , alles,  ",,,,,7,records100/00000/00877_lr,records500/00000/00877_hr,confirmation,0,1
14813,21184.0,52.0,1,,,0.0,0.0,CS100    3,1995-08-23 08:39:18,sinusrhythmus lagetyp normal t abnorm in hochlateralen ableitungen 4.46                          unbestÄtigter bericht,"{'NORM': 100.0, 'SR': 0.0}",MID,,,,False,True,False,,,,,,,5,records100/14000/14813_lr,records500/14000/14813_hr,confirmation,0,0
6636,11268.0,49.0,0,,,1.0,2.0,CS-12,1991-07-28 16:29:00,"sinustachykardie st & t abnormal,  low voltage verzoegerte r-progression v2-4 pathologisch","{'NORM': 100.0, 'LVOLT': 0.0, 'STACH': 0.0}",,,,1.0,False,False,True,,,,,,,7,records100/06000/06636_lr,records500/06000/06636_hr,confirmation,0,0
16060,5059.0,54.0,1,154.0,53.0,4.0,1.0,AT-6 C 5.3,1996-05-03 12:03:01,sinus rhythm. normal ecg.,"{'NORM': 100.0, 'SR': 0.0}",,,,0.0,False,False,True,,,,,,,4,records100/16000/16060_lr,records500/16000/16060_hr,confirmation,0,0
21779,10590.0,54.0,0,,,0.0,0.0,CS100    3,2001-01-29 05:56:40,tachykardes vorhofflimmern lagetyp normal unspezifische abnorme st-senkung unspezifisches abnormes t 4.46                          unbestÄtigter bericht,"{'NST_': 100.0, 'AFIB': 0.0}",MID,,,,False,True,False,,,,,,,5,records100/21000/21779_lr,records500/21000/21779_hr,confirmation,0,0
3422,4237.0,73.0,0,,,11.0,1.0,AT-6 C 5.5,1989-09-11 15:06:24,trace only requested.,{'NDT': 100.0},,,,0.0,False,False,True,,,,,,,6,records100/03000/03422_lr,records500/03000/03422_hr,confirmation,0,0
19484,12756.0,53.0,0,,,0.0,0.0,CS100    3,1998-08-08 07:35:33,sinusrhythmus linkstyp unvollstÄndiger rechtsschenkelblock qrs(t) abnorm    anteriorer infarkt     wahrscheinlich alt    inferiorer infarkt     wahrscheinlich alt 4.46                          unbestÄtigter bericht,"{'ILMI': 100.0, 'ASMI': 100.0, 'ABQRS': 0.0, 'SR': 0.0}",LAD,Stadium II-III,,,False,True,False,," , I-AVR,  ",,,,,7,records100/19000/19484_lr,records500/19000/19484_hr,confirmation,1,0
16841,3688.0,53.0,1,152.0,63.0,5.0,1.0,AT-6 C 5.5,1996-09-11 14:23:21,"sinus rhythm. no definite pathology. Edit: NORM 100, (r)QSIII, unsichere Diagnose","{'NORM': 100.0, 'SR': 0.0}",,,,0.0,True,False,True,,,,,,,3,records100/16000/16841_lr,records500/16000/16841_hr,confirmation,0,0
5561,9031.0,76.0,1,,,1.0,2.0,AT-60    3,1990-12-21 14:12:24,sinusrhythmus linkstyp sonst normales ekg 4.46                          unbestÄtigter bericht,"{'NORM': 80.0, 'SR': 0.0}",LAD,,,1.0,False,True,True,,,,,,,8,records100/05000/05561_lr,records500/05000/05561_hr,confirmation,0,0
96,21698.0,31.0,0,,62.0,2.0,0.0,CS-12   E,1985-12-02 12:13:46,sinusrhythmus unspezifische intraventrikulÄre leitungsstÖrung linkshypertrophie,"{'LVH': 100.0, 'SR': 0.0}",,,,,False,False,True,," , I-AVL,  ",,,1ES,,1,records100/00000/00096_lr,records500/00000/00096_hr,confirmation,0,0
6730,1803.0,48.0,0,178.0,73.0,,15.0,AT-6 C 5.5,1991-08-07 11:48:51,sinus rhythm. normal ecg.,"{'NORM': 100.0, 'SR': 0.0}",,,,2.0,False,False,True,,,,,,,2,records100/06000/06730_lr,records500/06000/06730_hr,confirmation,0,0
14828,18581.0,60.0,1,,,0.0,0.0,CS100    3,1995-08-25 11:40:47,sinusbradykardie lagetyp normal sonst normales ekg 4.46                          unbestÄtigter bericht,"{'NORM': 80.0, 'SBRAD': 0.0}",MID,,,,False,True,False,,,,,,,7,records100/14000/14828_lr,records500/14000/14828_hr,confirmation,0,0
5773,12889.0,20.0,0,,64.0,0.0,0.0,CS-12   E,1991-02-03 08:49:18,sinus arrhythmie p-sinistrocardiale lagetyp normal unvollstÄndiger rechtsschenkelblock,"{'IRBBB': 100.0, 'SARRH': 0.0}",MID,,,,False,False,True,,,,,,,1,records100/05000/05773_lr,records500/05000/05773_hr,confirmation,0,1
14415,19405.0,25.0,1,,58.0,2.0,0.0,CS-12   E,1995-07-10 11:38:39,sinus arrhythmie sonst normales ekg,"{'NORM': 80.0, 'SARRH': 0.0}",,,,,False,False,True,,,,,,,4,records100/14000/14415_lr,records500/14000/14415_hr,confirmation,0,0
745,6612.0,70.0,0,167.0,80.0,10.0,1.0,AT-6     6,1987-05-07 06:32:56,sinus rhythm. prolonged pr interval. possible old inferior infarct.,"{'IMI': 50.0, 'LPR': 0.0, 'SR': 0.0}",,Stadium III,,0.0,False,False,True,,,,,,,2,records100/00000/00745_lr,records500/00000/00745_hr,confirmation,1,0
8831,15789.0,52.0,1,,50.0,0.0,0.0,CS-12   E,1992-08-26 07:03:33,sinus arrhythmie lagetyp normal sonst normales ekg,"{'NORM': 80.0, 'SARRH': 0.0}",MID,,,,False,False,True,,,,,,,3,records100/08000/08831_lr,records500/08000/08831_hr,confirmation,0,0
793,18105.0,26.0,1,,79.0,0.0,0.0,CS-12   E,1987-05-30 09:21:05,sinusrhythmus normales ekg,"{'NORM': 100.0, 'SR': 0.0}",,,,,False,False,True,,,,,,,3,records100/00000/00793_lr,records500/00000/00793_hr,confirmation,0,0
10459,1116.0,68.0,0,,,1.0,1.0,AT-6     6,1993-07-09 18:57:44,trace only requested.,{'NST_': 100.0},,,,0.0,False,False,True,,,,,,,1,records100/10000/10459_lr,records500/10000/10459_hr,confirmation,0,0
1709,8218.0,57.0,0,,,1.0,2.0,CS-12,1988-05-18 16:35:53,sinusrhythmus lagetyp normal kammerhyperthrophie lvh moeglich ekg pathologisch,"{'LVH': 35.0, 'SR': 0.0}",MID,,,1.0,False,False,True,,,,,,,3,records100/01000/01709_lr,records500/01000/01709_hr,confirmation,0,0
1849,5079.0,57.0,1,151.0,52.0,11.0,1.0,AT-6     6,1988-07-04 14:43:55,"sinus rhythm. q waves in ii, iii, avf suggesting old inferior    infarct. non-specific t wave flattening in v6.","{'IMI': 50.0, 'NT_': 0.0, 'QWAVE': 0.0, 'SR': 0.0}",,Stadium III,,0.0,False,False,True,,,,,,,4,records100/01000/01849_lr,records500/01000/01849_hr,confirmation,1,0
1693,4094.0,78.0,0,160.0,57.0,11.0,1.0,AT-6     6,1988-05-12 13:09:11,"sinus rhythm. prolonged pr interval. low limb lead voltage. there is slight terminal t wave inversion in v2,3 of uncertain significance. suggest repeat if clinically indicated.","{'NORM': 100.0, 'LPR': 0.0, 'LVOLT': 0.0, 'SR': 0.0}",,,,0.0,False,False,True,,,,,,,7,records100/01000/01693_lr,records500/01000/01693_hr,confirmation,0,0
2068,3793.0,64.0,1,165.0,78.0,,4.0,AT-6     6,1988-08-04 13:26:12,sinus rhythm. normal ecg.,"{'NORM': 100.0, 'SR': 0.0}",,,,2.0,False,False,True,,,,,,,6,records100/02000/02068_lr,records500/02000/02068_hr,confirmation,0,0
10163,4033.0,48.0,0,163.0,57.0,10.0,1.0,AT-6     6,1993-05-06 14:47:40,sinus rhythm. normal ecg.,"{'NORM': 100.0, 'SR': 0.0}",,,,0.0,False,False,True,,,,,,,6,records100/10000/10163_lr,records500/10000/10163_hr,confirmation,0,0
18145,20618.0,45.0,1,,,0.0,0.0,CS100    3,1997-07-16 12:55:58,sinusrhythmus lagetyp normal unspezifisches abnormes t qt-verlÄngerung 4.46                          unbestÄtigter bericht,"{'NDT': 100.0, 'SR': 0.0}",MID,,,,False,True,False,,,,,,,6,records100/18000/18145_lr,records500/18000/18145_hr,confirmation,0,0
2686,4138.0,69.0,0,171.0,95.0,1.0,1.0,AT-6     6,1989-04-14 08:37:31,sinus rhythm. normal ecg.,"{'NORM': 100.0, 'SR': 0.0}",,,,0.0,False,False,True,,,,,,,2,records100/02000/02686_lr,records500/02000/02686_hr,confirmation,0,0
7659,3472.0,59.0,1,163.0,80.0,7.0,1.0,AT-6 C 5.5,1992-01-24 11:26:12,sinus rhythm. normal ecg.,"{'NORM': 100.0, 'SR': 0.0}",,,,0.0,False,False,True,,,,,,,2,records100/07000/07659_lr,records500/07000/07659_hr,confirmation,0,0
3524,13044.0,83.0,1,,,1.0,2.0,CS-12,1989-10-01 22:04:48,sinusrhythmus p-verbreiterung lagetyp normal,"{'NORM': 100.0, 'SR': 0.0}",MID,,,1.0,False,False,True,,,,,,,3,records100/03000/03524_lr,records500/03000/03524_hr,confirmation,0,0
15534,17742.0,69.0,0,,,1.0,2.0,AT-60    3,1996-01-03 15:58:25,sinusrhythmus lagetyp normal normales ekg 4.46                          unbestÄtigter bericht,"{'NORM': 100.0, 'SR': 0.0}",MID,,,1.0,False,True,True,,,,,,,2,records100/15000/15534_lr,records500/15000/15534_hr,confirmation,0,0
18209,6391.0,62.0,1,,,10.0,1.0,AT-6     6,1997-07-22 14:34:54,"sinus rhythm. q waves in ii, iii, avf consistent with old inferior    myocardial infarction.","{'IMI': 80.0, 'QWAVE': 0.0, 'SR': 0.0}",,Stadium III,,0.0,False,False,True,,,,,,,7,records100/18000/18209_lr,records500/18000/18209_hr,confirmation,1,0
8445,8034.0,57.0,1,,,0.0,0.0,CS100    3,1992-07-14 13:25:26,sinusrhythmus verdacht auf p-sinistrocardiale lagetyp normal qt-verlÄngerung 4.46                          unbestÄtigter bericht,"{'NDT': 100.0, 'SR': 0.0}",MID,,,,False,True,False,,,,,,,6,records100/08000/08445_lr,records500/08000/08445_hr,confirmation,0,0
15174,20942.0,46.0,0,,,0.0,0.0,CS100    3,1995-10-11 13:40:37,sinusrhythmus lagetyp normal mÄssige amplitudenkriterien fÜr linkshypertrophie unspezifisch abnormes st-t (hebung) 4.46                          unbestÄtigter bericht,"{'LVH': 15.0, 'VCLVH': 0.0, 'SR': 0.0}",MID,,,,False,True,False,,,,,,,5,records100/15000/15174_lr,records500/15000/15174_hr,confirmation,0,0
3703,18515.0,73.0,0,,,1.0,2.0,CS-12,1990-01-05 21:01:48,sinusrhythmus ueberdrehter linkstyp unspezifischer intraventrikulÄrer block qrs(t) abnormal    lateraler myokardschaden nicht auszuschliessen,"{'LAFB': 100.0, 'ABQRS': 0.0, 'SR': 0.0}",ALAD,,,1.0,False,False,True,," , I-AVR,  ",,,,,4,records100/03000/03703_lr,records500/03000/03703_hr,confirmation,0,1
7857,14317.0,73.0,1,,,1.0,2.0,CS-12,1992-03-10 13:58:03,sinusbradykardie lagetyp normal vorhofsÜberlastung links,"{'LAO/LAE': 100.0, 'SBRAD': 0.0}",MID,,,1.0,False,False,True,,,,,,,8,records100/07000/07857_lr,records500/07000/07857_hr,confirmation,0,0
5489,17074.0,51.0,0,,,0.0,0.0,CS100    3,1990-12-08 08:56:10,sinusrhythmus lagetyp normal qrs(t) abnorm    inferiorer infarkt     wahrscheinlich alt 4.46                          unbestÄtigter bericht,"{'IMI': 15.0, 'ABQRS': 0.0, 'SR': 0.0}",MID,Stadium II-III,,,False,True,False,,,,,,,5,records100/05000/05489_lr,records500/05000/05489_hr,confirmation,1,0
3837,7247.0,74.0,0,160.0,57.0,8.0,1.0,AT-6 C 5.5,1990-02-28 07:21:32,sinus rhythm. left axis deviation. voltages are high in chest leads suggesting lvh. otherwise no definite pathology.,"{'LVH': 50.0, 'LAFB': 100.0, 'VCLVH': 0.0, 'SR': 0.0}",LAD,,,0.0,False,False,True,,,,,,,8,records100/03000/03837_lr,records500/03000/03837_hr,confirmation,0,1
19279,8051.0,71.0,1,,,1.0,2.0,CS-12,1998-05-30 21:38:51,sinusrhythmus extrem ueberdrehter rechtstyp linksanteriorer hemiblock qrs(t) abnormal    hochlateraler infarkt mÖglich t abnormal in anteroseptalen ableitungen,"{'LMI': 15.0, 'ASMI': 15.0, 'LAFB': 100.0, 'ABQRS': 0.0, 'SR': 0.0}",ARAD,unknown,,1.0,False,False,True,," , I-V1, noisy recording,",,,,,6,records100/19000/19279_lr,records500/19000/19279_hr,confirmation,1,1
8429,12558.0,62.0,0,,,0.0,0.0,CS100    3,1992-07-13 06:16:56,sinusrhythmus linkstyp qrs(t) abnorm    inferiorer infarkt mÖglich 4.46                          unbestÄtigter bericht,"{'IMI': 50.0, 'ABQRS': 0.0, 'SR': 0.0}",LAD,unknown,,,False,True,False,,,,,,,7,records100/08000/08429_lr,records500/08000/08429_hr,confirmation,1,0
2450,7570.0,81.0,1,158.0,56.0,8.0,1.0,AT-6 C 5.5,1989-01-24 15:29:45,"sinus rhythm. voltages are high in limb leads suggesting lvh. q waves in v2 suggesting anteroseptal infarct of  uncertain age. st segments are depressed in i, ii, avl, v4,5,6. t waves are low or flat in these leads. non-specific but consistent with myocar","{'AMI': 80.0, 'LVH': 100.0, 'DIG': 100.0, 'VCLVH': 0.0, 'QWAVE': 0.0, 'LOWT': 0.0, 'SR': 0.0}",,unknown,,0.0,False,False,True,,,,,,,7,records100/02000/02450_lr,records500/02000/02450_hr,confirmation,1,0
5779,19425.0,19.0,1,,57.0,0.0,0.0,CS-12   E,1991-02-04 12:36:03,sinusrhythmus lagetyp normal normales ekg,"{'NORM': 100.0, 'SR': 0.0}",MID,,,,False,False,True,,,,,,,8,records100/05000/05779_lr,records500/05000/05779_hr,confirmation,0,0
3964,5180.0,80.0,1,152.0,56.0,9.0,1.0,AT-6 C 5.5,1990-04-10 17:09:47,sinus rhythm. normal ecg.,"{'NORM': 100.0, 'SR': 0.0}",,,,0.0,False,False,True,,,,,,,6,records100/03000/03964_lr,records500/03000/03964_hr,confirmation,0,0
12488,7603.0,43.0,1,166.0,95.0,10.0,1.0,AT-6 C 5.5,1994-07-17 15:42:00,"sinus rhythm. incomplete right bundle branch block. q waves in ii, iii, avf consistent with old inferior    myocardial infarction.","{'IMI': 80.0, 'IRBBB': 100.0, 'QWAVE': 0.0, 'SR': 0.0}",,Stadium III,,0.0,False,False,True,,,,,,,6,records100/12000/12488_lr,records500/12000/12488_hr,confirmation,1,1
21107,10609.0,72.0,1,,,1.0,2.0,AT-60    3,2000-05-21 15:34:51,"sinus arrhythmie verdacht auf p-sinistrocardiale lagetyp normal qrs(t) abnorm    anteroseptaler infarkt     wahrscheinlich alt st & t abnorm, wahrscheinlich    hochlaterale ischÄmie oder linksbelastung 4.46                          unbestÄtigter bericht","{'ASMI': 15.0, 'IMI': 15.0, 'ABQRS': 0.0, 'SARRH': 0.0}",MID,Stadium II-III,,1.0,False,True,True,,,,,,,6,records100/21000/21107_lr,records500/21000/21107_hr,confirmation,1,0
19010,12311.0,68.0,0,,,0.0,0.0,CS100    3,1997-12-21 07:48:55,ventrikulÄre extrasystole(n) sinus arrhythmie lagetyp normal t abnorm in inferioren ableitungen qt-verlÄngerung 4.46                          unbestÄtigter bericht,"{'ISCIL': 100.0, 'PVC': 100.0, '1AVB': 100.0}",MID,,,,False,True,False,,,,,"VES4,alles",,8,records100/19000/19010_lr,records500/19000/19010_hr,confirmation,0,1
19601,13623.0,64.0,0,,,0.0,0.0,CS100    3,1998-09-06 08:52:42,sinusrhythmus lagetyp normal normales ekg 4.46                          unbestÄtigter bericht,"{'NORM': 100.0, 'SR': 0.0}",MID,,,,False,True,False,," , I-AVF,  ",,,,,7,records100/19000/19601_lr,records500/19000/19601_hr,confirmation,0,0
20271,20340.0,58.0,1,,,1.0,2.0,AT-60    3,1999-05-09 15:02:40,sinusrhythmus lagetyp normal periphere niederspannung 4.46                          unbestÄtigter bericht,"{'NORM': 50.0, 'SR': 0.0}",MID,,,1.0,False,True,True,,,,,,,3,records100/20000/20271_lr,records500/20000/20271_hr,confirmation,0,0
14454,15757.0,61.0,0,,,0.0,0.0,CS100    3,1995-07-14 12:43:32,sinusrhythmus verdacht auf p-sinistrocardiale lagetyp normal mÄssige amplitudenkriterien fÜr linkshypertrophie 4.46                          unbestÄtigter bericht,"{'LVH': 100.0, 'VCLVH': 0.0, 'SR': 0.0}",MID,,,,False,True,False,,,,,,,6,records100/14000/14454_lr,records500/14000/14454_hr,confirmation,0,0
3343,15576.0,48.0,1,,62.0,0.0,0.0,CS-12   E,1989-08-14 11:10:29,sinusrhythmus lagetyp normal normales ekg,"{'NORM': 100.0, 'SR': 0.0}",MID,,,,False,False,True,,,,,,,8,records100/03000/03343_lr,records500/03000/03343_hr,confirmation,0,0
17849,2927.0,43.0,0,181.0,92.0,9.0,1.0,AT-6 C 5.5,1997-05-04 15:21:19,"sinus rhythm. non-specific intraventricular delay. voltages are high in limb leads suggesting lvh. st segments are depressed in i, avl. t waves are flat in i and inverted in avl. this may be due to lv strain or ischaemia.","{'RVH': 15.0, 'LVH': 50.0, 'ISC_': 100.0, 'VCLVH': 0.0, 'STD_': 0.0, 'SR': 0.0}",,,,0.0,False,False,True,,,,,,,1,records100/17000/17849_lr,records500/17000/17849_hr,confirmation,0,0
21715,18365.0,83.0,1,,,1.0,2.0,AT-60    3,2001-01-08 15:29:07,"sinusrhythmus linkstyp mÄssige amplitudenkriterien fÜr linkshypertrophie st & t abnorm, wahrscheinlich    hochlaterale ischÄmie oder linksbelastung 4.46                          unbestÄtigter bericht","{'ISCAL': 50.0, 'VCLVH': 0.0, 'SR': 0.0}",LAD,,,1.0,False,True,True," , V6",,,,,,7,records100/21000/21715_lr,records500/21000/21715_hr,confirmation,0,0
7202,13279.0,44.0,0,,,0.0,0.0,CS100    3,1991-10-24 11:15:46,sinusrhythmus lagetyp normal unspezifischer intraventrikulÄrer block 4.46                          unbestÄtigter bericht,"{'NORM': 100.0, 'SR': 0.0}",MID,,,,False,True,False,,,,,,,1,records100/07000/07202_lr,records500/07000/07202_hr,confirmation,0,0
2313,3062.0,75.0,1,,,7.0,1.0,AT-6 C 5.5,1988-10-03 10:20:12,"trace only requested. Edit: NORM 100, IRBBB, TOR, V6Baselinewanderung","{'NORM': 100.0, 'IRBBB': 100.0}",,,,0.0,True,False,True," , V6",,,,,,5,records100/02000/02313_lr,records500/02000/02313_hr,confirmation,0,1
12819,13593.0,25.0,1,,70.0,0.0,0.0,CS-12   E,1994-08-21 01:36:18,sinusrhythmus lagetyp normal normales ekg,"{'NORM': 100.0, 'SR': 0.0}",MID,,,,False,False,True,,,,,,,4,records100/12000/12819_lr,records500/12000/12819_hr,confirmation,0,0
2148,4926.0,69.0,0,,,,4.0,AT-6     6,1988-08-14 16:01:10,trace only requested.,"{'LVH': 100.0, 'ISC_': 100.0}",,,,2.0,False,False,True,,,,,,,4,records100/02000/02148_lr,records500/02000/02148_hr,confirmation,0,0
9878,10873.0,51.0,1,,78.0,0.0,0.0,CS-12   E,1993-03-03 12:35:37,sinusrhythmus lagetyp normal normales ekg,"{'NORM': 100.0, 'SR': 0.0}",MID,,,,False,False,True,,,,,,,8,records100/09000/09878_lr,records500/09000/09878_hr,confirmation,0,0
17394,9828.0,52.0,1,,,1.0,2.0,CS-12,1996-12-26 18:51:42,sinusrhythmus lagetyp normal unvollstÄndiger rechtsschenkelblock qrs(t) abnormal    hochlateraler infarkt mÖglich,"{'LMI': 15.0, 'ASMI': 50.0, 'IRBBB': 100.0, 'ABQRS': 0.0, 'SR': 0.0}",MID,unknown,,1.0,False,False,True,,,,,,,7,records100/17000/17394_lr,records500/17000/17394_hr,confirmation,1,1
15823,17485.0,31.0,0,,68.0,0.0,0.0,CS-12   E,1996-03-09 09:33:06,sinusrhythmus normales ekg,"{'NORM': 100.0, 'SR': 0.0}",,,,,False,False,True,," , I-AVR,  ",,,,,7,records100/15000/15823_lr,records500/15000/15823_hr,confirmation,0,0
20957,21272.0,64.0,0,,,0.0,0.0,CS100    3,1999-12-28 09:08:28,"sinustachykardie p-sinistrocardiale schwierig bestimmbare qrs-achse qrs(t) abnorm    inferiorer infarkt     wahrscheinlich alt st & t abnorm, wahrscheinlich    anteriore ischÄmie oder linksbelastung t abnorm in lateralen ableitungen 4.46                  ","{'IMI': 100.0, 'ASMI': 50.0, 'CRBBB': 100.0, 'LAO/LAE': 100.0, '1AVB': 100.0, 'ABQRS': 0.0, 'STACH': 0.0}",,Stadium II-III,,,False,False,True,," , alles,  ",,,,,8,records100/20000/20957_lr,records500/20000/20957_hr,confirmation,1,1
12906,16852.0,54.0,0,,,0.0,0.0,CS100    3,1994-09-06 07:53:46,sinusrhythmus linkstyp t abnorm in inferioren ableitungen 4.46                          unbestÄtigter bericht,"{'IMI': 15.0, 'SR': 0.0}",LAD,unknown,,,False,True,False,," , I-AVR,  ",,,,,3,records100/12000/12906_lr,records500/12000/12906_hr,confirmation,1,0
2950,18622.0,64.0,1,,76.0,2.0,0.0,CS-12   E,1989-06-21 11:33:14,sinusrhythmus normales ekg,"{'NORM': 100.0, 'SR': 0.0}",,,,,False,False,True,,,,,,,8,records100/02000/02950_lr,records500/02000/02950_hr,confirmation,0,0
680,3445.0,73.0,1,160.0,45.0,4.0,1.0,AT-6     6,1987-04-26 20:30:02,sinus rhythm. right bundle branch block.,"{'CRBBB': 100.0, 'LAFB': 100.0, 'SR': 0.0}",,,,0.0,False,False,True,,,,,,,7,records100/00000/00680_lr,records500/00000/00680_hr,confirmation,0,1
4140,5953.0,70.0,1,176.0,70.0,1.0,1.0,AT-6     6,1990-05-07 15:14:30,sinus rhythm. prolonged pr interval. otherwise normal ecg.,"{'IMI': 50.0, 'NDT': 100.0, 'LPR': 0.0, 'SR': 0.0}",,unknown,,0.0,False,False,True,,,,,,,2,records100/04000/04140_lr,records500/04000/04140_hr,confirmation,1,0
3554,10145.0,82.0,0,,,1.0,2.0,CS-12,1989-10-14 19:07:24,"sinusrhythmus lagetyp normal t- veraenderungen hoch v2, v3 ekg normal","{'NORM': 100.0, 'SR': 0.0}",MID,,,1.0,False,False,True,," , I -AVF,  ",,,,,5,records100/03000/03554_lr,records500/03000/03554_hr,confirmation,0,0
13537,17857.0,66.0,0,,,0.0,0.0,CS100    3,1995-01-05 07:40:19,sinusrhythmus lagetyp normal normales ekg 4.46                          unbestÄtigter bericht,"{'NORM': 100.0, 'SR': 0.0}",MID,,,,False,True,False,,,,,,,8,records100/13000/13537_lr,records500/13000/13537_hr,confirmation,0,0
10032,1260.0,80.0,1,155.0,63.0,5.0,1.0,AT-6 C 5.5,1993-04-16 09:32:36,"sinus tachycardia. left axis deviation. minor non-specific st segment depression in avl, v5,6.","{'LAFB': 100.0, 'STD_': 0.0, 'STACH': 0.0}",LAD,,,0.0,False,False,True,,,,,,,3,records100/10000/10032_lr,records500/10000/10032_hr,confirmation,0,1
939,5257.0,82.0,1,158.0,57.0,4.0,1.0,AT-6 C 5.5,1987-07-17 16:59:47,"atrial fibrillation. left axis deviation. st segments are depressed in i, ii, avl, v4,5,6. this may be due to lv strain or ischaemia and digitalis effect.","{'NDT': 100.0, 'DIG': 100.0, 'STD_': 0.0, 'AFIB': 0.0}",LAD,,,0.0,False,False,True,," , leicht,  ",,,,,5,records100/00000/00939_lr,records500/00000/00939_hr,confirmation,0,0
6408,13892.0,60.0,1,,,1.0,2.0,CS-12,1991-07-06 18:04:00,sinusrhythmus linkstyp sonst normales ekg,"{'NORM': 80.0, 'SR': 0.0}",LAD,,,1.0,False,False,True," , V4",,,,,,3,records100/06000/06408_lr,records500/06000/06408_hr,confirmation,0,0
13726,20501.0,68.0,0,,,0.0,0.0,CS100    3,1995-01-30 08:26:40,"vorhofflimmern/-flattern lagetyp normal st & t abnorm, wahrscheinlich    anteriore ischÄmie oder linksbelastung    laterale ischÄmie oder linksbelastung    inferolaterale ischÄmie oder linksbelastung 4.46                          unbestÄtigter bericht","{'INJAL': 100.0, 'INJAS': 100.0, 'INJIN': 100.0, 'AFIB': 0.0}",MID,unknown,,,False,True,False,,,,,,,1,records100/13000/13726_lr,records500/13000/13726_hr,confirmation,1,0
3834,5160.0,65.0,0,170.0,75.0,6.0,1.0,AT-6 C 5.5,1990-02-27 21:54:05,trace only requested.,{'IMI': 15.0},,unknown,,0.0,False,False,True,,,,,,,4,records100/03000/03834_lr,records500/03000/03834_hr,confirmation,1,0
20471,11505.0,39.0,0,,,0.0,0.0,CS100    3,1999-08-15 08:06:29,sinustachykardie a-v block i lagetyp normal linkshypertrophie 4.46                          unbestÄtigter bericht,"{'LVH': 100.0, 'ISC_': 100.0, 'STACH': 0.0}",MID,,,,False,True,False,,,,,,,2,records100/20000/20471_lr,records500/20000/20471_hr,confirmation,0,0
8179,10326.0,59.0,0,,,1.0,2.0,CS-12,1992-06-01 12:50:23,sinusrhythmus llt neg t in iii (konkordant) normales ekg,"{'NORM': 100.0, 'SR': 0.0}",LAD,,,1.0,False,False,True,,,,,,,3,records100/08000/08179_lr,records500/08000/08179_hr,confirmation,0,0
11938,6100.0,77.0,1,172.0,75.0,5.0,1.0,AT-6 C 5.6,1994-03-22 17:20:44,atrial fibrillation. incomplete right bundle branch block. minor non-specific st-t wave changes.,"{'NORM': 50.0, 'IRBBB': 100.0, 'NST_': 0.0, 'AFIB': 0.0}",,,,0.0,False,False,True,,,,,,,8,records100/11000/11938_lr,records500/11000/11938_hr,confirmation,0,1
18801,19579.0,48.0,0,,,0.0,0.0,CS100    3,1997-11-01 11:37:27,sinusrhythmus lagetyp normal qrs(t) abnorm    anteriorer infarkt     alter unbest. t abnorm in lateralen ableitungen 4.46                          unbestÄtigter bericht,"{'ASMI': 100.0, 'ABQRS': 0.0, 'SR': 0.0}",MID,unknown,,,False,True,False,,,,,,,2,records100/18000/18801_lr,records500/18000/18801_hr,confirmation,1,0
20154,15936.0,68.0,0,,,0.0,0.0,CS100    3,1999-01-14 11:43:45,"sinusrhythmus p-sinistrocardiale ueberdrehter linkstyp linksanteriorer hemiblock st & t abnorm, wahrscheinlich    anteriore ischÄmie oder linksbelastung    laterale ischÄmie oder linksbelastung 4.46                          unbestÄtigter bericht","{'LMI': 50.0, 'LAFB': 100.0, 'SR': 0.0}",ALAD,unknown,,,False,True,False,,,,,"1,alles",,2,records100/20000/20154_lr,records500/20000/20154_hr,confirmation,1,1
12591,18874.0,73.0,0,,,0.0,0.0,CS100    3,1994-07-28 07:37:01,"sinusrhythmus linkstyp qrs(t) abnorm    anterolateraler infarkt mÖglich    inferiorer infarkt     alter unbest. st & t abnorm, wahrscheinlich    anteriore ischÄmie oder linksbelastung 4.46                          unbestÄtigter bericht","{'ILMI': 100.0, 'ABQRS': 0.0, 'SR': 0.0}",LAD,Stadium III,,,False,True,False,,,,,,,4,records100/12000/12591_lr,records500/12000/12591_hr,confirmation,1,0
11301,9661.0,72.0,0,,,0.0,0.0,CS100    3,1993-11-02 06:43:11,sinusrhythmus verdacht auf p-sinistrocardiale ueberdrehter linkstyp linksanteriorer hemiblock qrs(t) abnorm    inferiorer infarkt     wahrscheinlich alt 4.46                          unbestÄtigter bericht,"{'IMI': 100.0, 'LAFB': 100.0, 'ABQRS': 0.0, 'SR': 0.0}",ALAD,Stadium II-III,,,False,True,False,,,,,,,8,records100/11000/11301_lr,records500/11000/11301_hr,confirmation,1,1
1902,17320.0,79.0,1,,,1.0,2.0,CS-12,1988-07-15 12:38:18,"sinustachykardie ueberdrehter linkstyp linksanteriorer hemiblock qrs(t) abnormal    anteroseptaler infarkt     wahrscheinlich alt st & t abnormal,  pathologisch","{'ASMI': 100.0, 'LAFB': 100.0, 'ISCAN': 100.0, 'ABQRS': 0.0, 'STACH': 0.0}",ALAD,Stadium II-III,,1.0,False,False,True,,,,,,,4,records100/01000/01902_lr,records500/01000/01902_hr,confirmation,1,1
18344,10261.0,75.0,0,,,1.0,2.0,CS-12,1997-08-05 17:51:39,sinusrhythmus a-v block i ueberdrehter linkstyp unvollstÄndiger rechtsschenkelblock qrs(t) abnormal    anterolateraler infarkt     wahrscheinlich alt    inferiorer infarkt     wahrscheinlich alt,"{'ILMI': 100.0, 'IRBBB': 100.0, 'ABQRS': 0.0, 'SR': 0.0}",ALAD,Stadium II-III,,1.0,False,False,True,,,,,,,5,records100/18000/18344_lr,records500/18000/18344_hr,confirmation,1,1
16269,6090.0,66.0,0,170.0,75.0,5.0,1.0,AT-6 C 5.5,1996-07-01 17:16:26,"sinus bradycardia. minimal st segment depression in i, avl, v5,6 of doubtful significance. the cause of the bradycardia is not evident.","{'NORM': 100.0, 'SBRAD': 0.0}",,,,0.0,False,False,True,,,,,,,6,records100/16000/16269_lr,records500/16000/16269_hr,confirmation,0,0
8681,2226.0,75.0,1,165.0,52.0,,8.0,AT-6 C 5.5,1992-08-03 11:52:43,"sinus rhythm. left bundle branch block, this is most commonly due to    ischaemic heart disease.","{'CLBBB': 100.0, 'SR': 0.0}",,,,2.0,False,False,True,"v6,  ",,,,,,7,records100/08000/08681_lr,records500/08000/08681_hr,confirmation,0,1
2242,13091.0,37.0,1,,,1.0,2.0,CS-12,1988-09-14 12:39:19,sinusrhythmus lagetyp normal normales ekg,"{'NORM': 100.0, 'SR': 0.0}",MID,,,1.0,False,False,True,,,,,,,8,records100/02000/02242_lr,records500/02000/02242_hr,confirmation,0,0
20244,11846.0,58.0,1,,,1.0,2.0,AT-60    3,1999-02-11 09:18:46,sinusrhythmus lagetyp normal normales ekg 4.46                          unbestÄtigter bericht,"{'NORM': 100.0, 'SR': 0.0}",MID,,,1.0,False,True,True,," , alles,  ",,,,,5,records100/20000/20244_lr,records500/20000/20244_hr,confirmation,0,0
15006,1098.0,56.0,1,163.0,117.0,8.0,1.0,AT-6 C 5.5,1995-09-15 14:23:46,sinus rhythm. normal ecg.,"{'NORM': 100.0, 'SR': 0.0}",,,,0.0,False,False,True,,,,,,,7,records100/15000/15006_lr,records500/15000/15006_hr,confirmation,0,0
17913,15361.0,66.0,0,,,1.0,2.0,CS-12,1997-06-02 15:28:24,sinusrhythmus linkstyp qrs(t) abnormal    inferiorer infarkt     wahrscheinlich alt,"{'IMI': 100.0, 'ABQRS': 0.0, 'SR': 0.0}",LAD,Stadium II-III,,1.0,False,False,True,,,,,,,8,records100/17000/17913_lr,records500/17000/17913_hr,confirmation,1,0
2031,3972.0,68.0,1,155.0,60.0,5.0,1.0,AT-6     6,1988-07-30 21:44:42,"sinus rhythm. st segments are depressed in i, ii, avl, v3-6. this may be due to lv strain or ischaemia.","{'NDT': 100.0, 'STD_': 0.0, 'SR': 0.0}",,,,0.0,False,False,True,,,,,,,1,records100/02000/02031_lr,records500/02000/02031_hr,confirmation,0,0
16575,7720.0,68.0,0,165.0,70.0,,12.0,AT-6 C 5.8,1996-08-02 17:56:51,sinus rhythm. left axis deviation. left anterior fascicular block.,"{'LAFB': 100.0, 'SR': 0.0}",LAD,,,2.0,False,False,True,,,,,,,4,records100/16000/16575_lr,records500/16000/16575_hr,confirmation,0,1
7899,7484.0,70.0,0,179.0,71.0,1.0,1.0,AT-6 C 5.8,1992-03-22 20:13:40,"sinus rhythm. normal ecg. Edit: NORM 100, (NORM 100)","{'NORM': 100.0, 'SR': 0.0}",,,,0.0,True,False,True,,,,,,,3,records100/07000/07899_lr,records500/07000/07899_hr,confirmation,0,0
13347,21638.0,300.0,1,,,1.0,2.0,CS-12,1994-11-18 15:00:15,"tachykardes vorhofflimmern lagetyp normal qrs(t) abnormal    anteroseptaler infarkt     alter unbest. st & t abnormal, wahrscheinlich    anterolaterale ischÄmie oder linksbelastung t abnormal in anterioren ableitungen    inferolateralen ableitungen","{'AMI': 100.0, 'NDT': 100.0, 'PVC': 100.0, 'ABQRS': 0.0, 'AFIB': 0.0}",MID,unknown,,1.0,False,False,True,," , I-V1,  ",,,1ES,,3,records100/13000/13347_lr,records500/13000/13347_hr,confirmation,1,0
14393,19169.0,52.0,0,,,0.0,0.0,CS100    3,1995-07-07 05:46:08,"sinusrhythmus lagetyp normal st & t abnorm, wahrscheinlich    anterolaterale ischÄmie oder linksbelastung 4.46                          unbestÄtigter bericht","{'NDT': 100.0, 'SR': 0.0}",MID,,,,False,True,False,,,,,,,3,records100/14000/14393_lr,records500/14000/14393_hr,confirmation,0,0
19596,12533.0,45.0,0,,,0.0,0.0,CS100    3,1998-09-05 12:52:38,sinusrhythmus extrem ueberdrehter rechtstyp periphere niederspannung qrs(t) abnorm    anteriorer infarkt     alter unbest.    inferolateraler infarkt     alter unbest. 4.46                          unbestÄtigter bericht,"{'ILMI': 100.0, 'ASMI': 100.0, 'ABQRS': 0.0, 'SR': 0.0}",ARAD,unknown,,,False,True,False,,,,,,,3,records100/19000/19596_lr,records500/19000/19596_hr,confirmation,1,0
17423,10013.0,88.0,1,,,1.0,2.0,CS-12,1997-01-04 09:39:42,"sinusrhythmus Überdrehter linkstyp sichere lvh t neg in v5,v6,avl path. ekg","{'LVH': 100.0, 'ISC_': 100.0, 'SR': 0.0}",LAD,,,1.0,False,False,True," , V3-V6",,,,,,2,records100/17000/17423_lr,records500/17000/17423_hr,confirmation,0,0
12567,17487.0,73.0,1,,,1.0,2.0,CS-12,1994-07-26 11:11:44,sinusrhythmus a-v block i linkstyp path. repolarisation pathologisch,"{'IMI': 15.0, '1AVB': 100.0, 'SR': 0.0}",LAD,unknown,,1.0,False,False,True,,,,,,,8,records100/12000/12567_lr,records500/12000/12567_hr,confirmation,1,1
17465,21344.0,49.0,0,,,0.0,0.0,CS100    3,1997-01-11 09:25:15,sinusrhythmus lagetyp normal qrs(t) abnorm    inferiorer myokardschaden mÖglich 4.46                          unbestÄtigter bericht,"{'NORM': 100.0, 'ABQRS': 0.0, 'SR': 0.0}",MID,,,,False,True,False,,,I-V1,,,,3,records100/17000/17465_lr,records500/17000/17465_hr,confirmation,0,0
2711,812.0,22.0,1,155.0,62.0,3.0,1.0,AT-6 C 5.5,1989-04-17 17:00:32,sinus arrhythmia. normal ecg.,"{'NORM': 100.0, 'SARRH': 0.0}",,,,0.0,False,False,True,,,,,,,3,records100/02000/02711_lr,records500/02000/02711_hr,confirmation,0,0
1974,10576.0,34.0,0,,75.0,0.0,0.0,CS-12   E,1988-07-24 11:31:03,sinusrhythmus normales ekg,"{'NORM': 100.0, 'SR': 0.0}",,,,,False,False,True,," , I-V2,  ",,,,,4,records100/01000/01974_lr,records500/01000/01974_hr,confirmation,0,0
10140,6527.0,87.0,0,175.0,63.0,4.0,1.0,AT-6 C 5.5,1993-05-04 13:36:52,"sinus rhythm. possible left atrial enlargement. voltages are high in chest leads suggesting lvh. st segments are depressed in i, v4,5,6. t waves are flat in limb leads and slightly inverted in v4,5,6. this may be due to lv strain or ischaemia.","{'LVH': 50.0, 'ISC_': 100.0, 'VCLVH': 0.0, 'STD_': 0.0, 'SR': 0.0}",,,,0.0,False,False,True,,,,,,,1,records100/10000/10140_lr,records500/10000/10140_hr,confirmation,0,0
4347,18904.0,48.0,1,,,1.0,2.0,CS-12,1990-07-02 12:58:16,sinusrhythmus lagetyp normal normales ekg,"{'NORM': 100.0, 'SR': 0.0}",MID,,,1.0,False,False,True,,,,,,,3,records100/04000/04347_lr,records500/04000/04347_hr,confirmation,0,0
10187,19338.0,60.0,0,,,1.0,2.0,CS-12,1993-05-10 17:11:06,"sinusrhythmus llt-mlt normales ekg hohes t in v2,3, biphasisch in iii,f grenzbefund","{'NORM': 100.0, 'SR': 0.0}",LAD,,,1.0,False,False,True,,,,,,,1,records100/10000/10187_lr,records500/10000/10187_hr,confirmation,0,0
8417,16742.0,56.0,1,,,0.0,0.0,CS100    3,1992-07-12 10:33:15,supraventrikulÄre arrhythmie lagetyp normal sonst normales ekg 4.46                          unbestÄtigter bericht,"{'NORM': 80.0, 'SVARR': 0.0}",MID,,,,False,True,False,,,,,,,5,records100/08000/08417_lr,records500/08000/08417_hr,confirmation,0,0
14318,18511.0,61.0,0,,,0.0,0.0,CS100    3,1995-06-30 08:11:56,sinusrhythmus linkstyp qrs(t) abnorm    anteroseptaler infarkt     wahrscheinlich alt    inferiorer infarkt     wahrscheinlich alt t abnorm in hochlateralen ableitungen 4.46                          unbestÄtigter bericht,"{'IMI': 100.0, 'ASMI': 100.0, 'ABQRS': 0.0, 'SR': 0.0}",LAD,Stadium II-III,,,False,True,False,,,,,,,5,records100/14000/14318_lr,records500/14000/14318_hr,confirmation,1,0
18707,15582.0,55.0,1,,,0.0,0.0,CS100    3,1997-10-12 13:17:01,sinusrhythmus ueberdrehter linkstyp linksschenkelblock linkshypertrophie mÖglich 4.46                          unbestÄtigter bericht,"{'CLBBB': 100.0, 'SR': 0.0}",ALAD,,,,False,True,False,,,,,,,7,records100/18000/18707_lr,records500/18000/18707_hr,confirmation,0,1
15048,7202.0,61.0,1,170.0,60.0,7.0,1.0,AT-6 C 5.5,1995-09-23 11:32:39,sinus rhythm. voltages in limb leads are at upper limit. normal ecg.,"{'LVH': 50.0, 'HVOLT': 0.0, 'SR': 0.0}",,,,0.0,False,False,True,,,,,,,7,records100/15000/15048_lr,records500/15000/15048_hr,confirmation,0,0
1154,1236.0,67.0,0,175.0,90.0,5.0,1.0,AT-6 C 5.5,1987-09-11 06:55:08,"sinus rhythm. non-specific t wave flattening in v5,6. voltages are high in limb leads suggesting lvh.","{'LVH': 50.0, 'NT_': 0.0, 'VCLVH': 0.0, 'SR': 0.0}",,,,0.0,False,False,True,,,,,,,5,records100/01000/01154_lr,records500/01000/01154_hr,confirmation,0,0
4509,20091.0,57.0,1,,,0.0,0.0,CS100    3,1990-07-20 09:37:50,sinus arrhythmie linkstyp qrs(t) abnorm    anteroseptaler infarkt     wahrscheinlich alt    inferiorer infarkt     wahrscheinlich alt t abnorm in anterolateralen ableitungen 4.46                          unbestÄtigter bericht,"{'IMI': 100.0, 'ASMI': 100.0, 'ISCLA': 100.0, 'ABQRS': 0.0, 'SARRH': 0.0}",LAD,Stadium II-III,,,False,True,False,,,,,,,2,records100/04000/04509_lr,records500/04000/04509_hr,confirmation,1,0
14255,4310.0,57.0,1,152.0,52.0,10.0,1.0,AT-6 C 5.5,1995-06-24 10:59:21,sinus rhythm. normal ecg.,"{'NORM': 100.0, 'SR': 0.0}",,,,0.0,False,False,True,,,,,,,5,records100/14000/14255_lr,records500/14000/14255_hr,confirmation,0,0
12859,20492.0,52.0,1,,,1.0,2.0,CS-12,1994-08-30 14:43:21,sinusrhythmus lagetyp normal unvollstÄndiger linksschenkelblock,"{'NORM': 100.0, 'SR': 0.0}",MID,,,1.0,False,False,True," , V5,V6",,,,,,5,records100/12000/12859_lr,records500/12000/12859_hr,confirmation,0,0
9686,17398.0,76.0,1,,,0.0,0.0,CS100    3,1993-01-23 10:21:29,sinusrhythmus linkstyp unspezifisches abnormes t 4.46                          unbestÄtigter bericht,"{'NDT': 100.0, 'SR': 0.0}",LAD,,,,False,True,False,,,,,,,5,records100/09000/09686_lr,records500/09000/09686_hr,confirmation,0,0
20839,9537.0,74.0,0,,,1.0,2.0,CS-12,1999-11-17 14:29:17,sinusrhythmus lagetyp normal mÄssige amplitudenkriterien f#r linkshypertrophie qrs(t) abnormal    hochlateraler infarkt mÖglich,"{'LVH': 100.0, 'ABQRS': 0.0, 'SR': 0.0}",MID,,,1.0,False,False,True,," , I.II,  ",,,,,2,records100/20000/20839_lr,records500/20000/20839_hr,confirmation,0,0
2946,3128.0,70.0,1,160.0,58.0,1.0,1.0,AT-6 C 5.8,1989-06-20 16:11:27,sinus tachycardia. otherwise normal ecg.,"{'NORM': 80.0, 'STACH': 0.0}",,,,0.0,False,False,True,,,,,,,5,records100/02000/02946_lr,records500/02000/02946_hr,confirmation,0,0
6538,21111.0,80.0,1,,,0.0,0.0,CS100    3,1991-07-21 08:54:47,sinusrhythmus p-sinistrocardiale lagetyp normal unspezifischer intraventrikulÄrer block qrs(t) abnorm    inferiorer infarkt     alter unbest. 4.46                          unbestÄtigter bericht,"{'IMI': 100.0, 'ISCLA': 100.0, 'ABQRS': 0.0, 'SR': 0.0}",MID,unknown,,,False,True,False,,,I-AVR,,,,1,records100/06000/06538_lr,records500/06000/06538_hr,confirmation,1,0
16411,4000.0,66.0,0,163.0,63.0,9.0,1.0,AT-6     6,1996-07-16 19:13:28,sinus rhythm. prolonged pr interval. otherwise normal ecg.,"{'NORM': 80.0, 'LPR': 0.0, 'SR': 0.0}",,,,0.0,False,False,True,,,,,,,5,records100/16000/16411_lr,records500/16000/16411_hr,confirmation,0,0
11209,19364.0,56.0,0,,,0.0,0.0,CS100    3,1993-10-13 11:14:10,supraventrikulÄre extrasystole(n) sinusbradykardie lagetyp normal sonst normales ekg 4.46                          unbestÄtigter bericht,"{'NORM': 50.0, '2AVB': 100.0, 'SBRAD': 0.0}",MID,,,,False,True,False,,,,,SVES,,3,records100/11000/11209_lr,records500/11000/11209_hr,confirmation,0,1
5736,789.0,70.0,0,173.0,67.0,8.0,1.0,AT-6 C 5.5,1991-01-28 13:08:07,sinus rhythm. possible left atrial enlargement. non-specific intraventricular block. non-specific st-t wave changes in inferolateral leads.,"{'ISCIL': 15.0, 'IVCD': 100.0, 'LAO/LAE': 50.0, 'NST_': 0.0, 'SR': 0.0}",,,,0.0,False,False,True,,,,,,,6,records100/05000/05736_lr,records500/05000/05736_hr,confirmation,0,1
9601,20197.0,27.0,1,,,0.0,0.0,CS100    3,1993-01-09 10:57:22,sinusrhythmus lagetyp normal normales ekg 4.46                          unbestÄtigter bericht,"{'NORM': 100.0, 'SR': 0.0}",MID,,,,False,True,False,,,,,,,8,records100/09000/09601_lr,records500/09000/09601_hr,confirmation,0,0
7761,18428.0,42.0,1,,59.0,0.0,0.0,CS-12   E,1992-02-12 09:00:46,sinusrhythmus periphere niederspannung,"{'NORM': 100.0, 'SR': 0.0}",,,,,False,False,True," , V3",,,,,,8,records100/07000/07761_lr,records500/07000/07761_hr,confirmation,0,0
4133,7490.0,62.0,0,160.0,60.0,8.0,1.0,AT-6 C 5.5,1990-05-06 11:18:14,premature ventricular contraction(s). sinus rhythm. incomplete right bundle branch block.,"{'IRBBB': 100.0, 'PVC': 100.0, 'SR': 0.0}",,,,0.0,False,False,True,,,,,1ES,,8,records100/04000/04133_lr,records500/04000/04133_hr,confirmation,0,1
8618,12595.0,51.0,0,,,0.0,0.0,CS100    3,1992-07-28 08:11:28,ventrikulÄre extrasystole(n) sinusrhythmus verdacht auf p-sinistrocardiale ueberdrehter linkstyp linksschenkelblock 4.46                          unbestÄtigter bericht,"{'ASMI': 100.0, 'ILMI': 100.0, 'PVC': 100.0, 'SR': 0.0}",ALAD,unknown,,,False,True,False,,,,,"VES2,alles",,2,records100/08000/08618_lr,records500/08000/08618_hr,confirmation,1,0
19347,12990.0,54.0,0,,,0.0,0.0,CS100    3,1998-07-02 09:47:39,sinusrhythmus linkstyp qrs(t) abnorm    inferiorer infarkt     wahrscheinlich alt 4.46                          unbestÄtigter bericht,"{'IMI': 100.0, 'ABQRS': 0.0, 'SR': 0.0}",LAD,Stadium II-III,,,False,True,False,,,,,,,8,records100/19000/19347_lr,records500/19000/19347_hr,confirmation,1,0
15359,16847.0,22.0,0,,,0.0,0.0,CS100    3,1995-11-21 13:53:12,sinusrhythmus lagetyp normal normales ekg 4.46                          unbestÄtigter bericht,"{'NORM': 100.0, 'SR': 0.0}",MID,,,,False,True,False,,,,,,,2,records100/15000/15359_lr,records500/15000/15359_hr,confirmation,0,0
1232,421.0,82.0,0,153.0,55.0,6.0,1.0,AT-6     6,1987-10-02 17:01:46,"sinus bradycardia. premature atrial contraction(s), bigeminy. prolonged pr interval 0.24 sec. left axis deviation. right bundle branch block.","{'CRBBB': 100.0, '1AVB': 100.0, 'PAC': 0.0, 'LPR': 0.0, 'SBRAD': 0.0, 'BIGU': 0.0}",LAD,,,0.0,False,False,True,,,,,,,8,records100/01000/01232_lr,records500/01000/01232_hr,confirmation,0,1
2758,6997.0,45.0,0,190.0,103.0,7.0,1.0,AT-6 C 5.5,1989-04-26 07:24:07,atrial fibrillation. non specific t abnormality.,"{'NST_': 100.0, 'AFIB': 0.0}",,,,7.0,False,False,True,,,,,,,1,records100/02000/02758_lr,records500/02000/02758_hr,confirmation,0,0
19080,18415.0,37.0,1,,62.0,0.0,0.0,CS-12   E,1998-01-10 13:59:43,sinusrhythmus lagetyp normal normales ekg,"{'NORM': 100.0, 'SR': 0.0}",MID,,,,False,False,True,," , V2,  ",,,,,8,records100/19000/19080_lr,records500/19000/19080_hr,confirmation,0,0
1739,19254.0,53.0,1,,,1.0,2.0,CS-12,1988-06-12 08:28:02,sinusbradykardie ueberdrehter linkstyp st-hebung / t-veraenderungen av-block 1. grades linksanteriorer hemiblock ekg pathologisch,"{'ASMI': 100.0, 'LAFB': 100.0, 'SBRAD': 0.0}",ALAD,unknown,,1.0,False,False,True,,,,,,,7,records100/01000/01739_lr,records500/01000/01739_hr,confirmation,1,1
16961,5807.0,42.0,0,170.0,83.0,9.0,1.0,AT-6     6,1996-09-29 10:00:35,sinus rhythm. normal ecg.,"{'NORM': 100.0, 'SR': 0.0}",,,,0.0,False,False,True,,,,,,,3,records100/16000/16961_lr,records500/16000/16961_hr,confirmation,0,0
15668,849.0,68.0,1,170.0,58.0,11.0,1.0,AT-6 C 5.8,1996-01-25 19:13:32,"sinus rhythm. r-s transition zone in v leads displaced to the right. otherwise normal ecg. Edit: NORM 80, (NORM 50)","{'NORM': 50.0, 'SR': 0.0}",,,,0.0,True,False,True,,,,,,,8,records100/15000/15668_lr,records500/15000/15668_hr,confirmation,0,0
19455,15787.0,45.0,1,,,0.0,0.0,CS100    3,1998-08-01 11:00:21,sinusrhythmus linkstyp qrs(t) abnorm    anterolateraler infarkt     alter unbest.    inferiorer infarkt     alter unbest. 4.46                          unbestÄtigter bericht,"{'ILMI': 100.0, 'ABQRS': 0.0, 'SR': 0.0}",LAD,Stadium II,,,False,True,False,,,,,,,6,records100/19000/19455_lr,records500/19000/19455_hr,confirmation,1,0
12368,19941.0,80.0,1,,,1.0,2.0,CS-12,1994-07-04 16:31:51,"vorhofflimmern/-flattern schwierig bestimmbare qrs-achse r-s #bergang in v ableitungen nach rechts verschoben periphere niederspannung unvollstÄndiger rechtsschenkelblock st & t abnormal, wahrscheinlich    anteroseptale ischÄmie oder linksbelastung","{'ASMI': 15.0, 'IRBBB': 100.0, 'AFIB': 0.0}",,unknown,,1.0,False,False,True," , V6",,,,,,5,records100/12000/12368_lr,records500/12000/12368_hr,confirmation,1,1
16370,5681.0,63.0,1,150.0,63.0,6.0,1.0,AT-6     6,1996-07-13 11:59:57,sinus arrhythmia. otherwise normal ecg.,"{'NORM': 80.0, 'SARRH': 0.0}",,,,0.0,False,False,True,,,,,,,4,records100/16000/16370_lr,records500/16000/16370_hr,confirmation,0,0
15025,8829.0,70.0,1,,,0.0,0.0,CS100    3,1995-09-19 10:38:26,sinusrhythmus verdacht auf p-sinistrocardiale lagetyp normal 4.46                          unbestÄtigter bericht,"{'NORM': 100.0, 'SR': 0.0}",MID,,,,False,True,False,,,,,,,6,records100/15000/15025_lr,records500/15000/15025_hr,confirmation,0,0
4015,562.0,88.0,1,162.0,51.0,6.0,1.0,AT-6 C 5.5,1990-04-20 11:08:16,"premature atrial contraction(s). sinus rhythm. t waves are inverted in ii, iii, avf, v2-6. st segments are depressed in i, avl. findings are likely to be due to ischaemic heart    disease. subendocardial infarction of uncertain age cannot be excluded.","{'IMI': 15.0, 'NDT': 100.0, 'LVH': 50.0, 'PAC': 0.0, 'INVT': 0.0, 'STD_': 0.0, 'SR': 0.0}",,unknown,,0.0,False,False,True,,,,,,,8,records100/04000/04015_lr,records500/04000/04015_hr,confirmation,1,0
9328,15080.0,48.0,1,,,0.0,0.0,CS100    3,1992-11-13 12:44:25,schrittmacher ekg 4.46                          unbestÄtigter bericht,{'PACE': 100.0},,,,,False,True,False,,,,,,"ja, pacemaker",7,records100/09000/09328_lr,records500/09000/09328_hr,confirmation,0,0
2334,11632.0,51.0,1,,,1.0,2.0,CS-12,1988-10-26 14:45:30,"sinusrhythmus lagetyp normal q in ii, iii, avf schlechte r-progression wahrscheinlich normal","{'ASMI': 15.0, 'QWAVE': 0.0, 'SR': 0.0}",MID,unknown,,1.0,False,False,True,,,,,,,8,records100/02000/02334_lr,records500/02000/02334_hr,confirmation,1,0
13758,16152.0,64.0,0,,,0.0,0.0,CS100    3,1995-02-05 09:12:53,supraventrikulÄre arrhythmie a-v block i p-sinistrocardiale lagetyp normal 4.46                          unbestÄtigter bericht,"{'NORM': 100.0, 'SVARR': 0.0}",MID,,,,False,True,False,,,,,,,8,records100/13000/13758_lr,records500/13000/13758_hr,confirmation,0,0
4187,17896.0,66.0,0,,,1.0,2.0,CS-12,1990-05-29 12:50:43,"sinusrhythmus steillagetyp path. repolarisation: st-senkung lll,                       t-veränderungen hoch v2-4 grenzbefund","{'NORM': 100.0, 'SR': 0.0}",,,,1.0,False,False,True,,,,,,,2,records100/04000/04187_lr,records500/04000/04187_hr,confirmation,0,0
19174,16036.0,46.0,1,,,0.0,0.0,CS-12   E,1998-02-03 08:53:23,sinusrhythmus linkstyp r-s Übergang in v ableitungen nach links verschoben sonst normales ekg,"{'NORM': 100.0, 'SR': 0.0}",LAD,,,,False,False,True,,,,,,,6,records100/19000/19174_lr,records500/19000/19174_hr,confirmation,0,0
3202,3796.0,82.0,1,152.0,48.0,7.0,1.0,AT-6 C 5.8,1989-07-25 16:48:45,"premature atrial contraction(s). sinus rhythm. t waves are slightly inverted in i, avl, v3-6. findings are likely to be due to ischaemic heart    disease. the age of the changes is uncertain.","{'ISCAS': 100.0, 'ISCAL': 100.0, 'PAC': 0.0, 'SR': 0.0}",,,,0.0,False,False,True,,,,,,,3,records100/03000/03202_lr,records500/03000/03202_hr,confirmation,0,0
407,7393.0,51.0,0,165.0,57.0,4.0,1.0,AT-6 C 5.5,1987-01-28 09:08:24,sinus rhythm. low limb lead voltage. no definite pathology.,"{'IMI': 15.0, 'LVOLT': 0.0, 'SR': 0.0}",,unknown,,0.0,False,False,True,,,,,,,5,records100/00000/00407_lr,records500/00000/00407_hr,confirmation,1,0
7400,19682.0,75.0,0,,,1.0,2.0,CS-12,1991-11-30 16:38:10,supraventrikulÄre extrasystole(n) sinusbradykardie ueberdrehter linkstyp linksanteriorer hemiblock vollstÄndiger rechtsschenkelblock pathologisches ekg,"{'CRBBB': 100.0, 'LAFB': 100.0, 'SBRAD': 0.0}",ALAD,,,1.0,False,False,True," , V6",,,,SVES,,1,records100/07000/07400_lr,records500/07000/07400_hr,confirmation,0,1
1212,2870.0,57.0,1,163.0,61.0,9.0,1.0,AT-6 C 5.5,1987-09-30 16:30:50,sinus rhythm. normal ecg.,"{'NORM': 100.0, 'SR': 0.0}",,,,0.0,False,False,True,,,,,,,4,records100/01000/01212_lr,records500/01000/01212_hr,confirmation,0,0
20767,21054.0,58.0,0,,,0.0,0.0,CS100    3,1999-11-01 08:04:26,sinusrhythmus lagetyp normal mÄssige amplitudenkriterien fÜr linkshypertrophie 4.46                          unbestÄtigter bericht,"{'NORM': 100.0, 'VCLVH': 0.0, 'SR': 0.0}",MID,,,,False,True,False,,,,,,,5,records100/20000/20767_lr,records500/20000/20767_hr,confirmation,0,0
11767,13139.0,52.0,0,,,0.0,0.0,CS100    3,1994-01-30 12:46:06,sinusrhythmus linkstyp unvollstÄndiger rechtsschenkelblock linkshypertrophie 4.46                          unbestÄtigter bericht,"{'LMI': 15.0, 'INJAS': 100.0, 'SR': 0.0}",LAD,unknown,,,False,True,False,,,,,,,1,records100/11000/11767_lr,records500/11000/11767_hr,confirmation,1,0
3023,2547.0,53.0,1,158.0,77.0,10.0,1.0,AT-6     6,1989-07-02 12:58:28,sinus rhythm. normal ecg.,"{'NORM': 100.0, 'SR': 0.0}",,,,0.0,False,False,True,,,,,1ES,,2,records100/03000/03023_lr,records500/03000/03023_hr,confirmation,0,0
2435,16796.0,37.0,0,,89.0,0.0,0.0,CS-12   E,1989-01-14 10:24:50,sinusrhythmus normales ekg,"{'NORM': 100.0, 'SR': 0.0}",,,,,False,False,True,," , I-AVF,  ",,,,,6,records100/02000/02435_lr,records500/02000/02435_hr,confirmation,0,0
21472,17057.0,68.0,1,,,0.0,0.0,CS100    3,2000-10-21 14:24:22,"tachykardes vorhofflimmern lagetyp normal st & t abnorm, wahrscheinlich    anteriore ischÄmie oder linksbelastung    laterale ischÄmie oder linksbelastung    inferolaterale ischÄmie oder linksbelastung 4.46                          unbestÄtigter bericht","{'ISCAL': 100.0, 'ISCIN': 100.0, 'AFIB': 0.0}",MID,,,,False,True,False,," , I-V2,  ",,,,,7,records100/21000/21472_lr,records500/21000/21472_hr,confirmation,0,0
13689,19693.0,58.0,1,,,0.0,0.0,CS100    3,1995-01-26 11:29:58,"sinusrhythmus lagetyp normal mÄssige amplitudenkriterien fÜr linkshypertrophie st & t abnorm, wahrscheinlich    anterolaterale ischÄmie oder linksbelastung    inferolaterale ischÄmie oder linksbelastung 4.46                          unbestÄtigter bericht","{'LVH': 50.0, 'NST_': 100.0, 'VCLVH': 0.0, 'SR': 0.0}",MID,,,,False,True,False,,,,,,,4,records100/13000/13689_lr,records500/13000/13689_hr,confirmation,0,0
9883,11329.0,36.0,1,,,1.0,2.0,CS-12,1993-03-04 16:24:11,sinusbradyksardie llt st-hebung v2 wahrscheinlich normales ekg,"{'NORM': 50.0, 'STE_': 0.0}",LAD,,,1.0,False,False,True,,,,,,,8,records100/09000/09883_lr,records500/09000/09883_hr,confirmation,0,0
6040,18448.0,51.0,1,,,1.0,2.0,CS-12,1991-04-21 13:35:13,"sinusbradykardie                                        lagetyp normal intraventr. leitungsstoerung iii, l , v3                schlechte r- progression v1 -v3 t- veraenderungen neg. t in v1, hoch in iii","{'NORM': 50.0, 'IVCD': 100.0, 'TAB_': 0.0, 'SBRAD': 0.0}",MID,,,1.0,False,False,True,,,,,,,7,records100/06000/06040_lr,records500/06000/06040_hr,confirmation,0,1
13168,9632.0,59.0,0,,,0.0,0.0,CS100    3,1994-10-11 07:31:03,sinusbradykardie lagetyp normal qrs(t) abnorm    anteroseptaler infarkt     alter unbest. t abnorm in anterioren ableitungen    hochlateralen ableitungen 4.46                          unbestÄtigter bericht,"{'ASMI': 100.0, 'ABQRS': 0.0, 'SBRAD': 0.0}",MID,unknown,,,False,True,False,,,,,,,7,records100/13000/13168_lr,records500/13000/13168_hr,confirmation,1,0
15458,14463.0,45.0,1,,,0.0,0.0,CS100    3,1995-12-12 10:47:04,sinusrhythmus lagetyp normal rechtsschenkelblock 4.46                          unbestÄtigter bericht,"{'IMI': 100.0, 'ISCLA': 100.0, 'SR': 0.0}",MID,unknown,,,False,True,False,,,,,,,6,records100/15000/15458_lr,records500/15000/15458_hr,confirmation,1,0
19114,21561.0,63.0,1,,,0.0,0.0,CS100    3,1998-01-17 12:32:01,sinusrhythmus a-v block i linkstyp 4.46                          unbestÄtigter bericht,"{'1AVB': 100.0, 'SR': 0.0}",LAD,,,,False,True,False,,,,,,,2,records100/19000/19114_lr,records500/19000/19114_hr,confirmation,0,1
8900,4925.0,67.0,0,173.0,68.0,6.0,1.0,AT-6 C 5.5,1992-09-07 11:43:30,sinus rhythm. voltages in limb leads are at upper limit. no definite pathology.,"{'NORM': 100.0, 'HVOLT': 0.0, 'SR': 0.0}",,,,0.0,False,False,True,,,,,,,8,records100/08000/08900_lr,records500/08000/08900_hr,confirmation,0,0
12473,1467.0,62.0,0,,,5.0,1.0,AT-6 C 5.5,1994-07-16 17:02:45,trace only requested.,"{'ISC_': 100.0, 'LVH': 100.0}",,,,0.0,False,False,True,,,,,,,1,records100/12000/12473_lr,records500/12000/12473_hr,confirmation,0,0
7135,18525.0,56.0,0,,,0.0,0.0,CS100    3,1991-10-10 08:44:36,sinusrhythmus ueberdrehter linkstyp qrs(t) abnorm    lateraler infarkt     wahrscheinlich alt 4.46                          unbestÄtigter bericht,"{'ALMI': 100.0, 'ABQRS': 0.0, 'SR': 0.0}",ALAD,Stadium II-III,,,False,True,False,," , I-AVF,  ",,,,,3,records100/07000/07135_lr,records500/07000/07135_hr,confirmation,1,0
9333,9291.0,57.0,0,,,1.0,2.0,AT-60    3,1992-11-14 14:30:44,sinusrhythmus lagetyp normal normales ekg 4.46                          unbestÄtigter bericht,"{'NORM': 100.0, 'SR': 0.0}",MID,,,1.0,False,True,True,,,I-AVR,,,,6,records100/09000/09333_lr,records500/09000/09333_hr,confirmation,0,0
19493,15908.0,79.0,1,,,0.0,0.0,CS100    3,1998-08-09 15:47:58,sinusrhythmus linkstyp mÄssige amplitudenkriterien fÜr linkshypertrophie 4.46                          unbestÄtigter bericht,"{'LVH': 15.0, 'VCLVH': 0.0, 'SR': 0.0}",LAD,,,,False,True,False,,,,,,,1,records100/19000/19493_lr,records500/19000/19493_hr,confirmation,0,0
19055,12312.0,79.0,1,,,1.0,2.0,AT-60    3,1998-01-05 17:29:41,sinusbradykardie linkstyp lagetyp in anbetracht des alters abnorm a-v block i rechtshypertrophie mÖglich 4.46                          unbestÄtigter bericht,"{'IMI': 100.0, 'SBRAD': 0.0}",LAD,unknown,,1.0,False,True,True,," , I-AVR,  ",,,,,4,records100/19000/19055_lr,records500/19000/19055_hr,confirmation,1,0
9594,10724.0,31.0,0,,,0.0,0.0,CS100    3,1993-01-08 08:15:31,sinusrhythmus lagetyp normal unspezifischer intraventrikulÄrer block 4.46                          unbestÄtigter bericht,"{'NORM': 100.0, 'SR': 0.0}",MID,,,,False,True,False,,,,,,,2,records100/09000/09594_lr,records500/09000/09594_hr,confirmation,0,0
2461,2139.0,84.0,0,179.0,73.0,9.0,1.0,AT-6 C 5.5,1989-01-28 10:24:28,"sinus rhythm. no definite pathology. Edit: NORM 100, (NORM 100)","{'NORM': 100.0, 'SR': 0.0}",,,,0.0,True,False,True,,,,,,,1,records100/02000/02461_lr,records500/02000/02461_hr,confirmation,0,0
10118,5326.0,31.0,1,168.0,62.0,9.0,1.0,AT-6 C 5.5,1993-05-01 12:05:15,sinus rhythm. normal ecg.,"{'NORM': 100.0, 'SR': 0.0}",,,,0.0,False,False,True,,,,,,,8,records100/10000/10118_lr,records500/10000/10118_hr,confirmation,0,0
12589,9479.0,62.0,0,,,0.0,0.0,CS100    3,1994-07-28 05:11:07,supraventrikulÄre extrasystole(n) sinusrhythmus lagetyp normal t abnorm in anterioren ableitungen qt-verlÄngerung 4.46                          unbestÄtigter bericht,"{'ASMI': 100.0, 'IMI': 15.0, 'SR': 0.0}",MID,Stadium II,Stadium III,,False,True,False,,,,,SVES,,6,records100/12000/12589_lr,records500/12000/12589_hr,confirmation,1,0
13552,8699.0,83.0,1,,,1.0,2.0,CS-12,1995-01-08 11:56:17,sinusrhythmus ueberdrehter linkstyp rechtsschenkelblock qrs(t) abnormal    anteriorer infarkt     wahrscheinlich alt,"{'ASMI': 100.0, 'IMI': 100.0, 'LAFB': 100.0, 'ABQRS': 0.0, 'SR': 0.0}",ALAD,Stadium II-III,,1.0,False,False,True,," , alles,  ",,,,,2,records100/13000/13552_lr,records500/13000/13552_hr,confirmation,1,1
21015,19591.0,33.0,0,,,0.0,0.0,CS100    3,2000-01-16 11:36:48,sinusrhythmus lagetyp normal normales ekg 4.46                          unbestÄtigter bericht,"{'NORM': 100.0, 'SR': 0.0}",MID,,,,False,True,False,,,,,,,5,records100/21000/21015_lr,records500/21000/21015_hr,confirmation,0,0
4756,7410.0,72.0,1,163.0,58.0,,6.0,AT-6 C 5.8,1990-08-11 12:27:31,sinus rhythm intravenricular conduction delay of left bundle branch block type. left atrial abnormality. cannot rule out antero-septal infarction.,"{'ASMI': 100.0, 'ILBBB': 100.0, 'ISCIL': 100.0, 'SR': 0.0}",,unknown,,3.0,False,False,True,,,,,,,3,records100/04000/04756_lr,records500/04000/04756_hr,confirmation,1,1
14431,7491.0,84.0,1,158.0,57.0,10.0,1.0,AT-6     6,1995-07-12 14:21:43,sinus rhythm. right bundle branch block.,"{'CRBBB': 100.0, 'SR': 0.0}",,,,0.0,False,False,True,,,,,,,8,records100/14000/14431_lr,records500/14000/14431_hr,confirmation,0,1
1296,11441.0,39.0,0,,72.0,0.0,0.0,CS-12   E,1988-01-10 07:55:37,sinusrhythmus lagetyp normal normales ekg,"{'NORM': 100.0, 'SR': 0.0}",MID,,,,False,False,True,,,,,,,4,records100/01000/01296_lr,records500/01000/01296_hr,confirmation,0,0
7142,10407.0,46.0,0,,,1.0,2.0,CS-12,1991-10-11 09:55:47,ventrikulÄre extrasystole(n) sinus arrhythmie lagetyp normal qrs(t) abnormal    inferiorer infarkt     wahrscheinlich alt,"{'IMI': 100.0, 'PVC': 100.0, 'ABQRS': 0.0, 'SARRH': 0.0}",MID,Stadium II-III,,1.0,False,False,True,,,,,2ES,,8,records100/07000/07142_lr,records500/07000/07142_hr,confirmation,1,0
6749,12133.0,20.0,1,,,0.0,0.0,CS-12   E,1991-08-08 14:06:22,sinusrhythmus lagetyp normal normales ekg,"{'NORM': 100.0, 'SR': 0.0}",MID,,,,False,False,True,,,,,,,2,records100/06000/06749_lr,records500/06000/06749_hr,confirmation,0,0
3259,13389.0,71.0,1,,,1.0,2.0,CS-12,1989-08-03 18:27:51,sinusrhythmus linkstyp sonst normales ekg,"{'NORM': 80.0, 'SR': 0.0}",LAD,,,1.0,False,False,True,,,,,,,2,records100/03000/03259_lr,records500/03000/03259_hr,confirmation,0,0
21806,20136.0,85.0,0,,,1.0,2.0,AT-60    3,2001-02-14 15:26:14,sinusrhythmus p-sinistrocardiale lagetyp normal 4.46                          unbestÄtigter bericht,"{'NDT': 100.0, 'SR': 0.0}",MID,,,1.0,False,True,True,,,,,,,5,records100/21000/21806_lr,records500/21000/21806_hr,confirmation,0,0
17582,19292.0,55.0,0,,,0.0,0.0,CS100    3,1997-02-01 06:50:04,sinusrhythmus p-sinistrocardiale lagetyp normal qrs(t) abnorm    anteroseptaler infarkt     alter unbest.    inferiorer infarkt     wahrscheinlich alt t abnorm in anterolateralen ableitungen 4.46                          unbestÄtigter bericht,"{'IMI': 100.0, 'AMI': 100.0, 'LNGQT': 100.0, 'ISCAL': 100.0, 'ABQRS': 0.0, 'SR': 0.0}",MID,unknown,,,False,True,False,," , I,II,AVR,  ",V3,,,,4,records100/17000/17582_lr,records500/17000/17582_hr,confirmation,1,0
4400,21721.0,57.0,0,,,0.0,0.0,CS100    3,1990-07-08 07:15:16,sinusrhythmus linkstyp qrs(t) abnorm    anteroseptaler infarkt     wahrscheinlich alt    inferiorer infarkt     alter unbest. 4.46                          unbestÄtigter bericht,"{'IMI': 80.0, 'ASMI': 100.0, 'ABQRS': 0.0, 'SR': 0.0}",LAD,unknown,,,False,True,False,,,,,,,7,records100/04000/04400_lr,records500/04000/04400_hr,confirmation,1,0
17606,1483.0,63.0,1,135.0,70.0,3.0,1.0,AT-6 C 5.5,1997-02-06 10:07:41,sinus rhythm. normal ecg.,"{'NORM': 100.0, 'SR': 0.0}",,,,6.0,False,False,True,,,,,,,6,records100/17000/17606_lr,records500/17000/17606_hr,confirmation,0,0
13637,17914.0,49.0,1,,81.0,0.0,0.0,CS-12   E,1995-01-19 14:06:46,sinusrhythmus lagetyp normal normales ekg,"{'NORM': 100.0, 'SR': 0.0}",MID,,,,False,False,True,,,,,,,4,records100/13000/13637_lr,records500/13000/13637_hr,confirmation,0,0
12500,8860.0,43.0,0,,,1.0,2.0,CS-12,1994-07-18 11:59:17,sinusrhythmus linkstyp sonst normales ekg,"{'NORM': 80.0, 'SR': 0.0}",LAD,,,1.0,False,False,True,,,,,,,6,records100/12000/12500_lr,records500/12000/12500_hr,confirmation,0,0
14687,5713.0,57.0,0,180.0,70.0,,31.0,AT-6 C 5.5,1995-08-06 08:49:26,sinus rhythm. normal ecg.,"{'NORM': 100.0, 'SR': 0.0}",,,,2.0,False,False,True," , v6",,,,,,4,records100/14000/14687_lr,records500/14000/14687_hr,confirmation,0,0
5404,19663.0,52.0,0,,,0.0,0.0,CS100    3,1990-11-23 13:42:16,sinusbradykardie schwierig bestimmbare qrs-achse linksschenkelblock 4.46                          unbestÄtigter bericht,"{'ASMI': 100.0, 'ILMI': 50.0, 'IVCD': 100.0, 'SBRAD': 0.0}",,unknown,,,False,True,False,,,,,,,2,records100/05000/05404_lr,records500/05000/05404_hr,confirmation,1,1
4313,7789.0,83.0,1,,,7.0,1.0,AT-6 C 5.5,1990-06-30 06:38:15,"premature atrial contraction(s). sinus rhythm. voltages are high in limb leads suggesting lvh. qs complexes in v2,3 consistent with old anteroseptal    myocardial infarction. st segments are depressed in i, ii, avl, v4,5,6. t waves are low in these leads.","{'ASMI': 100.0, 'LVH': 50.0, 'ISC_': 100.0, 'PAC': 0.0, 'VCLVH': 0.0, 'LOWT': 0.0, 'SR': 0.0}",,Stadium III,,0.0,False,False,True,,,,,,,1,records100/04000/04313_lr,records500/04000/04313_hr,confirmation,1,0
10795,11802.0,63.0,0,,,0.0,0.0,CS100    3,1993-08-09 09:39:58,sinusrhythmus lagetyp normal normales ekg 4.46                          unbestÄtigter bericht,"{'NORM': 100.0, 'SR': 0.0}",MID,,,,False,True,False,," , I-AVR,  ",,,,,3,records100/10000/10795_lr,records500/10000/10795_hr,confirmation,0,0
15105,2640.0,61.0,1,152.0,42.0,5.0,1.0,AT-6 C 5.5,1995-09-30 11:34:08,sinus rhythm. normal ecg.,"{'NORM': 100.0, 'SR': 0.0}",,,,0.0,False,False,True,,,,,,,6,records100/15000/15105_lr,records500/15000/15105_hr,confirmation,0,0
2704,1896.0,80.0,1,164.0,49.0,1.0,1.0,AT-6     6,1989-04-16 12:00:02,sinus rhythm. no definite pathology.,"{'NDT': 100.0, 'SR': 0.0}",,,,0.0,False,False,True,,,,,,,1,records100/02000/02704_lr,records500/02000/02704_hr,confirmation,0,0
5169,10269.0,71.0,0,,,1.0,2.0,CS-12,1990-10-14 14:06:58,supraventrikulÄre extrasystole(n) sinusrhythmus rechtstyp rechtsschenkelblock,"{'ASMI': 50.0, 'CRBBB': 100.0, 'SR': 0.0}",RAD,unknown,,1.0,False,False,True,,,,,SVES,,7,records100/05000/05169_lr,records500/05000/05169_hr,confirmation,1,1
4009,3502.0,65.0,0,185.0,70.0,4.0,1.0,AT-6     6,1990-04-17 16:01:46,"sinus rhythm. prolonged pr interval. non-specific intraventricular delay. q waves in ii, iii, avf. t waves are inverted in ii, iii, avf, v4,5,6 and flat    in i, avl. consistent with ischaemic heart disease with old inferior myocardial infarction.","{'IMI': 80.0, 'ISCAL': 100.0, 'IVCD': 100.0, 'LPR': 0.0, 'QWAVE': 0.0, 'INVT': 0.0, 'SR': 0.0}",,Stadium III,,0.0,False,False,True,,,,,,,4,records100/04000/04009_lr,records500/04000/04009_hr,confirmation,1,1
19218,20858.0,51.0,1,,,1.0,2.0,CS-12,1998-04-01 11:00:40,sinusrhythmus linkstyp normales ekg,"{'NORM': 50.0, 'SR': 0.0}",LAD,,,1.0,False,False,True,,,,,,,2,records100/19000/19218_lr,records500/19000/19218_hr,confirmation,0,0
3190,7180.0,57.0,1,162.0,70.0,11.0,1.0,AT-6 C 5.5,1989-07-25 10:23:58,sinus rhythm. normal ecg.,"{'NORM': 100.0, 'SR': 0.0}",,,,0.0,False,False,True,,,,,,,1,records100/03000/03190_lr,records500/03000/03190_hr,confirmation,0,0
7224,9166.0,61.0,1,,,0.0,0.0,CS100    3,1991-10-28 08:10:29,sinusrhythmus lagetyp normal unspezifisches abnormes t 4.46                          unbestÄtigter bericht,"{'NDT': 100.0, 'SR': 0.0}",MID,,,,False,True,False,," , I-AVR,  ",,,,,7,records100/07000/07224_lr,records500/07000/07224_hr,confirmation,0,0
1444,20476.0,20.0,0,,,,3.0,AT-6 C,1988-03-12 08:49:01,sinusrytm extrem vÄnster el-axel vÄnster anteriort hemiblock inkomplett hÖgersidigt skÄnkelblock,"{'LAFB': 100.0, 'IRBBB': 100.0, 'SR': 0.0}",,,,,False,False,True,,,,,,,1,records100/01000/01444_lr,records500/01000/01444_hr,confirmation,0,1
14795,18721.0,44.0,1,,60.0,0.0,0.0,CS-12   E,1995-08-20 07:15:07,sinusrhythmus lagetyp normal normales ekg,"{'NORM': 100.0, 'SR': 0.0}",MID,,,,False,False,True," , II-AVL,AVF",,,,,,3,records100/14000/14795_lr,records500/14000/14795_hr,confirmation,0,0
8191,16194.0,71.0,1,,,1.0,2.0,CS-12,1992-06-04 20:25:09,"sinustachykardie slt st-hebung in v1-2 dd:chron. posteriorer oder frischer septaler infarkt Edit: AMI 100, frischer ASMI(ASMI 100)","{'AMI': 100.0, 'STACH': 0.0}",AXR,Stadium I,,1.0,True,False,True,," , mittel,  ",,,,,6,records100/08000/08191_lr,records500/08000/08191_hr,confirmation,1,0
12850,9463.0,70.0,0,,,0.0,0.0,CS100    3,1994-08-29 07:51:45,sinusrhythmus verdacht auf p-sinistrocardiale lagetyp normal unspezifischer intraventrikulÄrer block qrs(t) abnorm    inferiorer infarkt     alter unbest. 4.46                          unbestÄtigter bericht,"{'IMI': 100.0, 'IVCD': 100.0, 'LVH': 100.0, 'ISC_': 100.0, 'ABQRS': 0.0, 'SR': 0.0}",MID,unknown,,,False,True,False,,,,,,,8,records100/12000/12850_lr,records500/12000/12850_hr,confirmation,1,1
5119,13635.0,55.0,0,,,1.0,2.0,CS-12,1990-10-06 15:02:06,sinusrhythmus ueberdrehter linkstyp,"{'LAFB': 100.0, 'SR': 0.0}",ALAD,,,1.0,False,False,True," , V2",,,,,,5,records100/05000/05119_lr,records500/05000/05119_hr,confirmation,0,1
14870,5464.0,67.0,0,,,4.0,1.0,AT-6 C 5.5,1995-09-03 13:03:19,trace only requested.,{'ASMI': 50.0},,unknown,,7.0,False,False,True,,,,,,,5,records100/14000/14870_lr,records500/14000/14870_hr,confirmation,1,0
6930,8397.0,76.0,0,,,1.0,2.0,CS-12,1991-09-09 16:33:38,sinusrhythmus lagetyp normal t abnormal in inferioren ableitungen,"{'NORM': 100.0, 'SR': 0.0}",MID,,,1.0,False,False,True,," , alles,  ",alles,,,,4,records100/06000/06930_lr,records500/06000/06930_hr,confirmation,0,0
15932,1604.0,22.0,1,170.0,57.0,4.0,1.0,AT-6 C 5.5,1996-04-12 16:28:16,sinus bradycardia. the bradycardia may be physiological. otherwise normal ecg.,"{'NORM': 80.0, 'SBRAD': 0.0}",,,,0.0,False,False,True,,,,,,,6,records100/15000/15932_lr,records500/15000/15932_hr,confirmation,0,0
12962,13232.0,60.0,0,,,1.0,2.0,CS-12,1994-09-12 13:37:54,sinusbradykardie lagetyp normal linkshypertrophie mÖglich,"{'NORM': 50.0, 'VCLVH': 0.0, 'SBRAD': 0.0}",MID,,,1.0,False,False,True,,,,,,,4,records100/12000/12962_lr,records500/12000/12962_hr,confirmation,0,0
1125,5611.0,79.0,1,160.0,44.0,8.0,1.0,AT-6 C 5.5,1987-09-06 08:23:01,sinus rhythm. normal ecg.,"{'NORM': 100.0, 'SR': 0.0}",,,,0.0,False,False,True,,,,,,,6,records100/01000/01125_lr,records500/01000/01125_hr,confirmation,0,0
801,15493.0,44.0,0,,,1.0,2.0,CS-12,1987-06-06 09:00:59,sinusbradykardie lagetyp normal qrs(t) abnormal normal,"{'NST_': 100.0, 'ABQRS': 0.0, 'SBRAD': 0.0}",MID,,,1.0,False,False,True,,,,,,,3,records100/00000/00801_lr,records500/00000/00801_hr,confirmation,0,0
8582,5792.0,40.0,0,178.0,90.0,11.0,1.0,AT-6     6,1992-07-25 11:24:13,sinus rhythm. normal ecg.,"{'NORM': 100.0, 'SR': 0.0}",,,,6.0,False,False,True,,,,,,,6,records100/08000/08582_lr,records500/08000/08582_hr,confirmation,0,0
1621,1078.0,86.0,1,152.0,66.0,9.0,1.0,AT-6     6,1988-04-28 12:24:08,"sinus rhythm. st segments are depressed in i, ii, v5,6. t waves are low in i, avl and inverted in ii, iii, avf, v4,5,6. non-specific but consistent with myocardial ischaemia.","{'ISCLA': 100.0, 'ISCIN': 100.0, 'LOWT': 0.0, 'STD_': 0.0, 'SR': 0.0}",,,,0.0,False,False,True,,,,,,,1,records100/01000/01621_lr,records500/01000/01621_hr,confirmation,0,0
9387,17030.0,57.0,0,,,0.0,0.0,CS100    3,1992-11-24 14:21:46,vorhofflimmern/-flattern linkstyp linksschenkelblock linkshypertrophie mÖglich 4.46                          unbestÄtigter bericht,"{'CLBBB': 100.0, 'AFIB': 0.0}",LAD,,,,False,True,False,,,,,,,1,records100/09000/09387_lr,records500/09000/09387_hr,confirmation,0,1
485,13439.0,59.0,0,,90.0,0.0,0.0,CS-12   E,1987-02-28 08:10:24,"ventrikulÄre extrasystole(n) sinusrhythmus p-verbreiterung qrs(t) abnormal    inferiorer myokardschaden nicht auszuschliessen st & t abnormal, wahrscheinlich    anterolaterale ischÄmie oder linksbelastung","{'ISCAL': 100.0, 'ISCIN': 50.0, 'ABQRS': 0.0, 'SR': 0.0}",,,,,False,False,True,," , I-AVR,  ",,,1ES,,1,records100/00000/00485_lr,records500/00000/00485_hr,confirmation,0,0
3471,2416.0,66.0,0,165.0,84.0,11.0,1.0,AT-6 C 5.5,1989-09-19 14:14:36,"sinus arrhythmia. normal ecg. Edit: NORM 100,  (tachykarde Pase HR 110/min)","{'NORM': 100.0, 'SARRH': 0.0}",,,,0.0,True,False,True,,,,,,,5,records100/03000/03471_lr,records500/03000/03471_hr,confirmation,0,0
5560,16161.0,64.0,0,,,0.0,0.0,CS100    3,1990-12-21 14:07:43,ventrikulÄre extrasystole(n) sinusrhythmus p-sinistrocardiale linkstyp qrs(t) abnorm    anterolateraler infarkt     alter unbest.    inferiorer infarkt     wahrscheinlich alt 4.46                          unbestÄtigter bericht,"{'ILMI': 100.0, 'LAO/LAE': 100.0, 'PVC': 100.0, 'ABQRS': 0.0, 'SR': 0.0}",LAD,unknown,,,False,True,False,," , I-AVF,  ",,,"VES1,alles",,1,records100/05000/05560_lr,records500/05000/05560_hr,confirmation,1,0
149,21700.0,25.0,1,,66.0,0.0,0.0,CS-12   E,1986-02-27 06:58:39,sinus arrhythmie sonst normales ekg,"{'NORM': 80.0, 'SARRH': 0.0}",,,,,False,False,True,,,,,,,1,records100/00000/00149_lr,records500/00000/00149_hr,confirmation,0,0
12539,1488.0,78.0,0,178.0,86.0,9.0,1.0,AT-6 C 5.5,1994-07-22 16:31:25,sinus rhythm. voltages in limb leads are at upper limit. no definite pathology.,"{'NORM': 80.0, 'HVOLT': 0.0, 'SR': 0.0}",,,,0.0,False,False,True,,,,,,,6,records100/12000/12539_lr,records500/12000/12539_hr,confirmation,0,0
4680,17453.0,23.0,1,,,0.0,0.0,CS100    3,1990-08-04 15:15:20,sinusrhythmus lagetyp normal normales ekg 4.46                          unbestÄtigter bericht,"{'NORM': 100.0, 'SR': 0.0}",MID,,,,False,True,False,,,,,"1,V1",,1,records100/04000/04680_lr,records500/04000/04680_hr,confirmation,0,0
19249,18080.0,43.0,1,,,1.0,2.0,CS-12,1998-05-10 08:17:04,sinusbradykardie steiltyp normales ekg,"{'NORM': 100.0, 'SBRAD': 0.0}",AXR,,,1.0,False,False,True,,,,,,,5,records100/19000/19249_lr,records500/19000/19249_hr,confirmation,0,0
13193,19520.0,63.0,0,,,0.0,0.0,CS100    3,1994-10-16 14:35:56,schrittmacher ekg 4.46                          unbestÄtigter bericht,{'PACE': 100.0},,,,,False,True,False,,,,,,"ja, pacemaker",2,records100/13000/13193_lr,records500/13000/13193_hr,confirmation,0,0
6199,15661.0,52.0,1,,65.0,2.0,0.0,CS-12   E,1991-05-16 10:10:13,sinusrhythmus qrs(t) abnormal    anteroseptaler infarkt mÖglich,"{'AMI': 35.0, 'ABQRS': 0.0, 'SR': 0.0}",,unknown,,,False,False,True,,,,,,,7,records100/06000/06199_lr,records500/06000/06199_hr,confirmation,1,0
15884,21225.0,41.0,0,,75.0,0.0,0.0,CS-12   E,1996-03-24 14:49:05,sinusrhythmus mÄssige amplitudenkriterien f#r linkshypertrophie,"{'NORM': 100.0, 'VCLVH': 0.0, 'SR': 0.0}",,,,,False,False,True,,,,,,,6,records100/15000/15884_lr,records500/15000/15884_hr,confirmation,0,0
13419,20937.0,62.0,0,,,0.0,0.0,CS100    3,1994-12-04 07:07:56,sinus arrhythmie p-verbreiterung lagetyp normal unspezifischer intraventrikulÄrer block qrs(t) abnorm    inferiorer myokardschaden mÖglich 4.46                          unbestÄtigter bericht,"{'LVH': 100.0, 'ISC_': 100.0, 'ABQRS': 0.0, 'SARRH': 0.0}",MID,,,,False,True,False,,,"V2,V4",,,,3,records100/13000/13419_lr,records500/13000/13419_hr,confirmation,0,0
1263,16565.0,55.0,0,,68.0,2.0,0.0,CS-12   E,1987-11-14 13:11:26,sinusrhythmus normales ekg,"{'NORM': 100.0, 'SR': 0.0}",,,,,False,False,True," , II-AVL",,,,,,6,records100/01000/01263_lr,records500/01000/01263_hr,confirmation,0,0
13386,16454.0,67.0,0,,,0.0,0.0,CS100    3,1994-11-27 11:39:17,vorhofflimmern/-flattern lagetyp normal qrs(t) abnorm    inferiorer myokardschaden mÖglich 4.46                          unbestÄtigter bericht,"{'AFLT': 100.0, 'ABQRS': 0.0, 'AFIB': 0.0}",MID,,,,False,True,False,,,alles,,,,2,records100/13000/13386_lr,records500/13000/13386_hr,confirmation,0,0
11729,11432.0,76.0,0,,,0.0,0.0,CS100    3,1994-01-26 10:23:52,supraventrikulÄre extrasystole(n) sinusrhythmus lagetyp normal linkshypertrophie mÖglich 4.46                          unbestÄtigter bericht,"{'LVH': 50.0, 'ISC_': 100.0, 'SR': 0.0}",MID,,,,False,True,False,,,,,SVES,,5,records100/11000/11729_lr,records500/11000/11729_hr,confirmation,0,0
1688,2080.0,60.0,0,165.0,72.0,3.0,1.0,AT-6     6,1988-05-08 18:24:36,atrial fibrillation. left axis deviation. left anterior fascicular block. right bundle branch block. bifascicular block.,"{'CRBBB': 100.0, 'LAFB': 100.0, 'AFIB': 0.0}",LAD,,,0.0,False,False,True,," , mittel,  ",,,,,8,records100/01000/01688_lr,records500/01000/01688_hr,confirmation,0,1
3854,9071.0,42.0,1,,60.0,0.0,0.0,CS-12   E,1990-03-03 13:57:04,sinusrhythmus lagetyp normal unspezifisches abnormes t,"{'NORM': 100.0, 'SR': 0.0}",MID,,,,False,False,True,,,,,,,5,records100/03000/03854_lr,records500/03000/03854_hr,confirmation,0,0
13412,9639.0,66.0,0,,,0.0,0.0,CS100    3,1994-12-01 13:42:45,"sinusrhythmus a-v block i linkstyp st & t abnorm, wahrscheinlich    anterolaterale ischÄmie oder linksbelastung 4.46                          unbestÄtigter bericht","{'ISCAL': 50.0, 'SR': 0.0}",LAD,,,,False,True,False,,,,,,,7,records100/13000/13412_lr,records500/13000/13412_hr,confirmation,0,0
17790,1740.0,58.0,1,168.0,90.0,3.0,1.0,AT-6     6,1997-04-26 10:29:06,"sinus rhythm. incomplete right bundle branch block. possible left posterior fascicular block. st segments are depressed in ii, iii, avf, v2-6. t waves are inverted in ii,,iii, avf, v2-5. this may be due to lv strain or ischaemia. Edit: INJAS, INJAL, INJIN, IRBBB, (ISCAS, ISCAL, ISCIN, IRBBB)","{'ISCAS': 100.0, 'ISCAL': 100.0, 'ISCIN': 100.0, 'IRBBB': 100.0, 'INVT': 0.0, 'STD_': 0.0, 'SR': 0.0}",,,,0.0,True,False,True,,,,,,,6,records100/17000/17790_lr,records500/17000/17790_hr,confirmation,0,1
7237,8543.0,85.0,0,,,1.0,2.0,CS100    3,1991-11-01 08:26:53,sinusrhythmus linkstyp unspezifisches abnormes t qt-verlÄngerung 4.46                          unbestÄtigter bericht,"{'NDT': 100.0, 'SR': 0.0}",LAD,,,1.0,False,True,True," , I-AVR",,,,,,5,records100/07000/07237_lr,records500/07000/07237_hr,confirmation,0,0
6596,17100.0,71.0,1,,,0.0,0.0,CS100    3,1991-07-25 08:16:32,schrittmacher ekg 4.46                          unbestÄtigter bericht,{'PACE': 100.0},,,,,False,True,False,,,,,,"ja, pacemaker",1,records100/06000/06596_lr,records500/06000/06596_hr,confirmation,0,0
9009,1828.0,87.0,0,,,5.0,1.0,AT-6     6,1992-09-16 21:54:07,"trace only requested. Edit: IVCB 100, TOR, Alter 112",{'IVCD': 100.0},,,,0.0,True,False,True,,,,,,,6,records100/09000/09009_lr,records500/09000/09009_hr,confirmation,0,1
8658,18030.0,51.0,0,,,0.0,0.0,CS100    3,1992-07-31 13:39:26,sinusrhythmus lagetyp normal qrs(t) abnorm    inferiorer infarkt     alter unbest. 4.46                          unbestÄtigter bericht,"{'IMI': 50.0, 'ABQRS': 0.0, 'SR': 0.0}",MID,unknown,,,False,True,False,,,,,,,7,records100/08000/08658_lr,records500/08000/08658_hr,confirmation,1,0
5057,5219.0,68.0,0,186.0,63.0,3.0,1.0,AT-6 C 5.5,1990-09-25 11:22:21,trace only requested.,{'NORM': 100.0},,,,0.0,False,False,True,,,,,,,6,records100/05000/05057_lr,records500/05000/05057_hr,confirmation,0,0
2106,947.0,42.0,0,179.0,94.0,,6.0,AT-6 C 5.8,1988-08-07 20:27:25,sinus rhythm. r-s transition in v leads displaced to the left. non-specific t wave flattening in anterior chest leads    v2-5.,"{'NDT': 100.0, 'NT_': 0.0, 'SR': 0.0}",,,,2.0,False,False,True,,,,,,,1,records100/02000/02106_lr,records500/02000/02106_hr,confirmation,0,0
17576,16761.0,27.0,0,,,0.0,0.0,CS100    3,1997-01-31 11:20:42,supraventrikulÄre arrhythmie lagetyp normal sonst normales ekg 4.46                          unbestÄtigter bericht,"{'NORM': 80.0, 'SVARR': 0.0}",MID,,,,False,True,False,,,,,,,1,records100/17000/17576_lr,records500/17000/17576_hr,confirmation,0,0
10581,6552.0,68.0,1,154.0,58.0,6.0,1.0,AT-6     6,1993-07-20 10:59:49,"sinus rhythm. r-s transition zone in v leads displaced to the left. tiny r waves in v2,3,4, old anterior infarct cannot be excluded. t waves are flat in limb leads. prolonged qt, this may be due to a drug effect or an    electrolyte disturbance.","{'ASMI': 50.0, 'SR': 0.0}",,Stadium III,,0.0,False,False,True,,,,,,,1,records100/10000/10581_lr,records500/10000/10581_hr,confirmation,1,0
11114,16620.0,58.0,1,,,0.0,0.0,CS100    3,1993-09-29 09:03:51,sinusrhythmus lagetyp normal normales ekg 4.46                          unbestÄtigter bericht,"{'NORM': 100.0, 'SR': 0.0}",MID,,,,False,True,False,," , I-AVF,  ",,,,,5,records100/11000/11114_lr,records500/11000/11114_hr,confirmation,0,0
13331,19120.0,59.0,0,,,0.0,0.0,CS100    3,1994-11-15 10:20:30,sinusrhythmus ueberdrehter linkstyp unspezifische intraventrikulÄre leitungsstÖrung linkshypertrophie mÖglich qrs(t) abnorm    anteroseptaler myokardschaden mÖglich 4.46                          unbestÄtigter bericht,"{'LAFB': 100.0, 'ABQRS': 0.0, 'SR': 0.0}",ALAD,,,,False,True,False,,,,,,,2,records100/13000/13331_lr,records500/13000/13331_hr,confirmation,0,1
3705,12538.0,46.0,0,,90.0,0.0,0.0,CS-12   E,1990-01-08 10:13:27,sinusrhythmus p-sinistrocardiale lagetyp normal,"{'NORM': 100.0, 'SR': 0.0}",MID,,,,False,False,True,,,,,,,5,records100/03000/03705_lr,records500/03000/03705_hr,confirmation,0,0
5348,9148.0,30.0,0,,67.0,0.0,0.0,CS-12   E,1990-11-12 12:23:55,sinusrhythmus unspezifische intraventrikulÄre leitungsstÖrung linkshypertrophie mÖglich,"{'LVH': 50.0, 'SR': 0.0}",,,,,False,False,True,,,,,,,5,records100/05000/05348_lr,records500/05000/05348_hr,confirmation,0,0
2658,4864.0,52.0,1,165.0,61.0,9.0,1.0,AT-6     6,1989-04-09 15:27:56,"sinus rhythm. non-specific t wave flattening in v3-6. myocardial ischaemia is likely. prolonged qt, this may be due to a drug effect or an    electrolyte disturbance.","{'NDT': 100.0, 'EL': 50.0, 'NT_': 0.0, 'SR': 0.0}",,,,0.0,False,False,True,,,,,,,7,records100/02000/02658_lr,records500/02000/02658_hr,confirmation,0,0
17512,16455.0,71.0,0,,,0.0,0.0,CS100    3,1997-01-22 13:33:15,"sinusrhythmus p-sinistrocardiale linkstyp qrs(t) abnorm    inferiorer infarkt     alter unbest. st & t abnorm, wahrscheinlich    anterolaterale ischÄmie oder linksbelastung 4.46                          unbestÄtigter bericht","{'IMI': 100.0, 'LVH': 50.0, 'ISC_': 100.0, 'ABQRS': 0.0, 'SR': 0.0}",LAD,unknown,,,False,True,False,,,,,,,2,records100/17000/17512_lr,records500/17000/17512_hr,confirmation,1,0
11749,5866.0,61.0,1,160.0,61.0,9.0,1.0,AT-6 C 5.5,1994-01-28 13:23:05,sinus rhythm. normal ecg.,"{'NORM': 100.0, 'SR': 0.0}",,,,0.0,False,False,True,,,,,,,2,records100/11000/11749_lr,records500/11000/11749_hr,confirmation,0,0
2763,7185.0,68.0,1,163.0,70.0,10.0,1.0,AT-6 C 5.5,1989-04-28 07:00:08,sinus rhythm. voltages are high in chest leads suggesting lvh. otherwise normal ecg.,"{'LVH': 35.0, 'VCLVH': 0.0, 'SR': 0.0}",,,,0.0,False,False,True,,,,,,,1,records100/02000/02763_lr,records500/02000/02763_hr,confirmation,0,0
8020,446.0,77.0,1,159.0,60.0,3.0,1.0,AT-6     6,1992-04-27 10:11:17,"sinus rhythm. prolonged pr interval. right bundle branch block. possible old inferior infarct. Edit: IMI 100, CRBBB, (IMI 50, CRBBB)","{'IMI': 50.0, 'CRBBB': 100.0, 'LPR': 0.0, 'SR': 0.0}",,Stadium III,,0.0,True,False,True,,,,,,,1,records100/08000/08020_lr,records500/08000/08020_hr,confirmation,1,1
12647,11927.0,60.0,1,,,0.0,0.0,CS100    3,1994-07-31 16:54:11,"tachykardes vorhofflimmern lagetyp normal st & t abnorm, wahrscheinlich    anterolaterale ischÄmie oder linksbelastung t abnorm in inferolateralen ableitungen 4.46                          unbestÄtigter bericht","{'NST_': 100.0, 'AFIB': 0.0}",MID,,,,False,True,False,,,,,,,2,records100/12000/12647_lr,records500/12000/12647_hr,confirmation,0,0
15073,10178.0,73.0,1,,,0.0,0.0,CS100    3,1995-09-27 07:45:51,"sinusrhythmus verdacht auf p-sinistrocardiale linkstyp st abnorm, mÖglicherweise    anteriorer innenschichtsschaden 4.46                          unbestÄtigter bericht","{'LVH': 100.0, 'ISC_': 100.0, 'SR': 0.0}",LAD,,,,False,True,False,,,,,,,3,records100/15000/15073_lr,records500/15000/15073_hr,confirmation,0,0
16255,2204.0,65.0,0,177.0,75.0,5.0,1.0,AT-6     6,1996-06-30 11:32:37,"sinus rhythm. normal ecg. Edit: NORM 100, rSrIII(NORM 100)","{'NORM': 100.0, 'SR': 0.0}",,,,0.0,True,False,True,,,,,,,1,records100/16000/16255_lr,records500/16000/16255_hr,confirmation,0,0
16899,1522.0,67.0,1,160.0,71.0,5.0,1.0,AT-6 C 5.5,1996-09-23 07:13:28,"sinus rhythm. t waves are low or flat in limb leads and v3. t waves are inverted in v4,5,6. findings are likely to be due to ischaemic heart    disease. the age of the changes is uncertain.","{'ISC_': 100.0, 'LOWT': 0.0, 'INVT': 0.0, 'SR': 0.0}",,,,0.0,False,False,True,,,,,,,8,records100/16000/16899_lr,records500/16000/16899_hr,confirmation,0,0
13454,13512.0,68.0,0,,,0.0,0.0,CS100    3,1994-12-11 07:00:28,ventrikulÄre extrasystole(n) supraventrikulÄre extrasystole(n) supraventrikulÄre arrhythmie lagetyp normal qrs(t) abnorm    anteroseptaler infarkt     wahrscheinlich alt 4.46                          unbestÄtigter bericht,"{'ASMI': 100.0, 'ABQRS': 0.0, 'SVARR': 0.0}",MID,Stadium II-III,,,False,True,False,,,,,"VES,SVES2,alles",,4,records100/13000/13454_lr,records500/13000/13454_hr,confirmation,1,0
5593,16516.0,87.0,1,,,1.0,2.0,AT-60    3,1991-01-05 10:31:05,sinustachykardie lagetyp normal periphere niederspannung qrs(t) abnorm    lateraler myokardschaden mÖglich    inferiorer infarkt     wahrscheinlich alt 4.46                          unbestÄtigter bericht,"{'AMI': 100.0, 'ISCIN': 100.0, 'ABQRS': 0.0, 'STACH': 0.0}",MID,Stadium II-III,,1.0,False,True,True,,,,,,,2,records100/05000/05593_lr,records500/05000/05593_hr,confirmation,1,0
8272,7464.0,77.0,1,165.0,65.0,8.0,1.0,AT-6 C 5.5,1992-06-24 18:33:20,"premature atrial contraction(s). sinus tachycardia. st segments are depressed in ii, iii, avf, v5,6. non-specific but consistent with myocardial ischaemia.","{'ISCIL': 100.0, 'RAO/RAE': 100.0, 'LAO/LAE': 100.0, 'PAC': 0.0, 'STD_': 0.0, 'STACH': 0.0}",,,,0.0,False,False,True,,,,,,,8,records100/08000/08272_lr,records500/08000/08272_hr,confirmation,0,0
13403,11284.0,60.0,0,,,1.0,2.0,CS-12,1994-11-30 12:17:01,sinusrhythmus linkstyp sonst normales ekg,"{'NORM': 80.0, 'SR': 0.0}",LAD,,,1.0,False,False,True,,,,,,,1,records100/13000/13403_lr,records500/13000/13403_hr,confirmation,0,0
9610,9883.0,55.0,0,,,0.0,0.0,CS100    3,1993-01-10 11:00:15,"sinusrhythmus lagetyp normal st & t abnorm, wahrscheinlich    anterolaterale ischÄmie oder linksbelastung    inferolaterale ischÄmie oder linksbelastung 4.46                          unbestÄtigter bericht","{'LVH': 50.0, 'ISC_': 100.0, 'SR': 0.0}",MID,,,,False,True,False,,,,,,,2,records100/09000/09610_lr,records500/09000/09610_hr,confirmation,0,0
1891,4758.0,59.0,0,182.0,87.0,3.0,1.0,AT-6 C 5.5,1988-07-14 11:44:37,sinus rhythm. normal ecg.,"{'NORM': 100.0, 'SR': 0.0}",,,,0.0,False,False,True,,,,,,,4,records100/01000/01891_lr,records500/01000/01891_hr,confirmation,0,0
7635,10291.0,18.0,0,,82.0,0.0,0.0,CS-12   E,1992-01-19 12:18:35,sinusrhythmus lagetyp normal normales ekg,"{'NORM': 100.0, 'SR': 0.0}",MID,,,,False,False,True,,,II-V2,,,,2,records100/07000/07635_lr,records500/07000/07635_hr,confirmation,0,0
13172,17600.0,60.0,1,,,0.0,0.0,CS100    3,1994-10-11 12:56:56,sinusrhythmus lagetyp normal normales ekg 4.46                          unbestÄtigter bericht,"{'NORM': 100.0, 'SR': 0.0}",MID,,,,False,True,False,,,,,,,2,records100/13000/13172_lr,records500/13000/13172_hr,confirmation,0,0
20580,17848.0,60.0,0,,,0.0,0.0,CS100    3,1999-09-12 10:50:11,sinusrhythmus linkstyp unspezifisches abnormes t 4.46                          unbestÄtigter bericht,"{'NDT': 100.0, 'SR': 0.0}",LAD,,,,False,True,False,,,,,,,3,records100/20000/20580_lr,records500/20000/20580_hr,confirmation,0,0
20099,12764.0,78.0,1,,,0.0,0.0,CS100    3,1999-01-02 11:09:13,supraventrikulÄre arrhythmie p-verbreiterung lagetyp normal rechtsschenkelblock 4.46                          unbestÄtigter bericht,"{'IRBBB': 100.0, 'RVH': 50.0, 'SVARR': 0.0}",MID,,,,False,True,False,,,,,,,2,records100/20000/20099_lr,records500/20000/20099_hr,confirmation,0,1
3849,11263.0,50.0,1,,70.0,0.0,0.0,CS-12   E,1990-03-01 12:10:21,sinusrhythmus normales ekg,"{'NORM': 100.0, 'SR': 0.0}",,,,,False,False,True,," , I-AVR,  ",,,,,3,records100/03000/03849_lr,records500/03000/03849_hr,confirmation,0,0
11976,13166.0,30.0,0,,83.0,2.0,0.0,CS-12   E,1994-04-10 11:53:55,sinusrhythmus unspezifisches abnormales t,"{'NDT': 100.0, 'SR': 0.0}",,,,,False,False,True,,,,,,,7,records100/11000/11976_lr,records500/11000/11976_hr,confirmation,0,0
20219,9089.0,80.0,1,,,1.0,2.0,AT-60    3,1999-01-29 14:43:34,sinusrhythmus linkstyp unspezifisches abnormes t 4.46                          unbestÄtigter bericht,"{'IMI': 35.0, 'SR': 0.0}",LAD,unknown,,1.0,False,True,True,,,,,,,6,records100/20000/20219_lr,records500/20000/20219_hr,confirmation,1,0
7571,8199.0,65.0,0,,,0.0,0.0,CS100    3,1992-01-10 09:23:09,"sinusrhythmus verdacht auf p-sinistrocardiale lagetyp normal qrs(t) abnorm    inferiorer infarkt     alter unbest. st & t abnorm, wahrscheinlich    anterolaterale ischÄmie oder linksbelastung 4.46                          unbestÄtigter bericht","{'IMI': 15.0, 'LVH': 50.0, 'ISC_': 100.0, 'ABQRS': 0.0, 'SR': 0.0}",MID,unknown,,,False,True,False,,,,,,,8,records100/07000/07571_lr,records500/07000/07571_hr,confirmation,1,0
20472,17881.0,48.0,0,,,0.0,0.0,CS100    3,1999-08-15 09:11:54,sinusrhythmus linkstyp periphere niederspannung qrs(t) abnorm    inferiorer infarkt     alter unbest. t abnorm in lateralen ableitungen 4.46                          unbestÄtigter bericht,"{'ILMI': 100.0, 'ABQRS': 0.0, 'SR': 0.0}",LAD,unknown,,,False,True,False,," , I-AVF,  ",,,,,2,records100/20000/20472_lr,records500/20000/20472_hr,confirmation,1,0
18688,10135.0,54.0,1,,,0.0,0.0,CS100    3,1997-10-09 08:11:23,sinusrhythmus lagetyp normal qrs(t) abnorm    inferiorer myokardschaden mÖglich 4.46                          unbestÄtigter bericht,"{'NORM': 50.0, 'ABQRS': 0.0, 'SR': 0.0}",MID,,,,False,True,False,,,,,,,4,records100/18000/18688_lr,records500/18000/18688_hr,confirmation,0,0
4585,1388.0,79.0,1,152.0,50.0,5.0,1.0,AT-6     6,1990-07-26 10:29:00,premature atrial contraction. sinus rhythm. otherwise normal ecg.,"{'NORM': 80.0, 'PAC': 0.0, 'SR': 0.0}",,,,6.0,False,False,True,,,,,,,3,records100/04000/04585_lr,records500/04000/04585_hr,confirmation,0,0
10620,4767.0,83.0,0,168.0,63.0,11.0,1.0,AT-6     6,1993-07-23 14:26:01,premature atrial contraction(s). sinus rhythm. otherwise normal ecg.,"{'NORM': 80.0, 'PAC': 0.0, 'SR': 0.0}",,,,0.0,False,False,True,,,,,,,8,records100/10000/10620_lr,records500/10000/10620_hr,confirmation,0,0
4069,6441.0,72.0,1,165.0,67.0,11.0,1.0,AT-6     6,1990-04-28 11:50:23,sinus rhythm. normal ecg.,"{'NORM': 100.0, 'SR': 0.0}",,,,0.0,False,False,True,,,,,,,5,records100/04000/04069_lr,records500/04000/04069_hr,confirmation,0,0
20618,10302.0,69.0,1,,,0.0,0.0,CS100    3,1999-09-24 13:15:43,"vorhofflimmern/-flattern lagetyp normal unvollstÄndiger rechtsschenkelblock qrs(t) abnorm    inferiorer infarkt     alter unbest. st & t abnorm, wahrscheinlich    anteriore ischÄmie oder linksbelastung    laterale ischÄmie oder linksbelastung 4.46        ","{'IMI': 50.0, 'ASMI': 50.0, 'ISCAL': 100.0, 'ABQRS': 0.0, 'AFIB': 0.0}",MID,unknown,,,False,False,True,," , I-V3,  ",,,,,1,records100/20000/20618_lr,records500/20000/20618_hr,confirmation,1,0
5518,12884.0,59.0,0,,,0.0,0.0,CS100    3,1990-12-13 08:31:31,sinusrhythmus ueberdrehter linkstyp linksanteriorer hemiblock unspezifisches abnormes t qt-verlÄngerung 4.46                          unbestÄtigter bericht,"{'LAFB': 100.0, 'NDT': 100.0, 'SR': 0.0}",ALAD,,,,False,True,False,," , I-AVR,  ",,,,,6,records100/05000/05518_lr,records500/05000/05518_hr,confirmation,0,1
1122,15120.0,43.0,1,,62.0,0.0,0.0,CS-12   E,1987-09-04 13:48:21,sinusrhythmus lagetyp normal normales ekg,"{'NORM': 100.0, 'SR': 0.0}",MID,,,,False,False,True," , I,II,AVR,V1",,,,,,8,records100/01000/01122_lr,records500/01000/01122_hr,confirmation,0,0
12653,13333.0,60.0,1,,,0.0,0.0,CS100    3,1994-08-01 13:55:44,sinusrhythmus verdacht auf p-sinistrocardiale lagetyp normal 4.46                          unbestÄtigter bericht,"{'NORM': 100.0, 'SR': 0.0}",MID,,,,False,True,False,,,,,,,7,records100/12000/12653_lr,records500/12000/12653_hr,confirmation,0,0
9384,15676.0,79.0,1,6.0,,1.0,2.0,CS-12,1992-11-24 12:50:07,sinusrhythmus ueberdrehter linkstyp linksanteriorer hemiblock t flach in avl verminderte r-progression v2-3,"{'LAFB': 100.0, 'SR': 0.0}",ALAD,,,1.0,False,False,True,,,,,,,1,records100/09000/09384_lr,records500/09000/09384_hr,confirmation,0,1
6216,18693.0,69.0,1,,,1.0,2.0,CS-12,1991-05-27 12:33:31,sinusrhythmus lagetyp normal normales ekg,"{'NORM': 100.0, 'SR': 0.0}",MID,,,1.0,False,False,True,,,,,,,6,records100/06000/06216_lr,records500/06000/06216_hr,confirmation,0,0
6228,18714.0,86.0,0,,,1.0,2.0,AT-60    3,1991-06-02 13:41:15,sinusrhythmus a-v block i lagetyp normal linkshypertrophie mÖglich qrs(t) abnorm    inferiorer myokardschaden mÖglich 4.46                          unbestÄtigter bericht,"{'IPMI': 100.0, '1AVB': 100.0, 'ABQRS': 0.0, 'SR': 0.0}",MID,unknown,,1.0,False,True,True,," , I-AVR,  ",,,,,3,records100/06000/06228_lr,records500/06000/06228_hr,confirmation,1,1
6291,12690.0,74.0,1,,,1.0,2.0,CS-12,1991-06-22 16:49:02,sinusrhythmus ueberdrehter linkstyp linksanteriorer hemiblock qrs(t) abnormal    inferiorer infarkt     alter unbest.,"{'IMI': 15.0, 'LAFB': 100.0, 'ABQRS': 0.0, 'SR': 0.0}",ALAD,unknown,,1.0,False,False,True,,,,,,,2,records100/06000/06291_lr,records500/06000/06291_hr,confirmation,1,1
1370,13446.0,27.0,1,164.0,54.0,,3.0,CS-12   E,1988-02-23 07:23:51,"sinusrytm vÄnster kammarhypertroficonsensus label derived from: {'LVH': 100.0, 'ISC_': 100.0, 'SR': 0.0},{'LVH': 100.0, 'SR': 0.0}","{'LVH': 100.0, 'SR': 0.0}",,,,,False,False,True,,,,,,,3,records100/01000/01370_lr,records500/01000/01370_hr,confirmation,0,0
11115,17232.0,59.0,0,,,0.0,0.0,CS100    3,1993-09-29 09:57:03,supraventrikulÄre extrasystole(n) sinusrhythmus lagetyp normal sonst normales ekg 4.46                          unbestÄtigter bericht,"{'NORM': 80.0, 'SR': 0.0}",MID,,,,False,True,False,," , I-AVF,  ",,,SVES,,4,records100/11000/11115_lr,records500/11000/11115_hr,confirmation,0,0
9343,14229.0,48.0,0,,81.0,0.0,0.0,CS-12   E,1992-11-16 13:13:03,sinusrhythmus linkstyp sonst normales ekg,"{'NORM': 80.0, 'SR': 0.0}",LAD,,,,False,False,True," , III,AVF",,,,,,4,records100/09000/09343_lr,records500/09000/09343_hr,confirmation,0,0
3934,2755.0,76.0,1,153.0,50.0,3.0,1.0,AT-6 C 5.3,1990-03-25 12:30:16,"sinus rhythm. q waves in ii, iii, avf. t waves are low or flat in ii, v5,6 and inverted in    iii, avf. consistent with ischaemic heart disease with old inferior myocardial infarction.","{'IMI': 80.0, 'NDT': 100.0, 'QWAVE': 0.0, 'LOWT': 0.0, 'SR': 0.0}",,Stadium III,,0.0,False,False,True,,,,,,,4,records100/03000/03934_lr,records500/03000/03934_hr,confirmation,1,0
17006,20621.0,24.0,0,,,0.0,0.0,CS100    3,1996-10-03 14:15:43,sinusrhythmus lagetyp normal normales ekg 4.46                          unbestÄtigter bericht,"{'NORM': 100.0, 'SR': 0.0}",MID,,,,False,True,False," , V1-V6",,,,,,3,records100/17000/17006_lr,records500/17000/17006_hr,confirmation,0,0
18410,15781.0,54.0,0,,,0.0,0.0,CS100    3,1997-08-13 14:45:03,sinusrhythmus verdacht auf p-sinistrocardiale ueberdrehter linkstyp unspezifischer intraventrikulÄrer block 4.46                          unbestÄtigter bericht,"{'LAFB': 100.0, 'SR': 0.0}",ALAD,,,,False,True,False,,,,,,,6,records100/18000/18410_lr,records500/18000/18410_hr,confirmation,0,1
14967,19493.0,60.0,0,,,0.0,0.0,CS100    3,1995-09-12 08:43:48,sinusrhythmus linkstyp qrs(t) abnorm    anteroseptaler infarkt     wahrscheinlich alt    inferiorer myokardschaden nicht auszuschliessen t abnorm in hochlateralen ableitungen 4.46                          unbestÄtigter bericht,"{'ASMI': 100.0, 'IMI': 50.0, 'ABQRS': 0.0, 'SR': 0.0}",LAD,Stadium II-III,,,False,True,False,,,,,,,5,records100/14000/14967_lr,records500/14000/14967_hr,confirmation,1,0
6034,19507.0,18.0,1,,57.0,0.0,0.0,CS-12   E,1991-04-18 08:03:50,sinusrhythmus rechtstyp sonst normales ekg,"{'NORM': 80.0, 'SR': 0.0}",RAD,,,,False,False,True," , V6",,,,,,7,records100/06000/06034_lr,records500/06000/06034_hr,confirmation,0,0
362,13598.0,19.0,0,,65.0,2.0,0.0,CS-12   E,1986-11-10 11:58:41,sinus arrhythmie rechtsschenkelblock,"{'NORM': 100.0, 'IRBBB': 100.0, 'SARRH': 0.0}",,,,,False,False,True,,,,,,,2,records100/00000/00362_lr,records500/00000/00362_hr,confirmation,0,1
4323,18026.0,60.0,1,,,0.0,0.0,CS100    3,1990-07-01 06:08:44,sinusrhythmus verdacht auf p-sinistrocardiale lagetyp normal mÄssige amplitudenkriterien fÜr linkshypertrophie 4.46                          unbestÄtigter bericht,"{'LVH': 50.0, 'VCLVH': 0.0, 'SR': 0.0}",MID,,,,False,True,False,,,,,,,2,records100/04000/04323_lr,records500/04000/04323_hr,confirmation,0,0
15976,910.0,78.0,1,164.0,95.0,5.0,1.0,AT-6 C 5.5,1996-04-20 14:19:46,"sinus rhythm. voltages are high in chest leads suggesting lvh. t waves are flat in i, avl, v6. this may be due to lv strain or ischaemia.","{'ISC_': 50.0, 'LVH': 50.0, 'VCLVH': 0.0, 'SR': 0.0}",,,,0.0,False,False,True,,,,,,,8,records100/15000/15976_lr,records500/15000/15976_hr,confirmation,0,0
1807,2140.0,52.0,0,172.0,56.0,3.0,1.0,AT-6     6,1988-06-30 17:54:15,"sinus rhythm. t waves are low or flat in i, avl, v4,5,6. this may be due to early lv strain or ischaemia.","{'NDT': 100.0, 'LOWT': 0.0, 'SR': 0.0}",,,,0.0,False,False,True,,,,,,,2,records100/01000/01807_lr,records500/01000/01807_hr,confirmation,0,0
18941,14140.0,55.0,1,,,0.0,0.0,CS100    3,1997-12-05 15:41:27,sinusrhythmus verdacht auf p-sinistrocardiale linkstyp 4.46                          unbestÄtigter bericht,"{'NORM': 100.0, 'SR': 0.0}",LAD,,,,False,True,False,,,,,,,1,records100/18000/18941_lr,records500/18000/18941_hr,confirmation,0,0
14889,7882.0,47.0,0,180.0,120.0,7.0,1.0,AT-6 C 5.5,1995-09-04 20:02:23,"sinus rhythm. non-specific t wave flattening in limb leads and v5,6. this may be due to lv strain or ischaemia.","{'NDT': 100.0, 'LVH': 35.0, 'NT_': 0.0, 'SR': 0.0}",,,,0.0,False,False,True,,,,,,,8,records100/14000/14889_lr,records500/14000/14889_hr,confirmation,0,0
7974,11045.0,47.0,0,,74.0,2.0,0.0,CS-12   E,1992-04-18 06:51:56,sinusrhythmus normales ekg,"{'NORM': 100.0, 'SR': 0.0}",,,,,False,False,True,,,,,,,4,records100/07000/07974_lr,records500/07000/07974_hr,confirmation,0,0
13543,13647.0,47.0,0,,,1.0,2.0,CS-12,1995-01-06 18:20:24,sinusrhythmus lagetyp normal normales ekg,"{'NORM': 100.0, 'SR': 0.0}",MID,,,1.0,False,False,True,," , I-AVR,  ",,,,,8,records100/13000/13543_lr,records500/13000/13543_hr,confirmation,0,0
3,20372.0,37.0,1,,69.0,2.0,0.0,CS-12   E,1984-11-15 12:49:10,sinusrhythmus normales ekg,"{'NORM': 100.0, 'SR': 0.0}",,,,,False,False,True,,,,,,,5,records100/00000/00003_lr,records500/00000/00003_hr,confirmation,0,0
4946,1257.0,70.0,1,170.0,63.0,10.0,1.0,AT-6 C 5.5,1990-09-11 07:52:04,premature atrial contraction(s). sinus rhythm. q waves in v2 suggesting old anteroseptal    myocardial infarction.,"{'AMI': 100.0, 'PAC': 0.0, 'QWAVE': 0.0, 'SR': 0.0}",,Stadium III,,0.0,False,False,True,,,,,,,7,records100/04000/04946_lr,records500/04000/04946_hr,confirmation,1,0
18453,21182.0,69.0,0,,83.0,0.0,0.0,CS-12   E,1997-08-24 07:48:59,sinusrhythmus ueberdrehter linkstyp unvollstÄndiger rechtsschenkelblock qrs(t) abnorm    anteroseptaler myokardschaden mÖglich,"{'IRBBB': 100.0, 'LAFB': 100.0, 'ABQRS': 0.0, 'SR': 0.0}",ALAD,,,,False,False,True,,,alles,,,,5,records100/18000/18453_lr,records500/18000/18453_hr,confirmation,0,1
12125,1529.0,69.0,0,160.0,80.0,3.0,1.0,AT-6 C 5.5,1994-05-04 11:14:33,"sinus rhythm. st segments are depressed in i, ii, avf, v4,5,6. t waves are low or flat in these leads. this may be due to lv strain or ischaemia.","{'ISCAL': 50.0, 'LOWT': 0.0, 'STD_': 0.0, 'SR': 0.0}",,,,0.0,False,False,True,,,,,,,2,records100/12000/12125_lr,records500/12000/12125_hr,confirmation,0,0
6311,16190.0,35.0,1,,57.0,0.0,0.0,CS-12   E,1991-06-26 07:34:23,sinusrhythmus lagetyp normal normales ekg,"{'NORM': 100.0, 'SR': 0.0}",MID,,,,False,False,True," , III,AVF",,,,,,7,records100/06000/06311_lr,records500/06000/06311_hr,confirmation,0,0
6485,4338.0,36.0,0,179.0,73.0,10.0,1.0,AT-6 C 5.5,1991-07-15 12:45:41,sinus rhythm. normal ecg.,"{'NORM': 100.0, 'SR': 0.0}",,,,0.0,False,False,True,,,,,,,4,records100/06000/06485_lr,records500/06000/06485_hr,confirmation,0,0
2058,3212.0,86.0,1,164.0,79.0,,40.0,AT-6     6,1988-08-01 16:50:33,"sinus tachycardia. r-s transition zone in v leads displaced to the right. minor non-specific t wave flattening in i, avl.","{'NORM': 100.0, 'NT_': 0.0, 'STACH': 0.0}",,,,2.0,False,False,True,,,,,,,7,records100/02000/02058_lr,records500/02000/02058_hr,confirmation,0,0
19752,16244.0,80.0,1,,,1.0,2.0,CS-12,1998-10-09 08:15:33,"sinusbradykardie lagetyp normal st- hebung v1, v2 ekg wahrscheinlich normal","{'NORM': 50.0, 'SBRAD': 0.0}",MID,,,1.0,False,False,True,," , I - V1,  ",,,,,6,records100/19000/19752_lr,records500/19000/19752_hr,confirmation,0,0
21358,17706.0,59.0,0,,,0.0,0.0,CS100    3,2000-09-16 07:13:13,"sinusrhythmus lagetyp normal st & t abnorm, wahrscheinlich    anterolaterale ischÄmie oder linksbelastung    inferolaterale ischÄmie oder linksbelastung 4.46                          unbestÄtigter bericht","{'LVH': 50.0, 'ISC_': 100.0, 'SR': 0.0}",MID,,,,False,True,False,,,,,,,4,records100/21000/21358_lr,records500/21000/21358_hr,confirmation,0,0
15818,18039.0,36.0,0,,90.0,0.0,0.0,CS-12   E,1996-03-08 07:57:18,sinusrhythmus lagetyp normal unvollstÄndiger rechtsschenkelblock sonst normales ekg,"{'IRBBB': 80.0, 'SR': 0.0}",MID,,,,False,False,True,," , I-AVR,  ",,,,,8,records100/15000/15818_lr,records500/15000/15818_hr,confirmation,0,1
5414,15133.0,47.0,1,,,1.0,2.0,AT-60    3,1990-11-27 08:41:29,sinusrhythmus lagetyp normal normales ekg 4.46                          unbestÄtigter bericht,"{'NORM': 100.0, 'SR': 0.0}",MID,,,1.0,False,True,True,,,,,,,1,records100/05000/05414_lr,records500/05000/05414_hr,confirmation,0,0
1035,2417.0,76.0,0,168.0,79.0,,17.0,AT-6     6,1987-08-02 10:47:59,"sinus rhythm. q waves in ii, iii, avf. t waves are low or flat in v4,5,6. consistent with ischaemic heart disease with old inferior myocardial infarction.","{'IMI': 100.0, 'NDT': 100.0, 'QWAVE': 0.0, 'LOWT': 0.0, 'SR': 0.0}",,Stadium III,,2.0,False,False,True,,,,,,,4,records100/01000/01035_lr,records500/01000/01035_hr,confirmation,1,0
17886,16545.0,25.0,1,,,0.0,0.0,CS-12   E,1997-05-12 10:28:44,sinusrhythmus lagetyp normal unspezifischer intraventrikulÄrer block,"{'NORM': 80.0, 'IVCD': 100.0, 'SR': 0.0}",MID,,,,False,False,True,,,I-AVF,,,,4,records100/17000/17886_lr,records500/17000/17886_hr,confirmation,0,1
10542,1315.0,61.0,1,164.0,73.0,6.0,1.0,AT-6 C 5.5,1993-07-16 10:54:50,"sinus rhythm. non-specific intraventricular block. q waves in ii, iii, avf consistent with old inferior    myocardial infarction.","{'IMI': 80.0, 'IVCD': 100.0, 'QWAVE': 0.0, 'SR': 0.0}",,Stadium III,,0.0,False,False,True,,,,,,,4,records100/10000/10542_lr,records500/10000/10542_hr,confirmation,1,1
15711,13334.0,20.0,0,,70.0,0.0,0.0,CS-12   E,1996-02-02 09:17:51,sinusrhythmus verdacht auf p-sinistrocardiale lagetyp normal unvollstÄndiger rechtsschenkelblock,"{'IRBBB': 100.0, 'SR': 0.0}",MID,,,,False,False,True,,,,,,,3,records100/15000/15711_lr,records500/15000/15711_hr,confirmation,0,1
10555,6353.0,76.0,1,150.0,72.0,8.0,1.0,AT-6 C 5.5,1993-07-17 09:13:31,"sinus rhythm. left axis deviation. left ventricular hypertrophy. st segments are depressed in i, avl, v4,5,6. t waves are low or inverted in these leads. this may be due to lv strain or ischaemia. the significance of st segment elevation in ii, iii,  avf ","{'LVH': 100.0, 'ISC_': 100.0, 'EL': 50.0, 'LOWT': 0.0, 'STD_': 0.0, 'SR': 0.0}",LAD,,,0.0,False,False,True,,,,,,,2,records100/10000/10555_lr,records500/10000/10555_hr,confirmation,0,0
6225,16660.0,45.0,0,,,1.0,2.0,CS-12,1991-06-01 13:44:28,sinusrhythmus linkstyp qt-verlÄngerung,"{'LNGQT': 100.0, 'SR': 0.0}",LAD,,,1.0,False,False,True,," , leicht,  ",,,,,2,records100/06000/06225_lr,records500/06000/06225_hr,confirmation,0,0
17321,17419.0,63.0,1,,,0.0,0.0,CS100    3,1996-12-07 09:15:24,sinusrhythmus lagetyp normal unspezifischer intraventrikulÄrer block qrs(t) abnorm    inferiorer infarkt     alter unbest. 4.46                          unbestÄtigter bericht,"{'IMI': 15.0, 'IVCD': 100.0, 'ABQRS': 0.0, 'SR': 0.0}",MID,unknown,,,False,True,False,," , I-AVF,  ",,,,,4,records100/17000/17321_lr,records500/17000/17321_hr,confirmation,1,1
16890,19807.0,68.0,0,,,0.0,0.0,CS100    3,1996-09-20 09:46:17,ventrikulÄre extrasystole(n) supraventrikulÄre ersatzsystole(n) supraventrikulÄre arrhythmie ueberdrehter linkstyp linksanteriorer hemiblock rechtsschenkelblock bifaszikulÄrer block qrs(t) abnorm    anteroseptaler myokardschaden mÖglich 4.46              ,"{'ASMI': 50.0, 'CRBBB': 100.0, 'LAFB': 100.0, 'ABQRS': 0.0, 'SVARR': 0.0}",ALAD,unknown,,,False,False,True,,,,,"VES,SVES1,alles",,7,records100/16000/16890_lr,records500/16000/16890_hr,confirmation,1,1
20959,18260.0,47.0,0,,,0.0,0.0,CS100    3,2000-01-01 09:21:02,"sinusrhythmus lagetyp normal qrs(t) abnorm    anteriorer infarkt     alter unbest. st & t abnorm, wahrscheinlich    hochlaterale ischÄmie oder linksbelastung 4.46                          unbestÄtigter bericht","{'ASMI': 100.0, 'ISCAL': 100.0, 'ABQRS': 0.0, 'SR': 0.0}",MID,unknown,,,False,True,False,,,,,,,5,records100/20000/20959_lr,records500/20000/20959_hr,confirmation,1,0
5661,9262.0,62.0,1,,,0.0,0.0,CS100    3,1991-01-17 10:47:32,"vorhofflimmern/-flattern lagetyp normal st & t abnorm, wahrscheinlich    anterolaterale ischÄmie oder linksbelastung 4.46                          unbestÄtigter bericht","{'NDT': 100.0, 'AFIB': 0.0}",MID,,,,False,True,False,,,,,,,5,records100/05000/05661_lr,records500/05000/05661_hr,confirmation,0,0
834,6940.0,68.0,1,168.0,65.0,6.0,1.0,AT-6 C 5.5,1987-06-28 12:00:21,sinus rhythm. normal ecg.,"{'NORM': 100.0, 'SR': 0.0}",,,,0.0,False,False,True,,,,,,,7,records100/00000/00834_lr,records500/00000/00834_hr,confirmation,0,0
6006,2108.0,54.0,1,166.0,77.0,3.0,1.0,AT-6 C 5.5,1991-04-15 09:25:19,sinus rhythm. normal ecg.,"{'NORM': 100.0, 'SR': 0.0}",,,,0.0,False,False,True,,,,,,,4,records100/06000/06006_lr,records500/06000/06006_hr,confirmation,0,0
8552,4272.0,51.0,1,170.0,66.0,9.0,1.0,AT-6     6,1992-07-23 13:25:07,sinus rhythm. normal ecg.,"{'NORM': 100.0, 'SR': 0.0}",,,,0.0,False,False,True,,,,,,,6,records100/08000/08552_lr,records500/08000/08552_hr,confirmation,0,0
6610,7848.0,24.0,0,171.0,78.0,7.0,1.0,AT-6 C 5.8,1991-07-25 18:34:35,"sinus rhythm. normal ecg. leads v5,6 show gross artifact.","{'NORM': 100.0, 'SR': 0.0}",,,,0.0,False,False,True,"v5, v6,  ",,,,,,6,records100/06000/06610_lr,records500/06000/06610_hr,confirmation,0,0
5624,12388.0,56.0,0,,,0.0,0.0,CS100    3,1991-01-10 09:55:51,"sinusrhythmus linkstyp st & t abnorm, wahrscheinlich    hochlaterale ischÄmie oder linksbelastung 4.46                          unbestÄtigter bericht","{'LAFB': 100.0, 'NDT': 100.0, 'SR': 0.0}",LAD,,,,False,True,False,," , I-AVR,  ",,,,,2,records100/05000/05624_lr,records500/05000/05624_hr,confirmation,0,1
19643,21602.0,70.0,0,,,1.0,2.0,CS-12,1998-09-15 11:58:01,"sinusrhythmus lagetyp normal av block i. grades intraventr. leitungsstoerung f, r, ii, iii digitalisveraenderung mulde v5, v6, ii, f st- senkung v1 - v4 descend. neu st. senkung v2 - v4 vw ischaemie ekg pathologisch","{'INJAS': 100.0, 'ISCIL': 100.0, 'DIG': 100.0, 'SR': 0.0}",MID,unknown,,1.0,False,False,True,,,,,,,2,records100/19000/19643_lr,records500/19000/19643_hr,confirmation,1,0
2607,12956.0,19.0,0,,73.0,0.0,0.0,CS-12   E,1989-03-20 12:38:51,sinus arrhythmie lagetyp normal sonst normales ekg,"{'NORM': 100.0, 'SARRH': 0.0}",MID,,,,False,False,True," , I-AVF",,,,,,3,records100/02000/02607_lr,records500/02000/02607_hr,confirmation,0,0
1290,18891.0,28.0,0,,81.0,0.0,0.0,CS-12   E,1987-12-21 13:48:37,sinusrhythmus normales ekg,"{'NORM': 100.0, 'SR': 0.0}",,,,,False,False,True,,,,,,,4,records100/01000/01290_lr,records500/01000/01290_hr,confirmation,0,0
18714,14260.0,75.0,0,,,0.0,0.0,CS100    3,1997-10-15 09:52:00,schrittmacher ekg 4.46                          unbestÄtigter bericht,{'PACE': 100.0},,,,,False,True,False,,,,,"3,alles","ja, pacemaker",3,records100/18000/18714_lr,records500/18000/18714_hr,confirmation,0,0
9331,16429.0,64.0,0,,,0.0,0.0,CS100    3,1992-11-13 16:33:23,vorhofflimmern/-flattern lagetyp normal qrs(t) abnorm    inferiorer myokardschaden nicht auszuschliessen 4.46                          unbestÄtigter bericht,"{'IMI': 15.0, 'ABQRS': 0.0, 'AFIB': 0.0}",MID,unknown,,,False,True,False,," , I-AVF,  ",,,,,4,records100/09000/09331_lr,records500/09000/09331_hr,confirmation,1,0
19378,10179.0,53.0,1,,,0.0,0.0,CS100    3,1998-07-12 09:20:13,"vorhofflimmern/-flattern lagetyp normal mÄssige amplitudenkriterien fÜr linkshypertrophie st & t abnorm, wahrscheinlich    inferiore ischÄmie oder linksbelastung 4.46                          unbestÄtigter bericht","{'NST_': 100.0, 'VCLVH': 0.0, 'AFIB': 0.0}",MID,,,,False,True,False,,,V1,,,,3,records100/19000/19378_lr,records500/19000/19378_hr,confirmation,0,0
12817,21787.0,56.0,1,,,1.0,2.0,CS-12,1994-08-19 13:09:38,sinusrhythmus lagetyp normal normales ekg,"{'NORM': 100.0, 'SR': 0.0}",MID,,,1.0,False,False,True,,,,,,,5,records100/12000/12817_lr,records500/12000/12817_hr,confirmation,0,0
1466,10628.0,41.0,1,169.0,66.0,,3.0,CS-12   E,1988-03-20 10:41:48,sinustachykardi hÖger el-axel hÖgersidigt skÄnkelblock avvikande qrs(t) fÖrlopp    inferior infarkt bÖr ÖvervÄgas,{'IRBBB': 100.0},,,,,False,False,True,,,,,,,1,records100/01000/01466_lr,records500/01000/01466_hr,confirmation,0,1
14629,13499.0,57.0,1,,,0.0,0.0,CS100    3,1995-08-02 08:15:50,sinusrhythmus linkstyp qrs(t) abnorm    inferiorer infarkt     wahrscheinlich alt 4.46                          unbestÄtigter bericht,"{'IMI': 100.0, 'ABQRS': 0.0, 'SR': 0.0}",LAD,Stadium II-III,,,False,True,False,,,,,,,5,records100/14000/14629_lr,records500/14000/14629_hr,confirmation,1,0
15489,17399.0,24.0,0,,,0.0,0.0,CS100    3,1995-12-18 12:29:17,sinusrhythmus lagetyp normal normales ekg 4.46                          unbestÄtigter bericht,"{'NORM': 100.0, 'SR': 0.0}",MID,,,,False,True,False,,,,,,,3,records100/15000/15489_lr,records500/15000/15489_hr,confirmation,0,0
10065,6165.0,69.0,0,170.0,80.0,10.0,1.0,AT-6 C 5.8,1993-04-23 07:12:28,"rapid, regular supraventricular tachycardia. this may be atrial flutter with 2:1 av block. non-specific st-t wave changes.","{'AFLT': 100.0, 'NST_': 0.0, 'SVTAC': 0.0}",,,,0.0,False,False,True,,,,,,,4,records100/10000/10065_lr,records500/10000/10065_hr,confirmation,0,0
5222,15463.0,66.0,0,,,0.0,0.0,CS100    3,1990-10-25 09:00:28,sinusrhythmus lagetyp normal normales ekg 4.46                          unbestÄtigter bericht,"{'NORM': 100.0, 'SR': 0.0}",MID,,,,False,True,False,,,,,,,1,records100/05000/05222_lr,records500/05000/05222_hr,confirmation,0,0
4138,3315.0,31.0,0,180.0,80.0,6.0,1.0,AT-6     6,1990-05-07 11:21:58,sinus rhythm. normal ecg.,"{'NORM': 100.0, 'SR': 0.0}",,,,0.0,False,False,True,,,,,,,3,records100/04000/04138_lr,records500/04000/04138_hr,confirmation,0,0
8617,17876.0,57.0,1,,,0.0,0.0,CS100    3,1992-07-28 06:44:08,sinusrhythmus lagetyp normal normales ekg 4.46                          unbestÄtigter bericht,"{'NORM': 100.0, 'SR': 0.0}",MID,,,,False,True,False,,,,,,,7,records100/08000/08617_lr,records500/08000/08617_hr,confirmation,0,0
21610,19902.0,66.0,1,,,1.0,2.0,AT-60    3,2000-12-03 07:29:20,sinusrhythmus linkstyp qrs(t) abnorm    anteroseptaler myokardschaden nicht auszuschliessen t abnorm in inferioren ableitungen 4.46                          unbestÄtigter bericht,"{'AMI': 50.0, 'IMI': 50.0, 'ABQRS': 0.0, 'SR': 0.0}",LAD,unknown,,1.0,False,True,True,,,,,,,7,records100/21000/21610_lr,records500/21000/21610_hr,confirmation,1,0
17831,2541.0,49.0,1,167.0,67.0,5.0,1.0,AT-6 C 5.5,1997-05-03 11:32:13,sinus rhythm. left axis deviation. left anterior fascicular block. voltages are high in limb leads suggesting lvh.,"{'LAFB': 100.0, 'LVH': 35.0, 'VCLVH': 0.0, 'SR': 0.0}",LAD,,,0.0,False,False,True,,,,,,,7,records100/17000/17831_lr,records500/17000/17831_hr,confirmation,0,1
7250,12036.0,62.0,0,,,0.0,0.0,CS100    3,1991-11-03 11:07:30,sinusrhythmus a-v block i p-verbreiterung ueberdrehter linkstyp linksanteriorer hemiblock rechtsschenkelblock bifaszikulÄrer block qrs(t) abnorm    anteroseptaler myokardschaden mÖglich 4.46                          unbestÄtigter bericht,"{'ASMI': 15.0, 'CRBBB': 100.0, 'LAFB': 100.0, 'RVH': 50.0, 'ABQRS': 0.0, 'SR': 0.0}",ALAD,unknown,,,False,True,False,,,,,,,2,records100/07000/07250_lr,records500/07000/07250_hr,confirmation,1,1
14200,11598.0,59.0,0,,,1.0,2.0,CS-12,1995-06-07 12:04:38,sinusrhythmus linkslagetyp normales ekg intraventr. leitungsstÖrung f,"{'NORM': 100.0, 'IVCD': 100.0, 'SR': 0.0}",LAD,,,1.0,False,False,True,,,,,,,3,records100/14000/14200_lr,records500/14000/14200_hr,confirmation,0,1
7083,6736.0,87.0,1,160.0,50.0,5.0,1.0,AT-6 C 5.5,1991-10-01 12:22:29,"sinus rhythm. premature ventricular contraction(s). voltages are high in limb leads suggesting lvh. st segments are depressed in i, avl, v4,5,6. this may be due to lv strain or ischaemia.","{'ISC_': 50.0, 'LVH': 35.0, 'VCLVH': 0.0, 'STD_': 0.0, 'SR': 0.0}",,,,0.0,False,False,True,,,,,1ES,,1,records100/07000/07083_lr,records500/07000/07083_hr,confirmation,0,0
17591,11205.0,41.0,0,,,0.0,0.0,CS100    3,1997-02-01 13:09:52,sinusrhythmus lagetyp normal unspezifische intraventrikulÄre leitungsstÖrung unspezifisches abnormes t 4.46                          unbestÄtigter bericht,"{'WPW': 100.0, 'SR': 0.0}",MID,,,,False,True,False,," , I-AVF,  ",,,,,2,records100/17000/17591_lr,records500/17000/17591_hr,confirmation,0,1
19392,14454.0,44.0,1,,,0.0,0.0,CS100    3,1998-07-16 12:58:06,"sinusrhythmus lagetyp normal st & t abnorm, wahrscheinlich    laterale ischÄmie oder linksbelastung 4.46                          unbestÄtigter bericht","{'NST_': 100.0, 'SR': 0.0}",MID,,,,False,True,False,,,I-AVF,,,,1,records100/19000/19392_lr,records500/19000/19392_hr,confirmation,0,0
1141,528.0,74.0,1,163.0,57.0,7.0,1.0,AT-6 C 5.5,1987-09-10 10:30:04,sinus rhythm. no definite pathology.,"{'NORM': 100.0, 'SR': 0.0}",,,,0.0,False,False,True,"v3,6,  ",,,,,,4,records100/01000/01141_lr,records500/01000/01141_hr,confirmation,0,0
6342,4976.0,58.0,0,163.0,75.0,4.0,1.0,AT-6 C 5.5,1991-06-30 08:36:21,"sinus rhythm. st segments are depressed in i, ii, avl, v5,6. non-specific but consistent with myocardial ischaemia.","{'NDT': 100.0, 'STD_': 0.0, 'SR': 0.0}",,,,0.0,False,False,True,,,,,,,6,records100/06000/06342_lr,records500/06000/06342_hr,confirmation,0,0
7251,21439.0,60.0,0,,,0.0,0.0,CS100    3,1991-11-03 11:50:02,sinusrhythmus lagetyp normal qrs(t) abnorm    inferiorer infarkt     wahrscheinlich alt 4.46                          unbestÄtigter bericht,"{'IMI': 15.0, 'ABQRS': 0.0, 'SR': 0.0}",MID,Stadium II-III,,,False,True,False,," , I-AVR,  ",I-AVR,,,,6,records100/07000/07251_lr,records500/07000/07251_hr,confirmation,1,0
15056,1498.0,42.0,0,183.0,67.0,10.0,1.0,AT-6 C 5.5,1995-09-24 12:46:45,sinus rhythm. normal ecg.,"{'NORM': 100.0, 'SR': 0.0}",,,,0.0,False,False,True,,,,,,,2,records100/15000/15056_lr,records500/15000/15056_hr,confirmation,0,0
11752,14344.0,65.0,1,,,0.0,0.0,CS100    3,1994-01-29 06:30:02,"sinusrhythmus verdacht auf p-sinistrocardiale lagetyp normal st & t abnorm, wahrscheinlich    anterolaterale ischÄmie oder linksbelastung    inferolaterale ischÄmie oder linksbelastung 4.46                          unbestÄtigter bericht","{'LVH': 100.0, 'ISC_': 100.0, 'SR': 0.0}",MID,,,,False,True,False,," , I-AVR,  ",,,,,8,records100/11000/11752_lr,records500/11000/11752_hr,confirmation,0,0
18144,4919.0,71.0,0,178.0,80.0,1.0,1.0,AT-6     6,1997-07-16 12:25:06,"sinus rhythm. q waves in ii, iii, avf consistent with old inferior    myocardial infarction.","{'IMI': 35.0, 'QWAVE': 0.0, 'SR': 0.0}",,Stadium III,,0.0,False,False,True,,,,,,,1,records100/18000/18144_lr,records500/18000/18144_hr,confirmation,1,0
13155,9665.0,59.0,1,,,0.0,0.0,CS100    3,1994-10-09 13:16:39,supraventrikulÄre tachykardie lagetyp normal unspezifischer intraventrikulÄrer block qrs(t) abnorm    inferiorer infarkt     alter unbest. 4.46                          unbestÄtigter bericht,"{'PSVT': 100.0, 'ABQRS': 0.0}",MID,unknown,,,False,True,False,,,,,,,8,records100/13000/13155_lr,records500/13000/13155_hr,confirmation,0,0
14511,8755.0,70.0,0,,,0.0,0.0,CS100    3,1995-07-21 07:40:59,sinusrhythmus linkstyp linksschenkelblock 4.46                          unbestÄtigter bericht,"{'CLBBB': 100.0, 'SR': 0.0}",LAD,,,,False,True,False,,,,,,,5,records100/14000/14511_lr,records500/14000/14511_hr,confirmation,0,1
5165,8187.0,68.0,0,,,0.0,0.0,CS100    3,1990-10-14 09:50:05,sinusrhythmus lagetyp normal normales ekg 4.46                          unbestÄtigter bericht,"{'NORM': 100.0, 'SR': 0.0}",MID,,,,False,True,False,," , I-AVF,  ",,,,,3,records100/05000/05165_lr,records500/05000/05165_hr,confirmation,0,0
941,566.0,71.0,1,156.0,54.0,10.0,1.0,AT-6     6,1987-07-18 08:06:49,"sinus rhythm. st segments are depressed in i, ii, v3-6. t waves are inverted in i, avl, v3-6. non-specific but consistent with myocardial ischaemia.","{'ISCAS': 100.0, 'ISCAL': 100.0, 'INVT': 0.0, 'STD_': 0.0, 'SR': 0.0}",,,,0.0,False,False,True,,,,,,,3,records100/00000/00941_lr,records500/00000/00941_hr,confirmation,0,0
21188,16803.0,46.0,0,,,0.0,0.0,CS100    3,2000-07-22 13:10:45,sinusrhythmus lagetyp normal normales ekg 4.46                          unbestÄtigter bericht,"{'NORM': 100.0, 'SR': 0.0}",MID,,,,False,True,False,"II-V6,  ",,,,,,2,records100/21000/21188_lr,records500/21000/21188_hr,confirmation,0,0
21419,12516.0,73.0,0,,,0.0,0.0,CS100    3,2000-10-04 12:21:21,schrittmacher ekg 4.46                          unbestÄtigter bericht,{'PACE': 100.0},,,,,False,True,False,,,,,,"ja, pacemaker",6,records100/21000/21419_lr,records500/21000/21419_hr,confirmation,0,0
8725,6993.0,78.0,0,175.0,60.0,,5.0,AT-6 C 5.5,1992-08-07 17:17:34,"sinus rhythm. qs complexes and slight st segment elevation in v2,3. t waves are flat in i, v6 and inverted in avl, v4,5. consistent with ischaemic heart disease with anterior myocardial infarction of uncertain age, probably old.","{'ASMI': 100.0, 'LAFB': 100.0, 'SR': 0.0}",,Stadium III,,2.0,False,False,True,,,,,,,7,records100/08000/08725_lr,records500/08000/08725_hr,confirmation,1,1
17236,20087.0,51.0,0,,,0.0,0.0,CS100    3,1996-11-19 09:17:30,sinusrhythmus lagetyp normal unvollstÄndiger rechtsschenkelblock sonst normales ekg 4.46                          unbestÄtigter bericht,"{'IRBBB': 100.0, 'SR': 0.0}",MID,,,,False,True,False,,,,,,,7,records100/17000/17236_lr,records500/17000/17236_hr,confirmation,0,1
9603,9047.0,32.0,0,,,0.0,0.0,CS100    3,1993-01-09 11:20:35,sinusrhythmus lagetyp normal unspezifische intraventrikulÄre leitungsstÖrung 4.46                          unbestÄtigter bericht,"{'NORM': 100.0, 'SR': 0.0}",MID,,,,False,True,False,,,,,,,3,records100/09000/09603_lr,records500/09000/09603_hr,confirmation,0,0
7891,12620.0,55.0,0,,67.0,0.0,0.0,CS-12   E,1992-03-20 09:18:26,sinusrhythmus normales ekg,"{'NORM': 100.0, 'SR': 0.0}",,,,,False,False,True,,,,,,,6,records100/07000/07891_lr,records500/07000/07891_hr,confirmation,0,0
16216,7242.0,67.0,1,152.0,55.0,3.0,1.0,AT-6     6,1996-06-25 10:44:53,"sinus rhythm. t waves are low or flat in i, avl, v2-6. non-specific but consistent with myocardial ischaemia. suggest exclude hypokalaemia.","{'ALMI': 15.0, 'LOWT': 0.0, 'SR': 0.0}",,unknown,,0.0,False,False,True,,,,,,,3,records100/16000/16216_lr,records500/16000/16216_hr,confirmation,1,0
5297,14047.0,65.0,0,,,0.0,0.0,CS100    3,1990-11-03 12:50:42,sinusrhythmus a-v block i p-verbreiterung lagetyp normal qrs(t) abnorm    inferiorer myokardschaden mÖglich 4.46                          unbestÄtigter bericht,"{'IMI': 15.0, '1AVB': 100.0, 'LAO/LAE': 50.0, 'LVH': 50.0, 'IVCD': 100.0, 'ABQRS': 0.0, 'SR': 0.0}",MID,unknown,,,False,True,False,,,,,,,4,records100/05000/05297_lr,records500/05000/05297_hr,confirmation,1,1
5001,6715.0,69.0,0,171.0,70.0,4.0,1.0,AT-6 C 5.5,1990-09-16 12:23:59,sinus rhythm. normal ecg.,"{'NORM': 100.0, 'SR': 0.0}",,,,0.0,False,False,True,,,,,,,7,records100/05000/05001_lr,records500/05000/05001_hr,confirmation,0,0
13973,4433.0,54.0,0,180.0,95.0,11.0,1.0,AT-6 C 5.5,1995-04-10 12:35:12,sinus rhythm. normal ecg.,"{'NORM': 100.0, 'SR': 0.0}",,,,0.0,False,False,True,,,,,,,2,records100/13000/13973_lr,records500/13000/13973_hr,confirmation,0,0
15506,16612.0,62.0,0,,,0.0,0.0,CS100    3,1995-12-22 06:20:17,sinusrhythmus lagetyp normal normales ekg 4.46                          unbestÄtigter bericht,"{'NORM': 100.0, 'SR': 0.0}",MID,,,,False,True,False,,,,,,,4,records100/15000/15506_lr,records500/15000/15506_hr,confirmation,0,0
4000,5410.0,37.0,0,172.0,75.0,1.0,1.0,AT-6 C 5.3,1990-04-16 11:37:28,sinus rhythm. normal ecg.,"{'NORM': 100.0, 'SR': 0.0}",,,,0.0,False,False,True,,,,,,,7,records100/04000/04000_lr,records500/04000/04000_hr,confirmation,0,0
7072,6110.0,77.0,1,155.0,40.0,10.0,1.0,AT-6     6,1991-09-30 09:31:16,"sinus tachycardia. qs complexes in v2,3 consistent with old anteroseptal    myocardial infarction. non-specific t wave flattening in i and inversion in    avl.","{'ASMI': 80.0, 'NT_': 0.0, 'STACH': 0.0}",,Stadium III,,0.0,False,False,True,,,,,,,2,records100/07000/07072_lr,records500/07000/07072_hr,confirmation,1,0
8954,4541.0,66.0,1,145.0,44.0,10.0,1.0,AT-6 C 5.5,1992-09-11 10:41:10,sinus tachycardia. no definite pathology.,"{'NDT': 100.0, 'STACH': 0.0}",,,,0.0,False,False,True,,,,,,,7,records100/08000/08954_lr,records500/08000/08954_hr,confirmation,0,0
467,6882.0,70.0,1,167.0,70.0,1.0,1.0,AT-6 C 5.8,1987-02-25 17:34:31,"sinus rhythm. normal ecg. Edit: NORM 100, rSIII(NORM 100)","{'NORM': 100.0, 'SR': 0.0}",,,,0.0,True,False,True,,,,,,,2,records100/00000/00467_lr,records500/00000/00467_hr,confirmation,0,0
4526,7890.0,73.0,1,168.0,70.0,6.0,1.0,AT-6 C 5.8,1990-07-22 00:07:23,"sinus rhythm. minor non-specific st segment depression in i, avl.","{'NST_': 100.0, 'STD_': 0.0, 'SR': 0.0}",,,,0.0,False,False,True,,,,,,,5,records100/04000/04526_lr,records500/04000/04526_hr,confirmation,0,0
11215,9454.0,76.0,0,,,0.0,0.0,CS100    3,1993-10-16 11:28:18,sinusrhythmus a-v block i ueberdrehter rechtstyp rechtsschenkelblock qrs(t) abnorm    lateraler infarkt     alter unbest.    inferiorer infarkt     alter unbest. 4.46                          unbestÄtigter bericht,"{'ILMI': 100.0, 'ASMI': 50.0, 'CRBBB': 100.0, 'ABQRS': 0.0, 'SR': 0.0}",ARAD,unknown,,,False,True,False,,,,,,,4,records100/11000/11215_lr,records500/11000/11215_hr,confirmation,1,1
2346,9236.0,46.0,0,,73.0,0.0,0.0,CS-12   E,1988-11-12 15:08:10,sinusrhythmus verdacht auf p-sinistrocardiale lagetyp normal,"{'NORM': 100.0, 'SR': 0.0}",MID,,,,False,False,True," , II,III,AVF",,,,,,2,records100/02000/02346_lr,records500/02000/02346_hr,confirmation,0,0
17022,1225.0,54.0,0,183.0,100.0,5.0,1.0,AT-6 C 5.5,1996-10-06 07:30:48,sinus rhythm. normal ecg.,"{'NORM': 100.0, 'SR': 0.0}",,,,0.0,False,False,True,,,,,,,7,records100/17000/17022_lr,records500/17000/17022_hr,confirmation,0,0
20733,18626.0,85.0,1,,,0.0,0.0,CS100    3,1999-10-25 09:18:56,schrittmacher ekg 4.46                          unbestÄtigter bericht,{'PACE': 100.0},,,,,False,True,False,," , I-AVR,  ",,,,"ja, pacemaker",7,records100/20000/20733_lr,records500/20000/20733_hr,confirmation,0,0
1605,5385.0,82.0,1,160.0,75.0,10.0,1.0,AT-6     6,1988-04-25 15:04:22,"sinus arrhythmia. st segments are depressed in i, avl. t waves are low in i, v6 and inverted in avl. this may be due to lv strain or ischaemia.","{'NDT': 100.0, 'LOWT': 0.0, 'STD_': 0.0, 'SARRH': 0.0}",,,,0.0,False,False,True,,,,,,,7,records100/01000/01605_lr,records500/01000/01605_hr,confirmation,0,0
270,1480.0,50.0,0,188.0,93.0,7.0,1.0,AT-6 C 5.5,1986-09-06 19:26:43,sinus tachycardia. qs complexes in v2 and tiny r waves in v3 consistent    with old anteroseptal myocardial infarction.,"{'ASMI': 100.0, 'IMI': 100.0, 'STACH': 0.0}",,Stadium III,,0.0,False,False,True,,,,,,,4,records100/00000/00270_lr,records500/00000/00270_hr,confirmation,1,0
1588,3113.0,67.0,1,158.0,70.0,1.0,1.0,AT-6     6,1988-04-23 19:59:06,trace only requested.,"{'IMI': 15.0, 'NDT': 100.0}",,unknown,,0.0,False,False,True,,,,,,,3,records100/01000/01588_lr,records500/01000/01588_hr,confirmation,1,0
17156,19359.0,70.0,1,,,0.0,0.0,CS100    3,1996-10-31 12:29:08,"ventrikulÄre extrasystole(n), bigeminus vorhofflimmern/-flattern schwierig bestimmbare qrs-achse linksanteriorer hemiblock rechtsschenkelblock bifaszikulÄrer block qrs(t) abnorm    inferiorer infarkt mÖglich 4.46                          unbestÄtigter ber","{'IMI': 100.0, 'CRBBB': 100.0, 'PVC': 100.0, 'ABQRS': 0.0, 'AFIB': 0.0}",,unknown,,,False,False,True,," , I-AVF,  ",,,"VES6,alles",,5,records100/17000/17156_lr,records500/17000/17156_hr,confirmation,1,1
15103,6169.0,300.0,1,152.0,44.0,11.0,1.0,AT-6 C 5.5,1995-09-30 11:12:50,premature atrial contraction(s). sinus tachycardia. slightly prolonged pr interval. left axis deviation. non-specific intraventricular block. left ventricular hypertrophy.,"{'IMI': 15.0, 'ASMI': 100.0, 'LVH': 100.0, 'ISC_': 100.0, 'LAFB': 100.0, 'PAC': 0.0, 'LPR': 0.0, 'STACH': 0.0}",LAD,unknown,,0.0,False,False,True,,,,,,,5,records100/15000/15103_lr,records500/15000/15103_hr,confirmation,1,1
20227,17239.0,71.0,1,,,0.0,0.0,CS100    3,1999-01-30 12:22:12,sinusrhythmus linkstyp unspezifisches abnormes t 4.46                          unbestÄtigter bericht,"{'NDT': 100.0, 'SR': 0.0}",LAD,,,,False,True,False,,,,,,,3,records100/20000/20227_lr,records500/20000/20227_hr,confirmation,0,0
20256,15708.0,78.0,1,,,1.0,2.0,AT-60    3,1999-03-01 12:15:21,supraventrikulÄre extrasystole(n) sinusrhythmus lagetyp normal sonst normales ekg 4.46                          unbestÄtigter bericht,"{'NORM': 80.0, 'SR': 0.0}",MID,,,1.0,False,True,True,,,,,SVES,,8,records100/20000/20256_lr,records500/20000/20256_hr,confirmation,0,0
929,2051.0,65.0,1,176.0,65.0,5.0,1.0,AT-6     6,1987-07-16 14:42:29,sinus rhythm. normal ecg.,"{'NORM': 100.0, 'SR': 0.0}",,,,0.0,False,False,True,,,,,,,5,records100/00000/00929_lr,records500/00000/00929_hr,confirmation,0,0
12969,8790.0,45.0,0,,,0.0,0.0,CS100    3,1994-09-13 13:28:49,sinusrhythmus lagetyp normal t abnorm in anteroseptalen ableitungen 4.46                          unbestÄtigter bericht,"{'NORM': 100.0, 'SR': 0.0}",MID,,,,False,True,False,,,,,,,3,records100/12000/12969_lr,records500/12000/12969_hr,confirmation,0,0
21605,16659.0,64.0,0,,,1.0,2.0,AT-60    3,2000-12-02 09:22:14,sinusrhythmus ueberdrehter linkstyp rechtsschenkelblock 4.46                          unbestÄtigter bericht,"{'CRBBB': 100.0, 'LAFB': 100.0, 'SR': 0.0}",ALAD,,,1.0,False,True,True,,,,,,,3,records100/21000/21605_lr,records500/21000/21605_hr,confirmation,0,1
9489,16097.0,51.0,1,,,1.0,2.0,CS-12,1992-12-13 12:23:44,sinusrhythmus linkstyp sonst normales ekg,"{'NORM': 80.0, 'SR': 0.0}",LAD,,,1.0,False,False,True,,,,,,,7,records100/09000/09489_lr,records500/09000/09489_hr,confirmation,0,0
13442,15333.0,66.0,0,,,0.0,0.0,CS100    3,1994-12-08 09:51:43,schrittmacher ekg 4.46                          unbestÄtigter bericht,{'PACE': 100.0},,,,,False,True,False,,,,,,"ja, pacemaker",4,records100/13000/13442_lr,records500/13000/13442_hr,confirmation,0,0
8449,1557.0,85.0,0,163.0,85.0,4.0,1.0,AT-6 C 5.5,1992-07-14 16:54:34,"sinus rhythm. right bundle branch block. q waves in ii, iii, avf consistent with old inferior    myocardial infarction.","{'IMI': 100.0, 'CRBBB': 100.0, 'LAFB': 100.0, 'QWAVE': 0.0, 'SR': 0.0}",,Stadium III,,0.0,False,False,True,,,,,,,4,records100/08000/08449_lr,records500/08000/08449_hr,confirmation,1,1
21558,9445.0,45.0,0,,,1.0,2.0,AT-60    3,2000-11-15 13:41:26,sinusrhythmus p-verbreiterung lagetyp normal 4.46                          unbestÄtigter bericht,"{'NORM': 100.0, 'SR': 0.0}",MID,,,1.0,False,True,True,," , I-V1,V6,  ",,,,,6,records100/21000/21558_lr,records500/21000/21558_hr,confirmation,0,0
6253,17313.0,42.0,0,,,1.0,2.0,CS-12,1991-06-10 09:53:29,"sinusbradykardie                                        mitteltyp part. rsb angedeutete u-welle in v2-5 kammerhypertrophie lvh mÖglich (sokolow 3,3mv)","{'LVH': 100.0, 'IRBBB': 100.0, 'SBRAD': 0.0}",MID,,,1.0,False,False,True,,,,,,,4,records100/06000/06253_lr,records500/06000/06253_hr,confirmation,0,1
5630,8178.0,26.0,1,,,0.0,0.0,CS100    3,1991-01-11 08:26:24,sinusrhythmus lagetyp normal normales ekg 4.46                          unbestÄtigter bericht,"{'NORM': 100.0, 'SR': 0.0}",MID,,,,False,True,False,,,,,,,3,records100/05000/05630_lr,records500/05000/05630_hr,confirmation,0,0
14063,7932.0,46.0,0,185.0,109.0,4.0,1.0,AT-6 C 5.5,1995-04-27 11:22:53,sinus rhythm. normal ecg.,"{'NORM': 100.0, 'SR': 0.0}",,,,0.0,False,False,True,,,,,,,3,records100/14000/14063_lr,records500/14000/14063_hr,confirmation,0,0
16426,19158.0,73.0,1,,,1.0,2.0,CS-12,1996-07-18 14:00:02,wandernder schrittmacher lagetyp normal atriale leitungsstoerung qt-verlÄngerung pathologisch,"{'EL': 100.0, 'PACE': 0.0}",MID,,,1.0,False,False,True,,,,,,"ja, pacemaker",1,records100/16000/16426_lr,records500/16000/16426_hr,confirmation,0,0
19068,9640.0,40.0,0,,,0.0,0.0,CS100    3,1998-01-09 09:16:47,sinusrhythmus p-sinistrocardiale lagetyp normal linksschenkelblock linkshypertrophie mÖglich 4.46                          unbestÄtigter bericht,"{'CLBBB': 100.0, 'LAO/LAE': 100.0, 'SR': 0.0}",MID,,,,False,True,False,," , I-AVF,  ",,,,,5,records100/19000/19068_lr,records500/19000/19068_hr,confirmation,0,1
976,4990.0,42.0,1,170.0,70.0,5.0,1.0,AT-6 C 5.5,1987-07-23 17:33:08,sinus tachycardia. otherwise normal ecg.,"{'NORM': 80.0, 'STACH': 0.0}",,,,0.0,False,False,True,,,,,,,4,records100/00000/00976_lr,records500/00000/00976_hr,confirmation,0,0
1170,1657.0,27.0,1,173.0,56.0,4.0,1.0,AT-6 C 5.5,1987-09-13 08:25:56,sinus rhythm. normal ecg.,"{'NORM': 100.0, 'SR': 0.0}",,,,0.0,False,False,True,,,,,,,1,records100/01000/01170_lr,records500/01000/01170_hr,confirmation,0,0
4917,1393.0,65.0,0,168.0,75.0,7.0,1.0,AT-6 C 5.5,1990-09-07 20:51:09,"sinus rhythm. non-specific intraventricular delay. non-specific t wave flattening in i, avl, v5,6.","{'IMI': 15.0, 'IVCD': 100.0, 'NT_': 0.0, 'SR': 0.0}",,unknown,,0.0,False,False,True,,,,,,,7,records100/04000/04917_lr,records500/04000/04917_hr,confirmation,1,1
16381,12132.0,66.0,0,,,0.0,0.0,CS100    3,1996-07-13 16:08:06,vorhofflimmern/-flattern linkstyp linkshypertrophie mÖglich qrs(t) abnorm    inferiorer infarkt     alter unbest. 4.46                          unbestÄtigter bericht,"{'IMI': 100.0, 'LVH': 50.0, 'ABQRS': 0.0, 'AFIB': 0.0}",LAD,unknown,,,False,True,False,,,,,,,5,records100/16000/16381_lr,records500/16000/16381_hr,confirmation,1,0
20422,18839.0,60.0,0,,,0.0,0.0,CS100    3,1999-08-01 07:05:15,sinusrhythmus verdacht auf p-sinistrocardiale ueberdrehter linkstyp unspezifische intraventrikulÄre leitungsstÖrung qrs(t) abnorm    lateraler infarkt     alter unbest.    inferiorer infarkt mÖglich 4.46                          unbestÄtigter bericht,"{'ILMI': 100.0, 'ABQRS': 0.0, 'SR': 0.0}",ALAD,Stadium III,,,False,True,False,,,,,,,2,records100/20000/20422_lr,records500/20000/20422_hr,confirmation,1,0
9566,12751.0,28.0,1,,52.0,2.0,0.0,CS-12   E,1993-01-02 13:36:51,sinusrhythmus normales ekg,"{'NORM': 100.0, 'SR': 0.0}",,,,,False,False,True,,,,,,,4,records100/09000/09566_lr,records500/09000/09566_hr,confirmation,0,0
3442,4998.0,39.0,0,179.0,68.0,10.0,1.0,AT-6 C 5.5,1989-09-14 07:38:32,sinus rhythm. nonspecific st elevation in chest leads is within   normal limits.,"{'NORM': 80.0, 'SR': 0.0}",,,,6.0,False,False,True,,,,,,,3,records100/03000/03442_lr,records500/03000/03442_hr,confirmation,0,0
1641,2379.0,81.0,0,160.0,64.0,3.0,1.0,AT-6 C 5.5,1988-04-30 10:54:24,pacemaker spikes noted. a regular paced rhythm is present. apparently normal pacemaker function. abnormal nature of complexes obscures further    interpretation.,{'PACE': 100.0},,,,0.0,False,False,True,,,,,,"ja, pacemaker",2,records100/01000/01641_lr,records500/01000/01641_hr,confirmation,0,0
2329,16352.0,40.0,1,,,1.0,2.0,CS-12,1988-10-12 15:37:34,sinusbradykardie lagetyp normal sonst normales ekg,"{'NORM': 80.0, 'SBRAD': 0.0}",MID,,,1.0,False,False,True,,,,,,,2,records100/02000/02329_lr,records500/02000/02329_hr,confirmation,0,0
21617,9234.0,72.0,0,,,1.0,2.0,AT-60    3,2000-12-04 17:30:48,sinusrhythmus lagetyp normal normales ekg 4.46                          unbestÄtigter bericht,"{'NORM': 100.0, 'SR': 0.0}",MID,,,1.0,False,True,True,,,,,,,6,records100/21000/21617_lr,records500/21000/21617_hr,confirmation,0,0
6002,7588.0,29.0,0,183.0,80.0,6.0,1.0,AT-6 C 5.3,1991-04-14 16:01:41,"sinus bradycardia. otherwise normal ecg. the bradycardia may be physiological. Edit: NORM 80, IRBBB 50, NORM 55,6%, BBB 20,4%, (NORM 100, IRBBB 100)","{'NORM': 100.0, 'IRBBB': 100.0, 'SBRAD': 0.0}",,,,0.0,True,False,True,,,,,,,4,records100/06000/06002_lr,records500/06000/06002_hr,confirmation,0,1
17315,18020.0,74.0,0,,,0.0,0.0,CS100    3,1996-12-06 13:50:14,sinusrhythmus linkstyp sonst normales ekg 4.46                          unbestÄtigter bericht,"{'NORM': 80.0, 'SR': 0.0}",LAD,,,,False,True,False,," , I-AVF,  ",,,,,7,records100/17000/17315_lr,records500/17000/17315_hr,confirmation,0,0
3016,465.0,75.0,1,,52.0,4.0,1.0,AT-6 C 5.5,1989-07-01 17:41:29,"atrial fibrillation with rapid ventricular response. st segments are depressed in ii, iii, avf, v5,6. non-specific but consistent with myocardial ischaemia.","{'NDT': 100.0, 'STD_': 0.0, 'AFIB': 0.0}",,,,0.0,False,False,True,,,,,,,5,records100/03000/03016_lr,records500/03000/03016_hr,confirmation,0,0
7341,17301.0,57.0,0,,,0.0,0.0,CS100    3,1991-11-21 18:04:02,sinusrhythmus linkstyp sonst normales ekg 4.46                          unbestÄtigter bericht,"{'NORM': 80.0, 'SR': 0.0}",LAD,,,,False,True,False,,,,,,,5,records100/07000/07341_lr,records500/07000/07341_hr,confirmation,0,0
105,18974.0,19.0,0,,82.0,2.0,0.0,CS-12   E,1985-12-12 15:01:42,sinusrhythmus qrs(t) abnormal,"{'NORM': 100.0, 'ABQRS': 0.0, 'SR': 0.0}",,,,1.0,False,False,True,,,I-V2,,,,3,records100/00000/00105_lr,records500/00000/00105_hr,confirmation,0,0
14488,2742.0,67.0,1,163.0,70.0,7.0,1.0,AT-6 C 5.8,1995-07-19 21:55:18,sinus rhythm. no definite pathology.,"{'NORM': 100.0, 'SR': 0.0}",,,,0.0,False,False,True,,,,,,,6,records100/14000/14488_lr,records500/14000/14488_hr,confirmation,0,0
11617,14186.0,48.0,0,,,0.0,0.0,CS100    3,1994-01-10 09:22:59,sinusrhythmus lagetyp normal qrs(t) abnorm    inferiorer infarkt     wahrscheinlich alt 4.46                          unbestÄtigter bericht,"{'NORM': 100.0, 'ABQRS': 0.0, 'SR': 0.0}",MID,Stadium II-III,,,False,True,False,," , I-AVR,  ",,,,,1,records100/11000/11617_lr,records500/11000/11617_hr,confirmation,0,0
871,5322.0,67.0,1,165.0,,1.0,1.0,AT-6     6,1987-07-03 14:13:22,"sinus rhythm. left axis deviation. right bundle branch block. Edit: ASMI 15, ALMI 15, CRBBB, (CRBBB, LAFB)","{'CRBBB': 100.0, 'LAFB': 100.0, 'SR': 0.0}",LAD,Stadium III,Stadium III,0.0,True,False,True,,,,,,,4,records100/00000/00871_lr,records500/00000/00871_hr,confirmation,0,1
6963,17666.0,56.0,1,,,0.0,0.0,CS100    3,1991-09-12 12:46:54,sinustachykardie lagetyp normal sonst normales ekg 4.46                          unbestÄtigter bericht,"{'NORM': 80.0, 'STACH': 0.0}",MID,,,,False,True,False,,,,,,,8,records100/06000/06963_lr,records500/06000/06963_hr,confirmation,0,0
21405,12577.0,53.0,0,,,0.0,0.0,CS100    3,2000-09-30 12:42:30,ventrikulÄre extrasystole(n) sinus arrhythmie a-v block i verdacht auf p-sinistrocardiale lagetyp normal linksschenkelblock linkshypertrophie mÖglich 4.46                          unbestÄtigter bericht,"{'CLBBB': 100.0, 'SARRH': 0.0}",MID,,,,False,True,False,," , alles,  ",,,VES,,5,records100/21000/21405_lr,records500/21000/21405_hr,confirmation,0,1
17090,19848.0,64.0,1,,,1.0,2.0,AT-60    3,1996-10-18 16:06:12,sinusrhythmus linkstyp mÄssige amplitudenkriterien fÜr linkshypertrophie 4.46                          unbestÄtigter bericht,"{'NORM': 80.0, 'VCLVH': 0.0, 'SR': 0.0}",LAD,,,1.0,False,True,True,,,,,,,3,records100/17000/17090_lr,records500/17000/17090_hr,confirmation,0,0
13920,21557.0,59.0,0,,,0.0,0.0,CS-12   E,1995-03-25 16:18:00,sinusrhythmus verdacht auf p-sinistrocardiale lagetyp normal,"{'NORM': 100.0, 'SR': 0.0}",MID,,,,False,False,True,,,,,,,1,records100/13000/13920_lr,records500/13000/13920_hr,confirmation,0,0
15840,8908.0,80.0,1,,,,3.0,AT-6 C,1996-03-12 12:28:56,"ventrikulÄr(a) extrasystoli(er) fÖrmaksflimmer med hÖg kammarfrekvens vÄnster el-axel lÅga qrs amplituder i extremitetsavledningarna st-t sÄnkning, sÅsom vid    anterolateral ischemi eller vÄnster belastning t-fÖrÄndring, sÅsom vid    anterior myokardaffe","{'ISCAN': 100.0, 'ISCAS': 100.0}",,,,,False,False,True," , V1,V2;V6"," , I-AVF,  ",,,,,8,records100/15000/15840_lr,records500/15000/15840_hr,confirmation,0,0
3516,1652.0,70.0,1,163.0,58.0,6.0,1.0,AT-6     6,1989-10-01 12:33:06,sinus rhythm. voltages in limb leads are at upper limit. left axis deviation. left anterior fascicular block. incomplete right bundle branch block.,"{'LAFB': 100.0, 'NDT': 100.0, 'SR': 0.0}",LAD,,,0.0,False,False,True,,,,,,,4,records100/03000/03516_lr,records500/03000/03516_hr,confirmation,0,1
6995,20253.0,52.0,0,,,0.0,0.0,CS100    3,1991-09-16 11:40:21,sinustachykardie linkstyp qrs(t) abnorm    lateraler myokardschaden nicht auszuschliessen 4.46                          unbestÄtigter bericht,"{'IMI': 15.0, 'ABQRS': 0.0, 'STACH': 0.0}",LAD,unknown,,,False,True,False,,,,,,,4,records100/06000/06995_lr,records500/06000/06995_hr,confirmation,1,0
12578,21141.0,56.0,0,,,0.0,0.0,CS100    3,1994-07-27 09:52:52,sinusrhythmus lagetyp normal normales ekg 4.46                          unbestÄtigter bericht,"{'NORM': 100.0, 'SR': 0.0}",MID,,,,False,True,False,,,,,,,6,records100/12000/12578_lr,records500/12000/12578_hr,confirmation,0,0
14875,21420.0,48.0,1,,,0.0,0.0,CS100    3,1995-09-04 06:35:00,sinusrhythmus a-v block i verdacht auf p-sinistrocardiale ueberdrehter linkstyp linksanteriorer hemiblock t abnorm in anterolateralen ableitungen    inferolateralen ableitungen 4.46                          unbestÄtigter bericht,"{'LAFB': 100.0, 'NST_': 100.0, 'LAO/LAE': 100.0, 'SR': 0.0}",ALAD,,,,False,True,False,," , I-AVR,  ",,,,,8,records100/14000/14875_lr,records500/14000/14875_hr,confirmation,0,1
11552,20250.0,70.0,1,,,1.0,2.0,CS-12,1993-12-20 15:49:01,sinusrhythmus lagetyp normal qrs(t) abnormal    anterolateraler myokardschaden mÖglich,"{'NORM': 50.0, 'ABQRS': 0.0, 'SR': 0.0}",MID,,,1.0,False,False,True,,,,,,,1,records100/11000/11552_lr,records500/11000/11552_hr,confirmation,0,0
13982,4189.0,49.0,1,164.0,75.0,11.0,1.0,AT-6     6,1995-04-13 10:47:22,sinus rhythm. normal ecg.,"{'NORM': 100.0, 'SR': 0.0}",,,,0.0,False,False,True,,,,,,,5,records100/13000/13982_lr,records500/13000/13982_hr,confirmation,0,0
5874,16697.0,56.0,0,,,,3.0,AT-6 C,1991-03-05 10:07:46,"sinusrytm avvikande qrs(t) fÖrlopp    hÖg lateral infarkt bÖr ÖvervÄgas st-t sÄnkning, sÅsom vid    anterior ischemi eller vÄnster belastning","{'ALMI': 15.0, 'SR': 0.0}",,unknown,,,False,False,True," , V4 stark",,,,1ES,,1,records100/05000/05874_lr,records500/05000/05874_hr,confirmation,1,0
10567,18253.0,53.0,1,,,0.0,0.0,CS100    3,1993-07-18 13:39:09,sinusrhythmus lagetyp normal qrs(t) abnorm    inferiorer myokardschaden mÖglich 4.46                          unbestÄtigter bericht,"{'IMI': 15.0, 'ABQRS': 0.0, 'SR': 0.0}",MID,unknown,,,False,True,False,,,,,,,2,records100/10000/10567_lr,records500/10000/10567_hr,confirmation,1,0
13564,21121.0,71.0,0,,,0.0,0.0,CS100    3,1995-01-10 05:02:00,sinusrhythmus lagetyp normal unspezifischer intraventrikulÄrer block qrs(t) abnorm    inferiorer infarkt     alter unbest. 4.46                          unbestÄtigter bericht,"{'IMI': 100.0, 'IVCD': 100.0, 'LVH': 100.0, 'ISC_': 100.0, 'ABQRS': 0.0, 'SR': 0.0}",MID,unknown,,,False,True,False,,,,,,,6,records100/13000/13564_lr,records500/13000/13564_hr,confirmation,1,1
1340,21056.0,45.0,1,,69.0,0.0,0.0,CS-12   E,1988-01-31 08:23:02,sinusrhythmus normales ekg,"{'NORM': 100.0, 'SR': 0.0}",,,,,False,False,True," , V6",,,,,,2,records100/01000/01340_lr,records500/01000/01340_hr,confirmation,0,0
8992,15894.0,57.0,1,,,1.0,2.0,CS-12,1992-09-14 12:46:19,sinusrhythmus lagetyp normal normales ekg,"{'NORM': 100.0, 'SR': 0.0}",MID,,,1.0,False,False,True,,,,,,,7,records100/08000/08992_lr,records500/08000/08992_hr,confirmation,0,0
6980,17131.0,45.0,0,,,0.0,0.0,CS100    3,1991-09-14 10:48:20,sinusrhythmus lagetyp normal periphere niederspannung 4.46                          unbestÄtigter bericht,"{'NORM': 100.0, 'SR': 0.0}",MID,,,,False,True,False,,,,,,,3,records100/06000/06980_lr,records500/06000/06980_hr,confirmation,0,0
6361,1217.0,71.0,0,165.0,66.0,10.0,1.0,AT-6 C 5.8,1991-07-01 21:40:32,sinus rhythm. incomplete right bundle branch block. non-specific t wave flattening in i and slight    inversion in avl.,"{'NORM': 80.0, 'IRBBB': 100.0, 'NT_': 0.0, 'SR': 0.0}",,,,0.0,False,False,True,,,,,,,3,records100/06000/06361_lr,records500/06000/06361_hr,confirmation,0,1
13583,14765.0,66.0,1,,,0.0,0.0,CS100    3,1995-01-11 13:54:30,vorhofflimmern/-flattern lagetyp normal rechtsschenkelblock 4.46                          unbestÄtigter bericht,"{'IRBBB': 100.0, 'INJAS': 100.0, 'LVH': 100.0, 'ISC_': 100.0, 'AFIB': 0.0}",MID,unknown,,,False,True,False,," , alles,  ",,,,,2,records100/13000/13583_lr,records500/13000/13583_hr,confirmation,1,1
14772,20923.0,50.0,1,,,0.0,0.0,CS100    3,1995-08-16 06:22:00,sinusrhythmus p-sinistrocardiale lagetyp normal unspezifisches abnormes t 4.46                          unbestÄtigter bericht,"{'NDT': 100.0, 'SR': 0.0}",MID,,,,False,True,False,,,,,,,6,records100/14000/14772_lr,records500/14000/14772_hr,confirmation,0,0
14663,748.0,71.0,1,158.0,60.0,,8.0,AT-6 C 5.5,1995-08-04 11:25:45,sinus rhythm. non-specific t wave flattening in i and inversion in    avl. otherwise normal ecg.,"{'NORM': 80.0, 'NT_': 0.0, 'SR': 0.0}",,,,2.0,False,False,True,,,,,,,4,records100/14000/14663_lr,records500/14000/14663_hr,confirmation,0,0
5002,3155.0,66.0,0,180.0,100.0,8.0,1.0,AT-6 C 5.5,1990-09-16 13:12:20,sinus rhythm. normal ecg.,"{'NORM': 100.0, 'SR': 0.0}",,,,0.0,False,False,True,,,,,,,5,records100/05000/05002_lr,records500/05000/05002_hr,confirmation,0,0
15617,8326.0,50.0,0,,,1.0,2.0,CS-12,1996-01-17 16:01:59,"sinustachykardie lagetyp normal st & t abnormal, wahrscheinlich    inferiore ischÄmie oder linksbelastung","{'LNGQT': 100.0, 'STACH': 0.0}",MID,,,1.0,False,False,True,," , I-AVR,  ",,,,,6,records100/15000/15617_lr,records500/15000/15617_hr,confirmation,0,0
20425,19692.0,60.0,1,,,1.0,2.0,CS-12,1999-08-01 11:22:04,sinusrhythmus lagetyp normal qrs(t) abnormal    anterolateraler myokardschaden mÖglich,"{'ASMI': 50.0, 'ABQRS': 0.0, 'SR': 0.0}",MID,unknown,,1.0,False,False,True,,,,,,,8,records100/20000/20425_lr,records500/20000/20425_hr,confirmation,1,0
19578,14294.0,81.0,1,,,1.0,2.0,CS-12,1998-09-02 16:09:42,sinusrhythmus lagetyp normal periphere niederspannung qrs(t) abnormal    inferiorer infarkt     wahrscheinlich alt,"{'IMI': 100.0, 'ABQRS': 0.0, 'SR': 0.0}",MID,Stadium II-III,,1.0,False,False,True,," , alles,  ",,,,,2,records100/19000/19578_lr,records500/19000/19578_hr,confirmation,1,0
10748,1548.0,70.0,1,165.0,70.0,,11.0,AT-6     6,1993-08-04 12:00:49,sinus rhythm. borderline left axis deviation. no definite pathology.,"{'NORM': 100.0, 'SR': 0.0}",AXL,,,2.0,False,False,True,,,,,,,1,records100/10000/10748_lr,records500/10000/10748_hr,confirmation,0,0
254,7415.0,63.0,0,165.0,,8.0,1.0,AT-6 C 5.5,1986-09-05 14:01:41,sinus rhythm. normal ecg.,"{'NORM': 100.0, 'SR': 0.0}",,,,0.0,False,False,True,,,,,,,5,records100/00000/00254_lr,records500/00000/00254_hr,confirmation,0,0
10257,18038.0,82.0,1,,,1.0,2.0,CS-12,1993-06-11 06:34:51,sinusrhythmus lagetyp normal qt-verlÄngerung,"{'NORM': 100.0, 'SR': 0.0}",MID,,,1.0,False,False,True,," , I-V2,  ",,,,,3,records100/10000/10257_lr,records500/10000/10257_hr,confirmation,0,0
14062,1718.0,66.0,1,164.0,78.0,9.0,1.0,AT-6 C 5.5,1995-04-27 11:10:54,sinus rhythm. normal ecg.,"{'NORM': 100.0, 'SR': 0.0}",,,,0.0,False,False,True,,,,,,,5,records100/14000/14062_lr,records500/14000/14062_hr,confirmation,0,0
10337,2254.0,41.0,1,170.0,70.0,7.0,1.0,AT-6     6,1993-06-26 13:13:24,premature ventricular contraction(s). sinus rhythm. otherwise normal ecg.,"{'NORM': 80.0, 'PVC': 0.0, 'SR': 0.0}",,,,0.0,False,False,True,,,,,3ES,,6,records100/10000/10337_lr,records500/10000/10337_hr,confirmation,0,0
9788,5918.0,88.0,1,160.0,65.0,4.0,1.0,AT-6 C 5.5,1993-02-06 09:12:53,"sinus rhythm. voltages are high in limb leads suggesting lvh. st segments are depressed in i, ii, avf, v4,5,6. this may be due to lv strain or ischaemia and  digitalis effect.","{'LVH': 100.0, 'ISC_': 50.0, 'DIG': 100.0, 'VCLVH': 0.0, 'STD_': 0.0, 'SR': 0.0}",,,,0.0,False,False,True," , V6",,,,,,4,records100/09000/09788_lr,records500/09000/09788_hr,confirmation,0,0
4027,3984.0,75.0,0,175.0,80.0,11.0,1.0,AT-6 C 5.5,1990-04-22 20:01:05,"premature ventricular contraction(s). sinus rhythm. left axis deviation. q waves in ii, iii, avf consistent with old inferior    myocardial infarction. q waves and tiny r waves in v3-6 suggesting old antero- lateral infarct.","{'IMI': 100.0, 'ASMI': 50.0, 'LAFB': 100.0, 'PVC': 0.0, 'QWAVE': 0.0, 'SR': 0.0}",LAD,Stadium III,,0.0,False,False,True,,,,,,,1,records100/04000/04027_lr,records500/04000/04027_hr,confirmation,1,1
5492,14218.0,56.0,0,,,0.0,0.0,CS100    3,1990-12-08 09:51:05,sinusrhythmus verdacht auf p-sinistrocardiale ueberdrehter linkstyp periphere niederspannung qrs(t) abnorm    inferiorer infarkt     alter unbest. 4.46                          unbestÄtigter bericht,"{'IMI': 100.0, 'LAFB': 100.0, 'ABQRS': 0.0, 'SR': 0.0}",ALAD,unknown,,,False,True,False,," , alles,  ",,,,,3,records100/05000/05492_lr,records500/05000/05492_hr,confirmation,1,1
616,6056.0,75.0,0,170.0,85.0,5.0,1.0,AT-6 C 5.5,1987-04-15 11:54:33,"sinus rhythm. possible left atrial enlargement. minor non-specific t wave flattening in v5,6.","{'LAO/LAE': 50.0, 'NT_': 0.0, 'SR': 0.0}",,,,0.0,False,False,True,,,,,,,1,records100/00000/00616_lr,records500/00000/00616_hr,confirmation,0,0
3643,18699.0,75.0,0,,,1.0,2.0,CS-12,1989-12-02 13:48:34,sinusrhythmus slt av-block 1 grades partieller rechtsschenkelblock pathologisches ekg,"{'IRBBB': 100.0, 'SR': 0.0}",AXR,,,1.0,False,False,True,,,,,,,8,records100/03000/03643_lr,records500/03000/03643_hr,confirmation,0,1
14260,7119.0,81.0,1,155.0,60.0,7.0,1.0,AT-6 C 5.8,1995-06-24 13:40:54,"sinus rhythm. possible left atrial enlargement. voltages are high in limb leads suggesting lvh. st segments are depressed in i, avl. this may be due to lv strain or ischaemia.","{'LVH': 50.0, 'ISC_': 50.0, 'LAO/LAE': 35.0, 'VCLVH': 0.0, 'STD_': 0.0, 'SR': 0.0}",,,,0.0,False,False,True,,,,,,,4,records100/14000/14260_lr,records500/14000/14260_hr,confirmation,0,0
6376,4340.0,72.0,1,162.0,64.0,8.0,1.0,AT-6 C 5.5,1991-07-03 11:05:20,sinus rhythm. left axis deviation. left anterior fascicular block.,"{'LAFB': 100.0, 'SR': 0.0}",LAD,,,0.0,False,False,True,,,,,,,7,records100/06000/06376_lr,records500/06000/06376_hr,confirmation,0,1
1635,7898.0,54.0,1,157.0,76.0,3.0,1.0,AT-6 C 5.5,1988-04-30 07:00:29,"sinus tachycardia rightward axis right bundle branch block. there are deep but rather narrow q waves in ii, iii,  avf. old inferior myocardial infarction is likely but  appearances could be due to septal hypertrophy.","{'IPMI': 100.0, 'LPFB': 100.0, 'CRBBB': 100.0, 'QWAVE': 0.0, 'STACH': 0.0}",RAD,Stadium III,,0.0,False,False,True,,,,,1ES,,4,records100/01000/01635_lr,records500/01000/01635_hr,confirmation,1,1
19657,12386.0,52.0,1,,,0.0,0.0,CS100    3,1998-09-18 14:14:04,sinusrhythmus lagetyp normal unvollstÄndiger linksschenkelblock qrs(t) abnorm    inferiorer infarkt     alter unbest. 4.46                          unbestÄtigter bericht,"{'IMI': 100.0, 'ILBBB': 100.0, 'ABQRS': 0.0, 'SR': 0.0}",MID,unknown,,,False,True,False,," , I-AVF,  ",,,,,1,records100/19000/19657_lr,records500/19000/19657_hr,confirmation,1,1
5854,2653.0,83.0,1,152.0,65.0,4.0,1.0,AT-6 C 5.5,1991-02-28 14:21:37,"sinus rhythm. left axis deviation. st segments are depressed in i, avl. t waves are inverted in avl, v2-5 and flat in i, v6. poor progression of r waves in anterior chest leads. consistent with ischaemic heart disease with probable old anterior myocardial","{'AMI': 100.0, 'IMI': 100.0, 'INVT': 0.0, 'STD_': 0.0, 'SR': 0.0}",LAD,Stadium III,,0.0,False,False,True,,,,,,,8,records100/05000/05854_lr,records500/05000/05854_hr,confirmation,1,0
17693,15872.0,35.0,0,,102.0,0.0,0.0,CS-12   E,1997-03-18 10:41:13,sinusrhythmus lagetyp normal unspezifischer intraventrikulÄrer block,"{'IRBBB': 100.0, 'SR': 0.0}",MID,,,,False,False,True,," , I-AVL,  ",,,,,2,records100/17000/17693_lr,records500/17000/17693_hr,confirmation,0,1
8874,4877.0,63.0,0,178.0,87.0,4.0,1.0,AT-6 C 5.5,1992-09-04 13:35:32,sinus rhythm. normal ecg.,"{'NORM': 100.0, 'SR': 0.0}",,,,0.0,False,False,True,,,,,,,3,records100/08000/08874_lr,records500/08000/08874_hr,confirmation,0,0
20537,11550.0,29.0,0,,,0.0,0.0,CS100    3,1999-09-03 08:40:04,sinusrhythmus lagetyp normal normales ekg 4.46                          unbestÄtigter bericht,"{'NORM': 100.0, 'SR': 0.0}",MID,,,,False,True,False,," , I-AVR,  ",,,,,7,records100/20000/20537_lr,records500/20000/20537_hr,confirmation,0,0
13838,8346.0,54.0,1,,,,3.0,AT-6 C,1995-02-27 08:45:22,"regelbunden rytm, inga p-vÅg funna ospecifik st-fÖrÄndring ospecifik t-fÖrÄndring","{'LNGQT': 100.0, 'SR': 0.0}",,,,,False,False,True,,,,,,,5,records100/13000/13838_lr,records500/13000/13838_hr,confirmation,0,0
16717,8958.0,85.0,0,,,1.0,2.0,CS-12,1996-08-26 12:41:20,"sinusrhythmus lagetyp normal periphere niederspannung st & t abnormal, wahrscheinlich    anteriore ischÄmie oder linksbelastung t abnormal in inferioren ableitungen","{'ISCAS': 100.0, 'ISCLA': 100.0, 'SR': 0.0}",MID,,,1.0,False,False,True," , I,III,AVL,V5,V6",,,,,,3,records100/16000/16717_lr,records500/16000/16717_hr,confirmation,0,0
4603,17810.0,50.0,0,,86.0,0.0,0.0,CS-12   E,1990-07-28 12:16:02,sinusrhythmus p-sinistrocardiale linkstyp unvollstÄndiger rechtsschenkelblock,"{'IRBBB': 100.0, 'SR': 0.0}",LAD,,,,False,False,True,,,,,,,2,records100/04000/04603_lr,records500/04000/04603_hr,confirmation,0,1
20600,10992.0,40.0,0,,,0.0,0.0,CS100    3,1999-09-19 08:48:46,sinusrhythmus schwierig bestimmbare qrs-achse t abnorm in inferolateralen ableitungen 4.46                          unbestÄtigter bericht,"{'ALMI': 15.0, 'ISCIN': 100.0, 'SR': 0.0}",,unknown,,,False,True,False,,,,,,,2,records100/20000/20600_lr,records500/20000/20600_hr,confirmation,1,0
7499,12316.0,51.0,0,,,0.0,0.0,CS100    3,1991-12-19 14:11:13,sinusrhythmus lagetyp normal normales ekg 4.46                          unbestÄtigter bericht,"{'NORM': 100.0, 'SR': 0.0}",MID,,,,False,True,False,,,,,,,3,records100/07000/07499_lr,records500/07000/07499_hr,confirmation,0,0
4885,5375.0,73.0,0,180.0,72.0,8.0,1.0,AT-6 C 5.5,1990-09-05 08:10:27,atrial flutter with 2:1 av block. probable old inferior myocardial infarction. probable old anteroseptal myocardial infarction. mild non-specific intraventricular delay.,"{'IMI': 100.0, 'ASMI': 100.0, 'IVCD': 100.0, 'AFLT': 0.0}",,Stadium III,,0.0,False,False,True,,,,,,,4,records100/04000/04885_lr,records500/04000/04885_hr,confirmation,1,1
7500,14587.0,69.0,0,,,0.0,0.0,CS100    3,1991-12-19 15:59:21,sinusrhythmus a-v block i lagetyp normal 4.46                          unbestÄtigter bericht,"{'ILMI': 50.0, '1AVB': 100.0, 'SR': 0.0}",MID,unknown,,,False,True,False,,,,,,,3,records100/07000/07500_lr,records500/07000/07500_hr,confirmation,1,1
1733,20336.0,72.0,1,,,1.0,2.0,CS-12,1988-06-08 16:34:54,"sinusrhythmus mittellagetyp, rechts (v2) rechts, vollstÄndiger schenkelblock intraventr. leitungsstÖrung st-senkung v1-v5 pathologisches ekg","{'CRBBB': 100.0, 'LPFB': 100.0, 'RVH': 100.0, 'SR': 0.0}",MID,,,1.0,False,False,True,,,,,,,3,records100/01000/01733_lr,records500/01000/01733_hr,confirmation,0,1
4919,8270.0,67.0,0,,,0.0,0.0,CS100    3,1990-09-08 07:57:24,sinusrhythmus lagetyp normal periphere niederspannung linksschenkelblock linkshypertrophie mÖglich 4.46                          unbestÄtigter bericht,"{'CLBBB': 100.0, 'SR': 0.0}",MID,,,,False,True,False,,,,,,,8,records100/04000/04919_lr,records500/04000/04919_hr,confirmation,0,1
3429,1400.0,69.0,0,174.0,78.0,7.0,1.0,AT-6 C 5.5,1989-09-12 10:30:47,sinus rhythm. r-s transition zone in v leads displaced to the right. otherwise normal ecg.,"{'NORM': 80.0, 'SR': 0.0}",,,,0.0,False,False,True,,,,,,,4,records100/03000/03429_lr,records500/03000/03429_hr,confirmation,0,0
5578,12658.0,59.0,0,,,0.0,0.0,CS100    3,1990-12-30 11:17:28,sinusrhythmus lagetyp normal normales ekg 4.46                          unbestÄtigter bericht,"{'NORM': 100.0, 'SR': 0.0}",MID,,,,False,True,False,,,,,,,2,records100/05000/05578_lr,records500/05000/05578_hr,confirmation,0,0
4193,15647.0,50.0,1,,94.0,0.0,0.0,CS-12   E,1990-06-02 08:07:12,sinusrhythmus lagetyp normal normales ekg,"{'NORM': 100.0, 'SR': 0.0}",MID,,,,False,False,True,,,,,,,4,records100/04000/04193_lr,records500/04000/04193_hr,confirmation,0,0
21333,12960.0,54.0,0,,,0.0,0.0,CS100    3,2000-09-06 12:31:00,"tachykardes vorhofflimmern lagetyp normal mÄssige amplitudenkriterien fÜr linkshypertrophie st & t abnorm, wahrscheinlich    anterolaterale ischÄmie oder linksbelastung    inferolaterale ischÄmie oder linksbelastung 4.46                          unbestÄti","{'LVH': 100.0, 'ISC_': 100.0, 'VCLVH': 0.0, 'AFIB': 0.0}",MID,,,,False,False,True,,,,,,,3,records100/21000/21333_lr,records500/21000/21333_hr,confirmation,0,0
19323,16177.0,300.0,1,,,1.0,2.0,CS-12,1998-06-21 13:40:45,supraventrikulÄre extrasystole(n) sinusrhythmus linkstyp sonst normales ekg,"{'NORM': 80.0, 'SR': 0.0}",LAD,,,1.0,False,False,True," , V5,V6",,,,SVES,,1,records100/19000/19323_lr,records500/19000/19323_hr,confirmation,0,0
19602,20528.0,64.0,1,,,0.0,0.0,CS100    3,1998-09-06 10:14:18,sinusrhythmus p-sinistrocardiale linkstyp linkshypertrophie qrs(t) abnorm    anteroseptaler infarkt     wahrscheinlich alt 4.46                          unbestÄtigter bericht,"{'ASMI': 100.0, 'IMI': 100.0, 'LVH': 100.0, 'ABQRS': 0.0, 'SR': 0.0}",LAD,Stadium II-III,,,False,True,False,,,,,,,1,records100/19000/19602_lr,records500/19000/19602_hr,confirmation,1,0
16732,21669.0,44.0,1,,,0.0,0.0,CS100    3,1996-08-29 08:16:51,"vorhofflimmern/-flattern rechtstyp qrs(t) abnorm    anteroseptaler infarkt     alter unbest.    hochlateraler infarkt st & t abnorm, wahrscheinlich    laterale ischÄmie oder linksbelastung    inferolaterale ischÄmie oder linksbelastung t abnorm in anterio","{'LMI': 100.0, 'ASMI': 100.0, 'ISCIL': 100.0, 'ABQRS': 0.0, 'AFIB': 0.0}",RAD,unknown,,,False,False,True,,,,,,,2,records100/16000/16732_lr,records500/16000/16732_hr,confirmation,1,0
19148,9263.0,55.0,0,,,0.0,0.0,CS100    3,1998-01-25 14:21:24,sinusrhythmus linkstyp qrs(t) abnorm    anterolateraler infarkt     alter unbest.    inferiorer infarkt     alter unbest. 4.46                          unbestÄtigter bericht,"{'ILMI': 100.0, 'ABQRS': 0.0, 'SR': 0.0}",LAD,unknown,,,False,True,False,,,,,,,6,records100/19000/19148_lr,records500/19000/19148_hr,confirmation,1,0
8837,11218.0,70.0,1,,,0.0,0.0,CS100    3,1992-08-28 11:51:21,ventrikulÄre extrasystole(n) sinus arrhythmie linkstyp qrs(t) abnorm    anterolateraler myokardschaden mÖglich qt-verlÄngerung 4.46                          unbestÄtigter bericht,"{'ASMI': 15.0, 'PVC': 100.0, 'ABQRS': 0.0, 'SARRH': 0.0}",LAD,unknown,,,False,True,False,," , I-AVR,  ",,,"VES1,alles",,1,records100/08000/08837_lr,records500/08000/08837_hr,confirmation,1,0
10576,17973.0,60.0,0,,,0.0,0.0,CS100    3,1993-07-20 08:46:57,sinusrhythmus lagetyp normal mÄssige amplitudenkriterien fÜr linkshypertrophie 4.46                          unbestÄtigter bericht,"{'LVH': 15.0, 'VCLVH': 0.0, 'SR': 0.0}",MID,,,,False,True,False,,,,,,,1,records100/10000/10576_lr,records500/10000/10576_hr,confirmation,0,0
15379,9638.0,36.0,0,,,0.0,0.0,CS100    3,1995-11-27 10:14:31,sinusrhythmus lagetyp normal normales ekg 4.46                          unbestÄtigter bericht,"{'NORM': 100.0, 'SR': 0.0}",MID,,,,False,True,False,,,,,,,3,records100/15000/15379_lr,records500/15000/15379_hr,confirmation,0,0
5053,7240.0,83.0,1,147.0,54.0,8.0,1.0,AT-6 C 5.5,1990-09-25 08:17:01,trace only requested.,{'IPLMI': 100.0},,unknown,,0.0,False,False,True,,,,,1ES,,2,records100/05000/05053_lr,records500/05000/05053_hr,confirmation,1,0
5187,10052.0,62.0,0,,,0.0,0.0,CS100    3,1990-10-19 11:04:43,sinusrhythmus ueberdrehter linkstyp linkshypertrophie mÖglich qrs(t) abnorm    anteroseptaler myokardschaden mÖglich 4.46                          unbestÄtigter bericht,"{'ASMI': 100.0, 'LAFB': 100.0, 'ABQRS': 0.0, 'SR': 0.0}",ALAD,unknown,,,False,True,False,,,,,,,1,records100/05000/05187_lr,records500/05000/05187_hr,confirmation,1,1
97,12761.0,51.0,0,,80.0,0.0,0.0,CS-12   E,1985-12-04 10:25:43,sinusrhythmus linkstyp sonst normales ekg,"{'NORM': 80.0, 'SR': 0.0}",LAD,,,,False,False,True,,,,,,,6,records100/00000/00097_lr,records500/00000/00097_hr,confirmation,0,0
16634,4347.0,84.0,1,148.0,51.0,,9.0,AT-6 C 5.5,1996-08-09 13:59:34,"sinus rhythm borderline leftward axis voltages suggest left ventricular hypertrophy. st changes, query early left ventricular strain.","{'LVH': 35.0, 'VCLVH': 0.0, 'SR': 0.0}",,,,3.0,False,False,True," , v5-v6",,,,,,1,records100/16000/16634_lr,records500/16000/16634_hr,confirmation,0,0
135,19453.0,67.0,1,,,,3.0,AT-6 C,1986-02-21 14:00:00,"sinustachykardi t-fÖrÄndring, sÅsom vid    anterolateral myokardaffektion ischemifÖrÄndringar som inte fanns pÅ ekg 910218.",{'ISCAL': 100.0},,,,10.0,False,False,True," , V6",,,,,,6,records100/00000/00135_lr,records500/00000/00135_hr,confirmation,0,0
14856,21705.0,23.0,0,,,0.0,0.0,CS100    3,1995-09-01 09:16:45,sinusrhythmus lagetyp normal normales ekg 4.46                          unbestÄtigter bericht,"{'NORM': 100.0, 'SR': 0.0}",MID,,,,False,True,False,,,,,"1,V1",,6,records100/14000/14856_lr,records500/14000/14856_hr,confirmation,0,0
20546,9847.0,38.0,0,,,1.0,2.0,CS-12,1999-09-04 14:22:54,sinusrhythmus lagetyp normal normales ekg,"{'NORM': 100.0, 'SR': 0.0}",MID,,,1.0,False,False,True,,,,,,,8,records100/20000/20546_lr,records500/20000/20546_hr,confirmation,0,0
4113,6381.0,44.0,0,170.0,65.0,3.0,1.0,AT-6 C 5.5,1990-05-02 11:33:53,sinus rhythm. normal ecg.,"{'NORM': 100.0, 'SR': 0.0}",,,,0.0,False,False,True,,,,,,,2,records100/04000/04113_lr,records500/04000/04113_hr,confirmation,0,0
11907,19696.0,41.0,1,,57.0,0.0,0.0,CS-12   E,1994-03-10 14:49:56,sinusrhythmus lagetyp normal normales ekg,"{'NORM': 100.0, 'SR': 0.0}",MID,,,,False,False,True,,,,,,,4,records100/11000/11907_lr,records500/11000/11907_hr,confirmation,0,0
8392,1454.0,62.0,1,164.0,84.0,6.0,1.0,AT-6 C 5.8,1992-07-08 16:45:21,"premature ventricular contraction(s). atrial fibrillation. st segments are depressed in i, ii, iii, avf, v3-6. t waves are inverted in ii, iii, avf, v4,5,6. this may be due to lv strain or ischaemia and digitalis effect.","{'LVH': 50.0, 'ISC_': 100.0, 'DIG': 100.0, 'PVC': 100.0, 'INVT': 0.0, 'STD_': 0.0, 'AFIB': 0.0}",,,,0.0,False,False,True,,,,,4ES,,4,records100/08000/08392_lr,records500/08000/08392_hr,confirmation,0,0
10737,6030.0,71.0,0,171.0,70.0,,20.0,AT-6     6,1993-08-03 09:59:37,"sinus rhythm. q waves in ii, iii, avf. possible old inferior myocardial infarct. slightly prolonged qt, this may be due to a drug    effect or an electrolyte disturbance.","{'IMI': 15.0, 'QWAVE': 0.0, 'SR': 0.0}",,Stadium III,,2.0,False,False,True,,,,,,,3,records100/10000/10737_lr,records500/10000/10737_hr,confirmation,1,0
19406,14395.0,63.0,0,,,0.0,0.0,CS100    3,1998-07-18 13:56:31,"vorhofflimmern/-flattern lagetyp normal st & t abnorm, wahrscheinlich    anterolaterale ischÄmie oder linksbelastung    inferolaterale ischÄmie oder linksbelastung 4.46                          unbestÄtigter bericht","{'LVH': 50.0, 'ISC_': 100.0, 'AFIB': 0.0}",MID,,,,False,True,False,,,,,,,1,records100/19000/19406_lr,records500/19000/19406_hr,confirmation,0,0
3142,940.0,62.0,1,178.0,83.0,5.0,1.0,AT-6 C 5.8,1989-07-19 16:42:49,premature atrial contraction(s). sinus rhythm. left atrial enlargement. poor progression of r waves in anterior chest leads. generalized st-t wave changes which are  non-diagnostic.,"{'LAO/LAE': 100.0, 'NST_': 100.0, 'PAC': 0.0, 'SR': 0.0}",,,,0.0,False,False,True,,,,,,,1,records100/03000/03142_lr,records500/03000/03142_hr,confirmation,0,0
6582,6843.0,85.0,0,183.0,70.0,9.0,1.0,AT-6 C 5.8,1991-07-23 20:47:50,"sinus rhythm. slightly prolonged qt, this may be due to a drug    effect or an electrolyte disturbance. otherwise normal ecg.","{'NDT': 100.0, 'EL': 50.0, 'SR': 0.0}",,,,0.0,False,False,True,,,,,,,5,records100/06000/06582_lr,records500/06000/06582_hr,confirmation,0,0
7642,16903.0,39.0,0,,,0.0,0.0,CS100    3,1992-01-20 11:44:36,sinusrhythmus lagetyp normal normales ekg 4.46                          unbestÄtigter bericht,"{'NORM': 100.0, 'SR': 0.0}",MID,,,,False,True,False,," , I-AVF,  ",,,,,6,records100/07000/07642_lr,records500/07000/07642_hr,confirmation,0,0
3097,6213.0,300.0,1,155.0,55.0,7.0,1.0,AT-6 C 5.8,1989-07-14 11:59:16,atrial fibrillation with rapid ventricular response. non-specific st-t wave changes.,"{'NST_': 100.0, 'AFIB': 0.0}",,,,0.0,False,False,True,,,,,,,5,records100/03000/03097_lr,records500/03000/03097_hr,confirmation,0,0
13373,9950.0,54.0,1,,,1.0,2.0,CS-12,1994-11-24 10:14:36,"sinusrhythmus lagetyp normal fehlende r-progression v1-3 , dd:mamma","{'NORM': 100.0, 'SR': 0.0}",MID,,,1.0,False,False,True,,,,,,,5,records100/13000/13373_lr,records500/13000/13373_hr,confirmation,0,0
6068,2429.0,64.0,1,174.0,79.0,11.0,1.0,AT-6     6,1991-04-25 10:26:10,"sinus rhythm. voltages are high in chest leads suggesting lvh. st segments are depressed in ii, iii, avf, v4,5,6. this may be due to lv strain or ischaemia.","{'NDT': 100.0, 'LVH': 100.0, 'VCLVH': 0.0, 'STD_': 0.0, 'SR': 0.0}",,,,0.0,False,False,True,,,,,,,7,records100/06000/06068_lr,records500/06000/06068_hr,confirmation,0,0
16088,14366.0,45.0,1,,59.0,0.0,0.0,CS-12   E,1996-05-06 12:31:45,"sinusrhythmus lagetyp normal unspezifisches abnormes t Edit: NORM 100, (NDT)","{'NDT': 100.0, 'SR': 0.0}",MID,,,,True,False,True,,,,,,,4,records100/16000/16088_lr,records500/16000/16088_hr,confirmation,0,0
9663,14996.0,63.0,1,,,0.0,0.0,CS100    3,1993-01-19 09:53:17,sinusrhythmus linkstyp linksschenkelblock linkshypertrophie mÖglich 4.46                          unbestÄtigter bericht,"{'CLBBB': 100.0, 'LVH': 100.0, 'LAO/LAE': 100.0, 'SR': 0.0}",LAD,,,,False,True,False,,,,,,,1,records100/09000/09663_lr,records500/09000/09663_hr,confirmation,0,1
7239,16726.0,26.0,0,,,0.0,0.0,CS100    3,1991-11-02 09:35:10,vorhofflimmern/-flattern lagetyp normal unspezifisches abnormes t 4.46                          unbestÄtigter bericht,"{'NDT': 100.0, 'AFIB': 0.0}",MID,,,,False,True,False,,,"V1,V2",,,,6,records100/07000/07239_lr,records500/07000/07239_hr,confirmation,0,0
6715,2329.0,80.0,1,,,,4.0,AT-6     6,1991-08-05 17:38:13,trace only requested.,"{'IMI': 100.0, 'LAFB': 100.0}",,unknown,,2.0,False,False,True,,,,,,,5,records100/06000/06715_lr,records500/06000/06715_hr,confirmation,1,1
12556,15011.0,41.0,1,,,0.0,0.0,CS100    3,1994-07-24 10:26:39,sinusrhythmus lagetyp normal qrs(t) abnorm    inferiorer myokardschaden nicht auszuschliessen 4.46                          unbestÄtigter bericht,"{'NORM': 100.0, 'ABQRS': 0.0, 'SR': 0.0}",MID,,,,False,True,False,,,,,,,7,records100/12000/12556_lr,records500/12000/12556_hr,confirmation,0,0
4371,2822.0,57.0,0,178.0,95.0,1.0,1.0,AT-6 C 5.5,1990-07-04 10:31:43,"sinus rhythm. st segments are depressed in ii, iii, avf. t waves are flat or slightly inverted in these leads. inferior myocardial ischaemia is likely. q waves in ii, iii, avf are narrow and probably normal, but old inferior infarct cannot be entirely exc","{'IMI': 15.0, 'ISCIN': 50.0, 'QWAVE': 0.0, 'STD_': 0.0, 'SR': 0.0}",,Stadium III,,0.0,False,False,True,,,,,,,6,records100/04000/04371_lr,records500/04000/04371_hr,confirmation,1,0
10882,13809.0,43.0,1,,56.0,0.0,0.0,CS-12   E,1993-08-26 08:02:39,sinusrhythmus lagetyp normal periphere niederspannung unspezifisches abnormes t,"{'NDT': 100.0, 'SR': 0.0}",MID,,,,False,False,True,,,,,,,4,records100/10000/10882_lr,records500/10000/10882_hr,confirmation,0,0
4326,9390.0,48.0,0,,,0.0,0.0,CS100    3,1990-07-01 09:00:37,vorhofflimmern/-flattern lagetyp normal unvollstÄndiger rechtsschenkelblock unspezifisches abnormes t 4.46                          unbestÄtigter bericht,"{'IRBBB': 100.0, 'NDT': 100.0, 'AFIB': 0.0}",MID,,,,False,True,False,,,alles,,,,4,records100/04000/04326_lr,records500/04000/04326_hr,confirmation,0,1
11765,16129.0,60.0,0,,,0.0,0.0,CS100    3,1994-01-30 10:33:09,sinusrhythmus lagetyp normal normales ekg 4.46                          unbestÄtigter bericht,"{'NORM': 100.0, 'SR': 0.0}",MID,,,,False,True,False,,,,,,,3,records100/11000/11765_lr,records500/11000/11765_hr,confirmation,0,0
14034,8315.0,88.0,0,,,1.0,2.0,CS-12,1995-04-22 14:56:20,"sinusrhythmus              ueberdrehter linkstyp                                                         linksanteriorer hemiblock q in v1, schwache r- progression v2 - v5                t- veraenderungen neg in v1                             ekg patholog","{'LAFB': 100.0, 'QWAVE': 0.0, 'TAB_': 0.0, 'SR': 0.0}",ALAD,,,1.0,False,False,True,,,,,,,7,records100/14000/14034_lr,records500/14000/14034_hr,confirmation,0,1
16730,11166.0,68.0,0,,,0.0,0.0,CS100    3,1996-08-28 09:53:03,sinusrhythmus a-v block i p-verbreiterung lagetyp normal linksschenkelblock 4.46                          unbestÄtigter bericht,"{'ASMI': 100.0, 'IVCD': 100.0, '1AVB': 100.0, 'SR': 0.0}",MID,unknown,,,False,True,False,,,,,,,5,records100/16000/16730_lr,records500/16000/16730_hr,confirmation,1,1
1815,411.0,81.0,1,155.0,60.0,8.0,1.0,AT-6 C 5.8,1988-07-01 11:32:05,"atrial fibrillation with rapid ventricular response. left axis deviation. r-s transition zone in v leads displaced to the left. left anterior fascicular block. st segments are depressed and t waves in i, avl. this may be due to lv strain or ischaemia.","{'ILMI': 50.0, 'ASMI': 50.0, 'LAFB': 100.0, 'STD_': 0.0, 'AFIB': 0.0}",LAD,unknown,,0.0,False,False,True,,,,,,,7,records100/01000/01815_lr,records500/01000/01815_hr,confirmation,1,1
17897,20480.0,53.0,1,,,1.0,2.0,CS-12,1997-05-23 16:54:42,sinusrhythmus lagetyp normal normales ekg,"{'NORM': 100.0, 'SR': 0.0}",MID,,,1.0,False,False,True,,,,,,,1,records100/17000/17897_lr,records500/17000/17897_hr,confirmation,0,0
14755,21211.0,36.0,0,,86.0,0.0,0.0,CS-12   E,1995-08-14 07:34:42,sinusrhythmus normales ekg,"{'NORM': 100.0, 'SR': 0.0}",,,,,False,False,True,,,,,,,7,records100/14000/14755_lr,records500/14000/14755_hr,confirmation,0,0
17810,2177.0,66.0,0,,,7.0,1.0,AT-6     6,1997-04-29 07:08:14,trace only requested.,{'LVH': 50.0},,,,0.0,False,False,True,,,,,,,3,records100/17000/17810_lr,records500/17000/17810_hr,confirmation,0,0
2132,16207.0,27.0,0,,80.0,0.0,0.0,CS-12   E,1988-08-13 07:50:51,sinusrhythmus normales ekg,"{'NORM': 100.0, 'SR': 0.0}",,,,,False,False,True,,,,,,,3,records100/02000/02132_lr,records500/02000/02132_hr,confirmation,0,0
4980,10381.0,64.0,0,,,1.0,2.0,CS-12,1990-09-13 17:47:21,sinusrhythmus linkstyp sonst normales ekg,"{'NORM': 80.0, 'SR': 0.0}",LAD,,,1.0,False,False,True," , V4",,,,,,7,records100/04000/04980_lr,records500/04000/04980_hr,confirmation,0,0
18800,11401.0,44.0,1,,,0.0,0.0,CS100    3,1997-11-01 11:13:04,sinusrhythmus p-sinistrocardiale linkstyp linkshypertrophie qrs(t) abnorm    inferiorer infarkt     wahrscheinlich alt 4.46                          unbestÄtigter bericht,"{'IMI': 15.0, 'LVH': 100.0, 'ISC_': 100.0, 'ABQRS': 0.0, 'SR': 0.0}",LAD,Stadium II-III,,,False,True,False,,,,,,,7,records100/18000/18800_lr,records500/18000/18800_hr,confirmation,1,0
5,17448.0,19.0,1,,70.0,2.0,0.0,CS-12   E,1984-11-17 10:43:15,sinusrhythmus normales ekg,"{'NORM': 100.0, 'SR': 0.0}",,,,,False,False,True," , III,AVR,AVF",,,,,,4,records100/00000/00005_lr,records500/00000/00005_hr,confirmation,0,0
19239,14980.0,52.0,1,,61.0,0.0,0.0,CS-12   E,1998-05-04 13:43:11,sinusrhythmus lagetyp normal normales ekg,"{'NORM': 100.0, 'SR': 0.0}",MID,,,,False,False,True," , V1",,V5,,,,3,records100/19000/19239_lr,records500/19000/19239_hr,confirmation,0,0
4267,13875.0,77.0,1,,,1.0,2.0,CS-12,1990-06-24 08:49:20,sinusrhythmus                                           ueberdrehter linkstyp r-verlust über vorderwand schlechte r-progression linksanteriorer hemiblock ekg pathologisch,"{'NDT': 100.0, 'LAFB': 100.0, 'SR': 0.0}",ALAD,,,1.0,False,False,True,,,,,,,2,records100/04000/04267_lr,records500/04000/04267_hr,confirmation,0,1
3276,3732.0,72.0,0,178.0,83.0,,9.0,AT-6 C 5.5,1989-08-05 10:53:41,sinus rhythm. grossly prolonged pr interval. left axis deviation. left anterior fascicular block. otherwise no definite pathology.,"{'LAFB': 100.0, '1AVB': 100.0, 'LPR': 0.0, 'SR': 0.0}",LAD,,,2.0,False,False,True,,,,,,,4,records100/03000/03276_lr,records500/03000/03276_hr,confirmation,0,1
6534,15812.0,82.0,0,,,1.0,2.0,CS-12,1991-07-20 15:46:38,supraventrikulÄre extrasystole(n) sinusrhythmus lagetyp normal t-veraenderungen wahrscheinlich normal,"{'NORM': 50.0, 'SR': 0.0}",MID,,,1.0,False,False,True,,,,,SVES,,5,records100/06000/06534_lr,records500/06000/06534_hr,confirmation,0,0
18127,14589.0,51.0,1,,65.0,0.0,0.0,CS-12   E,1997-07-15 07:23:53,sinusrhythmus lagetyp normal normales ekg,"{'NORM': 100.0, 'SR': 0.0}",MID,,,,False,False,True,,,,,,,4,records100/18000/18127_lr,records500/18000/18127_hr,confirmation,0,0
10197,13152.0,27.0,1,,58.0,0.0,0.0,CS-12   E,1993-05-14 06:42:17,sinusrhythmus lagetyp normal normales ekg,"{'NORM': 100.0, 'SR': 0.0}",MID,,,,False,False,True,,,,,,,2,records100/10000/10197_lr,records500/10000/10197_hr,confirmation,0,0
77,8555.0,43.0,0,,63.0,0.0,0.0,CS-12   E,1985-09-27 09:55:22,sinusrhythmus unvollstÄndiger rechtsschenkelblock,"{'AMI': 50.0, 'IRBBB': 100.0, 'SR': 0.0}",,unknown,,,False,False,True,,,,,,,6,records100/00000/00077_lr,records500/00000/00077_hr,confirmation,1,1
15162,11852.0,52.0,0,,,0.0,0.0,CS100    3,1995-10-10 08:53:51,sinusrhythmus verdacht auf p-sinistrocardiale lagetyp normal 4.46                          unbestÄtigter bericht,"{'NORM': 100.0, 'SR': 0.0}",MID,,,,False,True,False,,,,,,,2,records100/15000/15162_lr,records500/15000/15162_hr,confirmation,0,0
18757,8932.0,78.0,1,,,1.0,2.0,CS-12,1997-10-24 17:06:11,sinusrhythmus linkstyp qrs(t) abnormal    anteroseptaler myokardschaden mÖglich,"{'ASMI': 50.0, 'IMI': 15.0, 'ABQRS': 0.0, 'SR': 0.0}",LAD,unknown,,1.0,False,False,True,,,,,,,6,records100/18000/18757_lr,records500/18000/18757_hr,confirmation,1,0
18786,19751.0,56.0,0,,,0.0,0.0,CS100    3,1997-10-29 13:15:42,sinusrhythmus lagetyp normal qrs(t) abnorm    inferiorer infarkt     wahrscheinlich alt 4.46                          unbestÄtigter bericht,"{'IMI': 15.0, 'ABQRS': 0.0, 'SR': 0.0}",MID,Stadium II-III,,,False,True,False,,,,,,,1,records100/18000/18786_lr,records500/18000/18786_hr,confirmation,1,0
14505,5451.0,70.0,0,180.0,,11.0,1.0,AT-6 C 5.5,1995-07-20 17:45:43,"sinus rhythm. prolonged pr interval. left axis deviation. left anterior fascicular block. left ventricular hypertrophy. poor progression of r waves in anterior chest leads suggesting old anteroseptal myocardial infarction. st segments are depressed in i, ","{'ASMI': 100.0, 'ALMI': 100.0, 'LAFB': 100.0, 'LPR': 0.0, 'INVT': 0.0, 'STD_': 0.0, 'SR': 0.0}",LAD,Stadium III,,0.0,False,False,True,,,,,,,5,records100/14000/14505_lr,records500/14000/14505_hr,confirmation,1,1
18223,19611.0,61.0,0,,,0.0,0.0,CS100    3,1997-07-24 07:20:35,sinusrhythmus p-verbreiterung linkstyp qrs(t) abnorm    inferiorer infarkt     wahrscheinlich alt 4.46                          unbestÄtigter bericht,"{'IMI': 100.0, 'ABQRS': 0.0, 'SR': 0.0}",LAD,Stadium II-III,,,False,True,False,,,,,,,2,records100/18000/18223_lr,records500/18000/18223_hr,confirmation,1,0
17153,20735.0,64.0,0,,,0.0,0.0,CS100    3,1996-10-31 09:24:43,sinusrhythmus linkstyp sonst normales ekg 4.46                          unbestÄtigter bericht,"{'NORM': 80.0, 'SR': 0.0}",LAD,,,,False,True,False,,,,,,,2,records100/17000/17153_lr,records500/17000/17153_hr,confirmation,0,0
7699,3353.0,74.0,1,158.0,51.0,7.0,1.0,AT-6 C 5.5,1992-01-29 11:28:25,"sinus rhythm. left axis deviation. r-s transition zone in v leads displaced to the left. left anterior fascicular block. t waves are flat in ii and inverted in iii, avf, v2-6. findings are likely to be due to ischaemic heart    disease. the age of the cha","{'LAFB': 100.0, 'ISCAS': 100.0, 'ISCIL': 100.0, 'SR': 0.0}",LAD,,,0.0,False,False,True,,,,,,,6,records100/07000/07699_lr,records500/07000/07699_hr,confirmation,0,1
18858,21178.0,54.0,1,,,1.0,2.0,AT-60    3,1997-11-13 15:25:46,sinusrhythmus lagetyp normal normales ekg 4.46                          unbestÄtigter bericht,"{'NORM': 100.0, 'SR': 0.0}",MID,,,1.0,False,True,True,,,,,,,1,records100/18000/18858_lr,records500/18000/18858_hr,confirmation,0,0
2977,10262.0,39.0,1,,,1.0,2.0,CS-12,1989-06-27 08:00:47,sinusrhythmus mlt wahrscheinlich normales ekg,"{'NORM': 50.0, 'SR': 0.0}",MID,,,1.0,False,False,True,,,,,,,8,records100/02000/02977_lr,records500/02000/02977_hr,confirmation,0,0
20803,13834.0,70.0,0,,,1.0,2.0,AT-60    3,1999-11-09 06:25:28,tachykardes vorhofflimmern ueberdrehter linkstyp periphere niederspannung qrs(t) abnorm    septaler infarkt nicht auszuschliessen    inferiorer infarkt     wahrscheinlich alt 4.46                          unbestÄtigter bericht,"{'IMI': 100.0, 'ASMI': 100.0, 'PVC': 100.0, 'ABQRS': 0.0, 'AFIB': 0.0}",ALAD,Stadium II-III,,1.0,False,True,True,,,,,,,7,records100/20000/20803_lr,records500/20000/20803_hr,confirmation,1,0
16284,5504.0,81.0,0,190.0,80.0,9.0,1.0,AT-6 C 5.8,1996-07-03 13:39:01,"premature ventricular contraction(s). atrial fibrillation. low limb lead voltage. qs complexes in v2 and tiny r waves in v3   suggesting old anteroseptal infarct. non-specific t wave flattening in i, avl, v5,6.","{'ASMI': 100.0, 'PVC': 100.0, 'NT_': 0.0, 'AFIB': 0.0}",,Stadium III,,0.0,False,False,True,,,,,2ES,,4,records100/16000/16284_lr,records500/16000/16284_hr,confirmation,1,0
2287,16683.0,58.0,0,,67.0,0.0,0.0,CS-12   E,1988-09-30 10:04:42,sinusrhythmus lagetyp normal unspezifisches abnormes t,"{'NORM': 100.0, 'SR': 0.0}",MID,,,,False,False,True,,,,,,,6,records100/02000/02287_lr,records500/02000/02287_hr,confirmation,0,0
19993,8414.0,59.0,0,,,0.0,0.0,CS100    3,1998-12-04 08:07:29,sinusrhythmus verdacht auf p-sinistrocardiale ueberdrehter rechtstyp rechtshypertrophie mÖglich qt-verlÄngerung 4.46                          unbestÄtigter bericht,"{'RVH': 100.0, 'ISCAS': 100.0, 'SR': 0.0}",ARAD,,,,False,True,False,," , alles,  ",,,,,4,records100/19000/19993_lr,records500/19000/19993_hr,confirmation,0,0
9427,10815.0,19.0,0,,72.0,0.0,0.0,CS-12   E,1992-12-01 13:30:51,sinusrhythmus lagetyp normal normales ekg,"{'NORM': 100.0, 'SR': 0.0}",MID,,,,False,False,True,,,,,,,7,records100/09000/09427_lr,records500/09000/09427_hr,confirmation,0,0
20619,18104.0,61.0,1,,,0.0,0.0,CS100    3,1999-09-25 08:19:24,sinusrhythmus lagetyp normal unspezifisches abnormes t 4.46                          unbestÄtigter bericht,"{'NDT': 100.0, 'SR': 0.0}",MID,,,,False,True,False,," , I-AVR,  ",,,,,6,records100/20000/20619_lr,records500/20000/20619_hr,confirmation,0,0
7568,21313.0,50.0,1,,,1.0,2.0,AT-60    3,1992-01-09 14:31:41,sinusrhythmus lagetyp normal normales ekg 4.46                          unbestÄtigter bericht,"{'NORM': 100.0, 'SR': 0.0}",MID,,,1.0,False,True,True,,,,,,,8,records100/07000/07568_lr,records500/07000/07568_hr,confirmation,0,0
17832,3439.0,45.0,1,160.0,86.0,10.0,1.0,AT-6 C 5.8,1997-05-03 12:22:04,sinus rhythm. no definite pathology.,"{'NDT': 100.0, 'SR': 0.0}",,,,0.0,False,False,True,,,,,,,2,records100/17000/17832_lr,records500/17000/17832_hr,confirmation,0,0
11437,20682.0,68.0,0,,,0.0,0.0,CS100    3,1993-11-29 10:37:05,sinusrhythmus p-verbreiterung lagetyp normal t abnorm in hochlateralen ableitungen 4.46                          unbestÄtigter bericht,"{'LNGQT': 100.0, 'SR': 0.0}",MID,,,,False,True,False,,,,,,,3,records100/11000/11437_lr,records500/11000/11437_hr,confirmation,0,0
8026,3376.0,65.0,1,160.0,59.0,5.0,1.0,AT-6     6,1992-04-27 14:10:13,"sinus bradycardia. minor non-specific t wave flattening in v3,4. the cause of the bradycardia is not evident.","{'NDT': 100.0, 'NT_': 0.0, 'SBRAD': 0.0}",,,,0.0,False,False,True,,,,,,,6,records100/08000/08026_lr,records500/08000/08026_hr,confirmation,0,0
11965,5210.0,59.0,1,173.0,71.0,10.0,1.0,AT-6 C 5.5,1994-04-09 06:20:55,sinus rhythm. normal ecg.,"{'NORM': 100.0, 'SR': 0.0}",,,,0.0,False,False,True,,,,,,,1,records100/11000/11965_lr,records500/11000/11965_hr,confirmation,0,0
8039,7031.0,65.0,1,165.0,65.0,7.0,1.0,AT-6     6,1992-04-28 17:06:17,"sinus rhythm. incomplete right bundle branch block. q waves in v3 suggesting old anteroseptal infarct. q waves in ii, iii, avf consistent with old inferior    myocardial infarction.","{'ASMI': 100.0, 'IMI': 100.0, 'IRBBB': 100.0, 'QWAVE': 0.0, 'SR': 0.0}",,Stadium III,,0.0,False,False,True,,,,,,,6,records100/08000/08039_lr,records500/08000/08039_hr,confirmation,1,1
7043,5201.0,78.0,0,170.0,65.0,3.0,1.0,AT-6 C 5.5,1991-09-25 15:33:07,"premature ventricular contraction(s). sinus rhythm. possible left atrial enlargement. left bundle branch block, this is most commonly due to  ischaemic heart disease.","{'CLBBB': 100.0, 'LAO/LAE': 100.0, 'PVC': 100.0, 'SR': 0.0}",,,,0.0,False,False,True,,,,,2ES,,3,records100/07000/07043_lr,records500/07000/07043_hr,confirmation,0,1
609,6069.0,48.0,0,167.0,68.0,7.0,1.0,AT-6 C 5.5,1987-04-13 10:51:41,"sinus rhythm. left ventricular hypertrophy. st segments are depressed in v5,6. t waves are low in ii, v5,6. this may be due to lv strain or ischaemia.","{'LVH': 100.0, 'ISC_': 100.0, 'LOWT': 0.0, 'STD_': 0.0, 'SR': 0.0}",,,,0.0,False,False,True,,,,,,,8,records100/00000/00609_lr,records500/00000/00609_hr,confirmation,0,0
15441,20816.0,73.0,1,,,1.0,2.0,AT-60    3,1995-12-07 12:47:12,sinusrhythmus lagetyp normal normales ekg 4.46                          unbestÄtigter bericht,"{'NORM': 100.0, 'SR': 0.0}",MID,,,1.0,False,True,True,,,I-AVF,,,,5,records100/15000/15441_lr,records500/15000/15441_hr,confirmation,0,0
8906,7258.0,64.0,0,178.0,69.0,10.0,1.0,AT-6 C 5.5,1992-09-07 18:38:48,sinus rhythm. normal ecg.,"{'NORM': 100.0, 'SR': 0.0}",,,,0.0,False,False,True,,,,,,,7,records100/08000/08906_lr,records500/08000/08906_hr,confirmation,0,0
3701,14042.0,84.0,1,,,1.0,2.0,CS-12,1990-01-04 15:20:30,supraventrikulÄre extrasystole(n) sinusbradykardie a-v block i linkstyp intraventr. leitungsstÖrung in avf chronisch inferiorer infarkt mÖglich path. ekg,"{'IMI': 50.0, '1AVB': 100.0, 'SBRAD': 0.0}",LAD,unknown,,1.0,False,False,True,,,,,SVES,,2,records100/03000/03701_lr,records500/03000/03701_hr,confirmation,1,1
20882,19543.0,62.0,1,,,0.0,0.0,CS100    3,1999-11-29 11:54:11,sinusrhythmus linkstyp mÄssige amplitudenkriterien fÜr linkshypertrophie 4.46                          unbestÄtigter bericht,"{'ASMI': 15.0, 'LVH': 50.0, 'VCLVH': 0.0, 'SR': 0.0}",LAD,unknown,,,False,True,False,," , I-AVF,  ",,,,,8,records100/20000/20882_lr,records500/20000/20882_hr,confirmation,1,0
17422,21168.0,60.0,1,,,1.0,2.0,CS-12,1997-01-03 13:19:01,sinusrhythmus lagetyp normal normales ekg,"{'NORM': 100.0, 'SR': 0.0}",MID,,,1.0,False,False,True,,,,,,,1,records100/17000/17422_lr,records500/17000/17422_hr,confirmation,0,0
4213,14165.0,28.0,1,,60.0,0.0,0.0,CS-12   E,1990-06-09 09:28:22,sinusrhythmus lagetyp normal normales ekg,"{'NORM': 100.0, 'SR': 0.0}",MID,,,,False,False,True,,,,,,,6,records100/04000/04213_lr,records500/04000/04213_hr,confirmation,0,0
16435,10953.0,62.0,1,,,1.0,2.0,AT-60    3,1996-07-19 12:38:29,sinusrhythmus lagetyp normal normales ekg 4.46                          unbestÄtigter bericht,"{'NORM': 100.0, 'SR': 0.0}",MID,,,1.0,False,True,True,,,,,,,2,records100/16000/16435_lr,records500/16000/16435_hr,confirmation,0,0
16824,7826.0,78.0,1,155.0,71.0,8.0,1.0,AT-6 C 5.5,1996-09-10 11:20:35,sinus rhythm. possible left atrial enlargement. voltages are high in limb leads suggesting lvh. qs complexes in v2 and tiny r waves in v3 suggesting  old anteroseptal infarct.,"{'ASMI': 15.0, 'VCLVH': 0.0, 'SR': 0.0}",,Stadium III,,0.0,False,False,True,,,,,,,1,records100/16000/16824_lr,records500/16000/16824_hr,confirmation,1,0
11983,750.0,62.0,0,173.0,73.0,3.0,1.0,AT-6     6,1994-04-10 19:13:23,trace only requested.,{'IMI': 80.0},,unknown,,0.0,False,False,True,,,,,,,6,records100/11000/11983_lr,records500/11000/11983_hr,confirmation,1,0
5223,12496.0,40.0,0,,,0.0,0.0,CS100    3,1990-10-25 09:18:45,sinusrhythmus lagetyp normal normales ekg 4.46                          unbestÄtigter bericht,"{'NORM': 100.0, 'SR': 0.0}",MID,,,,False,True,False,,,,,,,7,records100/05000/05223_lr,records500/05000/05223_hr,confirmation,0,0
13935,19352.0,72.0,0,,,1.0,2.0,CS-12,1995-04-06 10:30:43,"sinusrhythmus llt ventrikulÄre extrasystoeln uniform hohes t in v2 biphasiches t in v5,v6,avf low voltage  grenzbefund","{'ISCIL': 100.0, 'PVC': 100.0, 'LVOLT': 0.0, 'SR': 0.0}",LAD,,,1.0,False,False,True,,,,,1ES,,3,records100/13000/13935_lr,records500/13000/13935_hr,confirmation,0,0
16987,6656.0,86.0,1,149.0,44.0,10.0,1.0,AT-6     6,1996-10-01 10:18:35,"atrial fibrillation. voltages are high in chest leads suggesting lvh. t waves are low or flat throughout. myocardial ischaemia is likely. prolonged qt, suggest exclude hypokalaemia.","{'NDT': 100.0, 'LVH': 35.0, 'VCLVH': 0.0, 'LOWT': 0.0, 'AFIB': 0.0}",,,,0.0,False,False,True,,,,,,,3,records100/16000/16987_lr,records500/16000/16987_hr,confirmation,0,0
2178,6480.0,29.0,0,173.0,80.0,6.0,1.0,AT-6 C 5.5,1988-09-04 19:12:27,sinus rhythm. normal ecg.,"{'NORM': 100.0, 'SR': 0.0}",,,,0.0,False,False,True,,,,,,,7,records100/02000/02178_lr,records500/02000/02178_hr,confirmation,0,0
1406,3218.0,64.0,0,184.0,80.0,8.0,1.0,AT-6 C 5.5,1988-02-28 13:57:14,sinus rhythm. normal ecg.,"{'NORM': 100.0, 'SR': 0.0}",,,,0.0,False,False,True,,,,,,,4,records100/01000/01406_lr,records500/01000/01406_hr,confirmation,0,0
14848,21756.0,59.0,0,,,0.0,0.0,CS100    3,1995-08-30 10:46:51,"ventrikulÄre extrasystole(n), trigeminus sinus arrhythmie a-v block i verdacht auf p-sinistrocardiale lagetyp normal unvollstÄndiger rechtsschenkelblock unspezifisches abnormes t 4.46                          unbestÄtigter bericht","{'IMI': 100.0, 'IRBBB': 100.0, 'NDT': 100.0, 'PVC': 100.0}",MID,unknown,,,False,True,False,,,,,VES,,3,records100/14000/14848_lr,records500/14000/14848_hr,confirmation,1,1
9822,19448.0,47.0,0,,,,3.0,AT-6 C,1993-02-20 13:13:00,"sinusrytm ventrikulÄra extraslag vÄnster el-axel inget sÄkert patologisktconsensus label derived from: {'IMI': 15.0, 'SR': 0.0},{'IMI': 15.0, 'PVC': 100.0, '1AVB': 100.0, 'SR': 0.0}","{'SR': 0.0, 'IMI': 15.0}",,unknown,,5.0,False,False,True," , III,V1-V3",,,,1ES,,2,records100/09000/09822_lr,records500/09000/09822_hr,confirmation,1,0
6772,2116.0,56.0,0,165.0,85.0,,5.0,AT-6 C 5.5,1991-08-11 17:32:09,sinus rhythm normal ecg,"{'NORM': 100.0, 'SR': 0.0}",,,,3.0,False,False,True,,,,,,,7,records100/06000/06772_lr,records500/06000/06772_hr,confirmation,0,0
20568,20587.0,59.0,0,,,0.0,0.0,CS100    3,1999-09-10 09:30:44,sinusrhythmus lagetyp normal normales ekg 4.46                          unbestÄtigter bericht,"{'NORM': 100.0, 'SR': 0.0}",MID,,,,False,True,False,,,,,,,8,records100/20000/20568_lr,records500/20000/20568_hr,confirmation,0,0
19760,15069.0,63.0,0,,,0.0,0.0,CS100    3,1998-10-11 10:14:29,sinusrhythmus p-sinistrocardiale linkstyp unspezifische abnorme st-senkung 4.46                          unbestÄtigter bericht,"{'NORM': 50.0, 'SR': 0.0}",LAD,,,,False,True,False,,,,,,,5,records100/19000/19760_lr,records500/19000/19760_hr,confirmation,0,0
12746,19965.0,53.0,0,,,0.0,0.0,CS100    3,1994-08-10 09:15:03,sinusrhythmus p-sinistrocardiale linkstyp qrs(t) abnorm    inferiorer infarkt     alter unbest. 4.46                          unbestÄtigter bericht,"{'IMI': 100.0, 'ABQRS': 0.0, 'SR': 0.0}",LAD,unknown,,,False,True,False,," , I-AVR,  ",,,,,1,records100/12000/12746_lr,records500/12000/12746_hr,confirmation,1,0
11384,8525.0,57.0,0,,,0.0,0.0,CS100    3,1993-11-16 10:23:10,supraventrikulÄre extrasystole(n) sinusrhythmus linkstyp periphere niederspannung 4.46                          unbestÄtigter bericht,"{'IMI': 15.0, 'SR': 0.0}",LAD,unknown,,,False,True,False,,,,,SVES,,6,records100/11000/11384_lr,records500/11000/11384_hr,confirmation,1,0
17687,16390.0,21.0,0,,81.0,0.0,0.0,CS-12   E,1997-03-17 11:04:23,sinusrhythmus lagetyp normal normales ekg,"{'NORM': 100.0, 'SR': 0.0}",MID,,,,False,False,True,,,,,,,6,records100/17000/17687_lr,records500/17000/17687_hr,confirmation,0,0
3048,757.0,42.0,1,173.0,60.0,9.0,1.0,AT-6     6,1989-07-04 14:25:36,sinus rhythm. normal ecg.,"{'NORM': 100.0, 'SR': 0.0}",,,,0.0,False,False,True,,,,,,,2,records100/03000/03048_lr,records500/03000/03048_hr,confirmation,0,0
20555,20224.0,17.0,0,,,0.0,0.0,CS100    3,1999-09-06 13:00:40,sinusrhythmus linkstyp lagetyp in anbetracht des alters abnorm mÖglicherweise wpw typ b 4.46                          unbestÄtigter bericht,"{'WPW': 100.0, 'SR': 0.0}",LAD,,,,False,True,False,," , I-AVR,  ",,,,,2,records100/20000/20555_lr,records500/20000/20555_hr,confirmation,0,1
7537,8042.0,74.0,0,,,0.0,0.0,CS100    3,1992-01-03 11:45:01,sinusrhythmus p-sinistrocardiale linkstyp periphere niederspannung qrs(t) abnorm    anteriorer infarkt     alter unbest.    inferiorer infarkt     wahrscheinlich alt 4.46                          unbestÄtigter bericht,"{'ILMI': 100.0, 'ASMI': 100.0, 'ANEUR': 50.0, 'ABQRS': 0.0, 'SR': 0.0}",LAD,unknown,,,False,True,False,," , I-AVF,  ",,,,,1,records100/07000/07537_lr,records500/07000/07537_hr,confirmation,1,0
2885,9106.0,83.0,0,,,1.0,2.0,CS-12,1989-05-27 20:47:21,"wandernder schritmacher rechtstyp Überdreht st-senkung in ii,iii,avf,v4-5 low voltage bei emphysem","{'PACE': 100.0, 'LVOLT': 0.0, 'STD_': 0.0}",RAD,,,1.0,False,False,True,,,,,,,5,records100/02000/02885_lr,records500/02000/02885_hr,confirmation,0,0
3344,4171.0,40.0,1,151.0,45.0,,37.0,AT-6 C 5.5,1989-08-14 12:16:13,sinus rhythm inferior t wave flattening. t wave changes in v2-4 consistent with anterior  ischaemia.,"{'NDT': 100.0, 'LVH': 15.0, 'NT_': 0.0, 'SR': 0.0}",,,,3.0,False,False,True,,,,,,,3,records100/03000/03344_lr,records500/03000/03344_hr,confirmation,0,0
19564,16145.0,60.0,0,,,0.0,0.0,CS100    3,1998-08-29 13:53:30,supraventrikulÄre extrasystole(n) sinusrhythmus lagetyp normal periphere niederspannung 4.46                          unbestÄtigter bericht,"{'NORM': 50.0, 'SR': 0.0}",MID,,,,False,True,False,," , I-AVF,  ",,,SVES,,8,records100/19000/19564_lr,records500/19000/19564_hr,confirmation,0,0
3147,6170.0,60.0,1,168.0,91.0,4.0,1.0,AT-6 C 5.5,1989-07-21 08:34:48,"sinus rhythm. minor non-specific st segment depression in i, v5,6 of doubtful significance.","{'NST_': 100.0, 'STD_': 0.0, 'SR': 0.0}",,,,0.0,False,False,True,,,,,,,7,records100/03000/03147_lr,records500/03000/03147_hr,confirmation,0,0
11940,16217.0,74.0,0,,,1.0,2.0,CS-12,1994-03-23 15:29:04,"sinus arrhythmie linkstyp subakuter anteriorer infarkt st-hebung in v1-4 t neg in i,avl,v1-5 infarktablauf","{'ASMI': 100.0, 'SARRH': 0.0}",LAD,Stadium I-II,,1.0,False,False,True,,,,,,,6,records100/11000/11940_lr,records500/11000/11940_hr,confirmation,1,0
12127,3901.0,43.0,0,170.0,95.0,10.0,1.0,AT-6 C 5.5,1994-05-04 12:57:07,sinus rhythm. normal ecg.,"{'NORM': 100.0, 'SR': 0.0}",,,,0.0,False,False,True,,,,,,,6,records100/12000/12127_lr,records500/12000/12127_hr,confirmation,0,0
18290,7503.0,67.0,0,190.0,100.0,,16.0,AT-6     6,1997-07-30 11:50:20,"sinus rhythm. voltages are high in limb leads suggesting lvh. st segments are depressed in i, avl. this may be due to lv strain or ischaemia.","{'LVH': 50.0, 'ISC_': 100.0, 'VCLVH': 0.0, 'STD_': 0.0, 'SR': 0.0}",,,,2.0,False,False,True,,,,,,,3,records100/18000/18290_lr,records500/18000/18290_hr,confirmation,0,0
5052,13255.0,88.0,0,,,1.0,2.0,CS-12,1990-09-24 11:45:19,"sinusrhythmus a-v block i verdacht auf p-sinistrocardiale lagetyp normal qrs(t) abnormal    lateraler myokardschaden mÖglich st & t abnormal, wahrscheinlich    inferolaterale ischÄmie oder linksbelastung","{'ISCIL': 50.0, '1AVB': 100.0, 'LAO/LAE': 100.0, 'ABQRS': 0.0, 'SR': 0.0}",MID,,,1.0,False,False,True,,,,,,,4,records100/05000/05052_lr,records500/05000/05052_hr,confirmation,0,1
5049,18917.0,37.0,0,,,0.0,0.0,CS100    3,1990-09-23 14:12:11,sinusbradykardie lagetyp normal sonst normales ekg 4.46                          unbestÄtigter bericht,"{'NORM': 80.0, 'SBRAD': 0.0}",MID,,,,False,True,False,," , I-AVR,  ",,,,,4,records100/05000/05049_lr,records500/05000/05049_hr,confirmation,0,0
18509,12157.0,34.0,1,,,0.0,0.0,CS100    3,1997-09-10 09:47:15,sinusrhythmus lagetyp normal qrs(t) abnorm    anterolateraler myokardschaden nicht auszuschliessen 4.46                          unbestÄtigter bericht,"{'NORM': 100.0, 'ABQRS': 0.0, 'SR': 0.0}",MID,,,,False,True,False,,,,,,,1,records100/18000/18509_lr,records500/18000/18509_hr,confirmation,0,0
10865,9240.0,53.0,0,,,0.0,0.0,CS100    3,1993-08-22 08:59:30,sinusrhythmus linkstyp qrs(t) abnorm    inferiorer infarkt     wahrscheinlich alt 4.46                          unbestÄtigter bericht,"{'IMI': 100.0, 'ABQRS': 0.0, 'SR': 0.0}",LAD,Stadium II-III,,,False,True,False,,,,,"1,alles",,4,records100/10000/10865_lr,records500/10000/10865_hr,confirmation,1,0
18001,8318.0,73.0,0,,,1.0,2.0,CS-12,1997-06-28 22:49:18,"sinusrhythmus slt partieller rechts schenkelblock  avf.v1,v2 t negativ in iii,v2","{'NORM': 100.0, 'IRBBB': 100.0, 'SR': 0.0}",AXR,,,1.0,False,False,True,,,,,,,2,records100/18000/18001_lr,records500/18000/18001_hr,confirmation,0,1
4101,19669.0,36.0,1,,72.0,0.0,0.0,CS-12   E,1990-04-30 14:55:55,sinusrhythmus normales ekg,"{'NORM': 100.0, 'SR': 0.0}",,,,,False,False,True,,,,,,,7,records100/04000/04101_lr,records500/04000/04101_hr,confirmation,0,0
9575,13261.0,81.0,1,,,1.0,2.0,CS-12,1993-01-03 18:00:37,"tachykardes vorhofflimmern lagetyp normal st & t abnormal, wahrscheinlich    anterolaterale ischÄmie oder linksbelastung    inferolaterale ischÄmie oder linksbelastung t abnormal in anterioren ableitungen","{'ISCAL': 50.0, 'ISCIL': 50.0, 'AFIB': 0.0}",MID,,,1.0,False,False,True,,,,,1ES,,3,records100/09000/09575_lr,records500/09000/09575_hr,confirmation,0,0
1437,13352.0,67.0,1,,,,3.0,AT-6 C,1988-03-06 10:24:51,supraventrikulÄr(a) extrasystoli(er) interpolerade supraventrikulÄr(a) extrasystoli(er) sinusrytm extrem vÄnster el-axel vÄnster anteriort hemiblock hÖgersidigt skÄnkelblock bifascikulÄrt block avvikande qrs(t) fÖrlopp    anteroseptal myokardskada bÖr Öve,"{'ASMI': 50.0, 'CRBBB': 100.0, 'LAFB': 100.0, 'ISCAL': 50.0, 'SR': 0.0}",,unknown,,,False,False,True,,,,,,,6,records100/01000/01437_lr,records500/01000/01437_hr,confirmation,1,1
3289,1818.0,88.0,1,160.0,60.0,,33.0,AT-6 C 5.5,1989-08-06 14:45:50,"sinus rhythm. r-s transition zone in v leads displaced to the right. voltages are high in chest leads suggesting lvh. st segments are depressed in i, ii, avl, avf, v3-6. t waves are low or flat in limb leads and v3-6. findings are likely to be due to isch","{'LVH': 100.0, 'ISC_': 100.0, 'DIG': 100.0, 'VCLVH': 0.0, 'LOWT': 0.0, 'STD_': 0.0, 'SR': 0.0}",,,,2.0,False,False,True,,,,,,,8,records100/03000/03289_lr,records500/03000/03289_hr,confirmation,0,0
15199,18920.0,44.0,0,,,0.0,0.0,CS100    3,1995-10-17 10:53:44,sinusbradykardie lagetyp normal t abnorm in inferioren ableitungen 4.46                          unbestÄtigter bericht,"{'ISCIL': 100.0, 'SBRAD': 0.0}",MID,,,,False,True,False,,,,,,,5,records100/15000/15199_lr,records500/15000/15199_hr,confirmation,0,0
5063,10927.0,52.0,0,,,0.0,0.0,CS100    3,1990-09-26 11:13:00,"sinusrhythmus lagetyp normal normales ekg 4.46                          unbestÄtigter bericht Edit: NORM 100, rSRIII(NORM 100)","{'NORM': 100.0, 'SR': 0.0}",MID,,,,True,True,True,," , I-AVF,  ",,,,,3,records100/05000/05063_lr,records500/05000/05063_hr,confirmation,0,0
3448,1319.0,70.0,0,167.0,73.0,3.0,1.0,AT-6 C 5.8,1989-09-15 22:07:59,sinus rhythm. no definite pathology.,"{'NORM': 100.0, 'SR': 0.0}",,,,0.0,False,False,True,,,,,,,7,records100/03000/03448_lr,records500/03000/03448_hr,confirmation,0,0
14433,14243.0,78.0,1,,,1.0,2.0,CS-12,1995-07-12 19:01:13,tachykardes vorhofflimmern linkstyp unvollstÄndiger rechtsschenkelblock qt-verlÄngerung,"{'IMI': 15.0, 'IRBBB': 100.0, 'PAC': 100.0, 'PVC': 100.0, 'AFIB': 0.0}",LAD,unknown,,1.0,False,False,True,,,,,5ES,,2,records100/14000/14433_lr,records500/14000/14433_hr,confirmation,1,1
4735,5968.0,81.0,0,184.0,51.0,,7.0,AT-6     6,1990-08-08 19:27:04,"regular rhythm, no definite p wave found. rhythm is probably junctional. left anterior fascicular block. right bundle branch block. bifascicular block. patient may be at increased risk of developing  complete heart block.","{'ASMI': 100.0, 'ALMI': 100.0, 'CRBBB': 100.0, 'LAFB': 100.0}",,Stadium III,Stadium III,2.0,False,False,True,,,,,,,3,records100/04000/04735_lr,records500/04000/04735_hr,confirmation,1,1
19479,13142.0,65.0,0,,,0.0,0.0,CS100    3,1998-08-07 11:25:54,sinusrhythmus ueberdrehter linkstyp linksanteriorer hemiblock unspezifischer intraventrikulÄrer block qrs(t) abnorm    anteroseptaler myokardschaden mÖglich    inferiorer infarkt     mÖgl. akut 4.46                          unbestÄtigter bericht,"{'IMI': 100.0, 'ASMI': 50.0, 'CRBBB': 100.0, 'LAFB': 100.0, 'LAO/LAE': 100.0, 'ABQRS': 0.0, 'SR': 0.0}",ALAD,Stadium I,,,False,True,False,,,,,"1,alles",,8,records100/19000/19479_lr,records500/19000/19479_hr,confirmation,1,1
15691,6538.0,70.0,1,156.0,67.0,10.0,1.0,AT-6 C 5.5,1996-01-29 07:39:03,"sinus bradycardia. st segments are depressed and t waves biphasic in v3,4. non-specific but consistent with myocardial ischaemia. the age of the changes is uncertain.","{'ISCAS': 100.0, 'STD_': 0.0, 'SBRAD': 0.0}",,,,0.0,False,False,True,," , noise,  ",,,,,3,records100/15000/15691_lr,records500/15000/15691_hr,confirmation,0,0
20116,12142.0,55.0,1,,,1.0,2.0,CS-12,1999-01-06 12:31:45,sinusrhythmus lagetyp normal intraventr. leitungsstÖrung low volage normales ekg,"{'NORM': 100.0, 'LVOLT': 0.0, 'SR': 0.0}",MID,,,1.0,False,False,True,,,,,,,2,records100/20000/20116_lr,records500/20000/20116_hr,confirmation,0,0
15977,4137.0,81.0,1,157.0,83.0,10.0,1.0,AT-6 C 5.5,1996-04-20 14:39:01,premature ventricular contraction(s). sinus rhythm. voltages are high in limb leads suggesting lvh. otherwise no definite pathology.,"{'LVH': 15.0, 'PVC': 100.0, 'VCLVH': 0.0, 'SR': 0.0}",,,,0.0,False,False,True,,,,,2ES,,1,records100/15000/15977_lr,records500/15000/15977_hr,confirmation,0,0
18785,20374.0,41.0,1,,,0.0,0.0,CS100    3,1997-10-29 12:22:05,sinusrhythmus lagetyp normal unspezifische intraventrikulÄre leitungsstÖrung 4.46                          unbestÄtigter bericht,"{'WPW': 100.0, 'SR': 0.0}",MID,,,,False,True,False,,,,,,,1,records100/18000/18785_lr,records500/18000/18785_hr,confirmation,0,1
1598,21418.0,65.0,1,,64.0,0.0,0.0,CS-12   E,1988-04-25 09:03:10,sinusrhythmus lagetyp normal normales ekg,"{'NORM': 100.0, 'SR': 0.0}",MID,,,,False,False,True,," , I-AVR,  ",,,,,4,records100/01000/01598_lr,records500/01000/01598_hr,confirmation,0,0
11877,19557.0,69.0,0,,83.0,0.0,0.0,CS-12   E,1994-03-04 11:38:16,"sinusbradykardie a-v block i verdacht auf p-sinistrocardiale lagetyp normal unspezifischer intraventrikulÄrer block qrs(t) abnorm    anteroseptaler infarkt     alter unbest. Edit: ASMI 100, 1AVB, (ASMI 100, IRBBB, 1AVB)","{'ASMI': 100.0, '1AVB': 100.0, 'IRBBB': 100.0, 'ABQRS': 0.0, 'SBRAD': 0.0}",MID,Stadium III,,,True,False,True,,,,,,,4,records100/11000/11877_lr,records500/11000/11877_hr,confirmation,1,1
2804,5787.0,78.0,0,170.0,82.0,8.0,1.0,AT-6 C 5.5,1989-05-01 13:31:20,"atrial fibrillation. qs complexes in v2-5, q waves in v6. t waves are inverted in i, avl, v2-6. consistent with anterior and lateral myocardial  infarction, probably old.","{'ASMI': 100.0, 'ALMI': 100.0, 'IMI': 50.0, 'QWAVE': 0.0, 'INVT': 0.0, 'AFIB': 0.0}",,Stadium III,,0.0,False,False,True,,,,,,,1,records100/02000/02804_lr,records500/02000/02804_hr,confirmation,1,0
17704,7764.0,46.0,1,169.0,55.0,6.0,1.0,AT-6 C 5.5,1997-03-23 12:15:22,sinus rhythm. incomplete right bundle branch block. otherwise normal ecg.,"{'IRBBB': 100.0, 'SR': 0.0}",,,,0.0,False,False,True,,,,,,,4,records100/17000/17704_lr,records500/17000/17704_hr,confirmation,0,1
5287,8477.0,58.0,0,,,0.0,0.0,CS100    3,1990-11-02 09:58:28,sinusrhythmus rechtstyp qrs(t) abnorm    inferiorer myokardschaden mÖglich 4.46                          unbestÄtigter bericht,"{'ASMI': 15.0, 'ABQRS': 0.0, 'SR': 0.0}",RAD,unknown,,,False,True,False,,,,,,,5,records100/05000/05287_lr,records500/05000/05287_hr,confirmation,1,0
21496,17459.0,63.0,0,,,0.0,0.0,CS100    3,2000-10-28 08:19:57,"supraventrikulÄre arrhythmie verdacht auf p-sinistrocardiale linkstyp st & t abnorm, wahrscheinlich    anterolaterale ischÄmie oder linksbelastung 4.46                          unbestÄtigter bericht","{'NDT': 100.0, 'SVARR': 0.0}",LAD,,,,False,True,False,,,,,,,5,records100/21000/21496_lr,records500/21000/21496_hr,confirmation,0,0
9261,7976.0,54.0,0,,,0.0,0.0,CS100    3,1992-11-01 09:04:24,sinusrhythmus lagetyp normal normales ekg 4.46                          unbestÄtigter bericht,"{'NORM': 100.0, 'SR': 0.0}",MID,,,,False,True,False,,,,,,,8,records100/09000/09261_lr,records500/09000/09261_hr,confirmation,0,0
20700,13584.0,36.0,0,,,0.0,0.0,CS100    3,1999-10-17 08:01:55,sinus arrhythmie lagetyp normal periphere niederspannung unspezifisches abnormes t 4.46                          unbestÄtigter bericht,"{'NDT': 100.0, 'PVC': 100.0, 'SARRH': 0.0}",MID,,,,False,True,False,,,,,"1,alles",,6,records100/20000/20700_lr,records500/20000/20700_hr,confirmation,0,0
13896,19347.0,56.0,1,,,,3.0,AT-6 C,1995-03-18 14:44:31,sinusrytm vÄnster el-axel ospecifik t-fÖrÄndring,"{'IMI': 80.0, 'ASMI': 80.0, 'SR': 0.0}",,unknown,,,False,False,True,,,,,,,8,records100/13000/13896_lr,records500/13000/13896_hr,confirmation,1,0
13872,20050.0,77.0,0,,,,3.0,AT-6 C,1995-03-10 05:46:24,"sinusrytm misstÄnkt hypertrofi av vÄnster fÖrmak extrem vÄnster el-axel vÄnster anteriort hemiblock t-fÖrÄndring, sÅsom vid    hÖg lateral myokardaffektion","{'LAFB': 100.0, 'SR': 0.0}",,,,,False,False,True,,,,,,,3,records100/13000/13872_lr,records500/13000/13872_hr,confirmation,0,1
19826,13294.0,39.0,1,,70.0,0.0,0.0,CS-12   E,1998-10-27 08:42:12,sinusrhythmus lagetyp normal normales ekg,"{'NORM': 100.0, 'SR': 0.0}",MID,,,,False,False,True,,,,,,,5,records100/19000/19826_lr,records500/19000/19826_hr,confirmation,0,0
4154,5705.0,85.0,1,160.0,51.0,5.0,1.0,AT-6 C 5.8,1990-05-09 15:13:39,"atrial fibrillation. st segments are depressed in i, ii, avf, v4,5,6. t waves are low or flat throughout and inverted in iii, avf. findings are likely to be due to ischaemic heart  disease and digitalis effect.","{'IMI': 15.0, 'NDT': 100.0, 'DIG': 100.0, 'LOWT': 0.0, 'STD_': 0.0, 'AFIB': 0.0}",,unknown,,0.0,False,False,True,,,,,,,2,records100/04000/04154_lr,records500/04000/04154_hr,confirmation,1,0
16080,5723.0,59.0,0,175.0,84.0,8.0,1.0,AT-6     6,1996-05-05 11:01:32,"sinus rhythm. non-specific intraventricular delay. st segments are depressed in i, ii, iii, avf, v4,5,6. t waves are low or flat in limb leads and v4,5,6. this may be due to lv strain or ischaemia.","{'LVH': 100.0, 'ISC_': 50.0, 'IVCD': 100.0, 'LOWT': 0.0, 'STD_': 0.0, 'SR': 0.0}",,,,0.0,False,False,True,,,,,,,6,records100/16000/16080_lr,records500/16000/16080_hr,confirmation,0,1
3461,2044.0,87.0,0,,,4.0,1.0,AT-6     6,1989-09-18 17:00:07,trace only requested.,{'CRBBB': 100.0},,,,0.0,False,False,True,,,,,,,7,records100/03000/03461_lr,records500/03000/03461_hr,confirmation,0,1
19481,19791.0,67.0,1,,,0.0,0.0,CS100    3,1998-08-07 14:46:55,sinusrhythmus lagetyp normal linkshypertrophie mÖglich 4.46                          unbestÄtigter bericht,"{'LVH': 100.0, 'NST_': 100.0, 'SR': 0.0}",MID,,,,False,True,False,,,,,,,4,records100/19000/19481_lr,records500/19000/19481_hr,confirmation,0,0
1540,7327.0,71.0,0,173.0,76.0,11.0,1.0,AT-6 C 5.5,1988-04-15 14:47:06,trace only requested.,{'NDT': 100.0},,,,0.0,False,False,True,,,,,,,7,records100/01000/01540_lr,records500/01000/01540_hr,confirmation,0,0
17872,2798.0,51.0,1,158.0,67.0,7.0,1.0,AT-6     6,1997-05-06 11:59:09,sinus rhythm. normal ecg.,"{'NORM': 100.0, 'SR': 0.0}",,,,0.0,False,False,True,,,,,,,8,records100/17000/17872_lr,records500/17000/17872_hr,confirmation,0,0
10436,9304.0,48.0,0,,106.0,0.0,0.0,CS-12   E,1993-07-06 11:35:32,sinusrhythmus lagetyp normal normales ekg,"{'NORM': 100.0, 'SR': 0.0}",MID,,,,False,False,True,,,,,,,8,records100/10000/10436_lr,records500/10000/10436_hr,confirmation,0,0
19132,10197.0,59.0,0,,,0.0,0.0,CS100    3,1998-01-23 10:45:36,sinusrhythmus lagetyp normal mÄssige amplitudenkriterien fÜr linkshypertrophie 4.46                          unbestÄtigter bericht,"{'NORM': 100.0, 'VCLVH': 0.0, 'SR': 0.0}",MID,,,,False,True,False,," , I-AVF,  ",I-V2,,,,2,records100/19000/19132_lr,records500/19000/19132_hr,confirmation,0,0
20055,17424.0,65.0,0,,,1.0,2.0,CS-12,1998-12-15 16:26:02,sinus arrhythmie linkstyp qrs(t) abnormal    inferiorer infarkt     wahrscheinlich alt,"{'IMI': 15.0, 'ABQRS': 0.0, 'SARRH': 0.0}",LAD,Stadium II-III,,1.0,False,False,True,,,,,,,1,records100/20000/20055_lr,records500/20000/20055_hr,confirmation,1,0
4348,6244.0,70.0,0,170.0,90.0,5.0,1.0,AT-6 C 5.5,1990-07-02 14:14:57,sinus rhythm. normal ecg.,"{'NORM': 100.0, 'SR': 0.0}",,,,0.0,False,False,True,,,,,,,8,records100/04000/04348_lr,records500/04000/04348_hr,confirmation,0,0
5948,3760.0,47.0,1,163.0,54.0,4.0,1.0,AT-6 C 5.5,1991-03-25 11:44:02,sinus rhythm. prolonged pr interval. otherwise normal ecg.,"{'NORM': 80.0, 'LPR': 0.0, 'SR': 0.0}",,,,0.0,False,False,True,,,,,,,2,records100/05000/05948_lr,records500/05000/05948_hr,confirmation,0,0
12071,4754.0,66.0,1,162.0,45.0,5.0,1.0,AT-6     6,1994-04-26 19:05:57,sinus rhythm. minor non-specific t wave flattening.,"{'NORM': 100.0, 'NT_': 0.0, 'SR': 0.0}",,,,0.0,False,False,True,,,,,,,1,records100/12000/12071_lr,records500/12000/12071_hr,confirmation,0,0
7372,13490.0,33.0,1,,,1.0,2.0,CS-12,1991-11-26 17:56:14,sr lagetyp normal normales ekg,"{'NORM': 100.0, 'SR': 0.0}",MID,,,1.0,False,False,True,,,,,,,1,records100/07000/07372_lr,records500/07000/07372_hr,confirmation,0,0
12637,8448.0,55.0,1,,67.0,0.0,0.0,CS-12   E,1994-07-31 11:16:12,sinusrhythmus lagetyp normal normales ekg,"{'NORM': 100.0, 'SR': 0.0}",MID,,,,False,False,True,,,,,,,6,records100/12000/12637_lr,records500/12000/12637_hr,confirmation,0,0
3725,11961.0,39.0,0,,,1.0,2.0,CS-12,1990-01-15 11:00:04,sinusrhythmus linkstyp unvollstÄndiger rechtsschenkelblock pathologisch,"{'IRBBB': 100.0, 'SR': 0.0}",LAD,,,1.0,False,False,True,,,,,,,6,records100/03000/03725_lr,records500/03000/03725_hr,confirmation,0,1
3772,4385.0,85.0,1,160.0,58.0,5.0,1.0,AT-6 C 5.5,1990-02-07 11:44:49,"atrial fibrillation with rapid ventricular response. left axis deviation. non-specific intraventricular delay. left ventricular hypertrophy. qs complexes in v2,3 consistent with old anteroseptal  myocardial infarction. non-specific st-t wave changes in la","{'ASMI': 100.0, 'LAFB': 100.0, 'ISCAL': 100.0, 'NST_': 0.0, 'AFIB': 0.0}",LAD,Stadium III,,0.0,False,False,True,,,,,ES,,6,records100/03000/03772_lr,records500/03000/03772_hr,confirmation,1,1
5950,15651.0,59.0,1,,75.0,0.0,0.0,CS-12   E,1991-03-25 12:43:20,"sinusrhythmus st & t abnormal, wahrscheinlich    anteriore ischÄmie oder linksbelastung    inferiore ischÄmie oder linksbelastung","{'ISCIN': 15.0, 'ISCAL': 15.0, 'SR': 0.0}",,,,,False,False,True,,,,,,,2,records100/05000/05950_lr,records500/05000/05950_hr,confirmation,0,0
13244,16262.0,60.0,0,,,0.0,0.0,CS100    3,1994-10-25 10:47:47,sinusrhythmus p-verbreiterung lagetyp normal unspezifische intraventrikulÄre leitungsstÖrung linkshypertrophie mÖglich 4.46                          unbestÄtigter bericht,"{'LVH': 100.0, 'ISC_': 50.0, 'SR': 0.0}",MID,,,,False,True,False,,,,,,,6,records100/13000/13244_lr,records500/13000/13244_hr,confirmation,0,0
1271,13738.0,18.0,1,,52.0,2.0,0.0,CS-12   E,1987-12-06 13:07:22,sinusrhythmus normales ekg,"{'NORM': 100.0, 'SR': 0.0}",,,,,False,False,True," , V2-V5",,,,,,5,records100/01000/01271_lr,records500/01000/01271_hr,confirmation,0,0
1544,4425.0,71.0,0,176.0,80.0,11.0,1.0,AT-6     6,1988-04-16 10:15:48,"sinus rhythm. r-s transition zone in v leads displaced to the right. q waves in ii, iii, avf consistent with old inferior    myocardial infarction.","{'IMI': 80.0, 'PMI': 50.0, 'QWAVE': 0.0, 'SR': 0.0}",,Stadium III,,0.0,False,False,True,,,,,,,7,records100/01000/01544_lr,records500/01000/01544_hr,confirmation,1,0
19140,15780.0,56.0,0,,,0.0,0.0,CS100    3,1998-01-25 07:38:39,sinusbradykardie a-v block i p-verbreiterung linkstyp qrs(t) abnorm    inferiorer infarkt     wahrscheinlich alt 4.46                          unbestÄtigter bericht,"{'IMI': 100.0, 'ABQRS': 0.0, 'SBRAD': 0.0}",LAD,Stadium II-III,,,False,True,False,,,,,,,1,records100/19000/19140_lr,records500/19000/19140_hr,confirmation,1,0
16531,9181.0,76.0,0,,,1.0,2.0,CS-12,1996-07-28 14:19:47,sinusrhythmus ueberdrehter linkstyp qrs(t) abnormal normal,"{'LAFB': 100.0, 'ABQRS': 0.0, 'SR': 0.0}",ALAD,,,1.0,False,False,True,,,,,,,7,records100/16000/16531_lr,records500/16000/16531_hr,confirmation,0,1
18823,21277.0,66.0,1,,,0.0,0.0,CS100    3,1997-11-05 15:40:15,sinusrhythmus ueberdrehter linkstyp unspezifischer intraventrikulÄrer block qrs(t) abnorm    anteroseptaler infarkt     wahrscheinlich alt 4.46                          unbestÄtigter bericht,"{'ASMI': 100.0, 'IVCD': 100.0, 'ABQRS': 0.0, 'SR': 0.0}",ALAD,Stadium II-III,,,False,True,False," , I-V3",,,,,,3,records100/18000/18823_lr,records500/18000/18823_hr,confirmation,1,1
15118,1473.0,42.0,0,178.0,95.0,6.0,1.0,AT-6     6,1995-10-01 18:19:11,"sinus rhythm. prolonged pr interval. minor non-specific t wave flattening in i, avl, v6.","{'NORM': 100.0, 'NT_': 0.0, 'LPR': 0.0, 'SR': 0.0}",,,,0.0,False,False,True,,,,,,,1,records100/15000/15118_lr,records500/15000/15118_hr,confirmation,0,0
10471,15241.0,55.0,1,,,0.0,0.0,CS100    3,1993-07-10 12:36:47,sinusrhythmus lagetyp normal normales ekg 4.46                          unbestÄtigter bericht,"{'NORM': 100.0, 'SR': 0.0}",MID,,,,False,True,False,,,,,,,6,records100/10000/10471_lr,records500/10000/10471_hr,confirmation,0,0
14092,4411.0,81.0,0,175.0,73.0,7.0,1.0,AT-6     6,1995-05-01 06:22:26,sinus rhythm. normal ecg.,"{'NORM': 100.0, 'SR': 0.0}",,,,0.0,False,False,True,,,,,,,4,records100/14000/14092_lr,records500/14000/14092_hr,confirmation,0,0
15120,12076.0,55.0,0,,,0.0,0.0,CS100    3,1995-10-02 07:31:49,sinusrhythmus lagetyp normal qrs(t) abnorm    anteriorer infarkt     alter unbest. 4.46                          unbestÄtigter bericht,"{'ASMI': 100.0, 'ABQRS': 0.0, 'SR': 0.0}",MID,unknown,,,False,True,False,,,,,,,1,records100/15000/15120_lr,records500/15000/15120_hr,confirmation,1,0
13298,17229.0,55.0,0,,,0.0,0.0,CS100    3,1994-11-08 08:11:15,sinusrhythmus verdacht auf p-sinistrocardiale linkstyp qrs(t) abnorm    anteroseptaler infarkt     wahrscheinlich alt    inferiorer infarkt     wahrscheinlich alt t abnorm in anterolateralen ableitungen 4.46                          unbestÄtigter bericht,"{'IMI': 100.0, 'ASMI': 100.0, 'ABQRS': 0.0, 'SR': 0.0}",LAD,Stadium II-III,,,False,True,False,,,,,,,1,records100/13000/13298_lr,records500/13000/13298_hr,confirmation,1,0
9389,16538.0,55.0,1,,61.0,0.0,0.0,CS-12   E,1992-11-25 13:31:38,sinusrhythmus linkstyp periphere niederspannung,"{'NORM': 100.0, 'SR': 0.0}",LAD,,,,False,False,True," , III,AVF",,,,,,1,records100/09000/09389_lr,records500/09000/09389_hr,confirmation,0,0
4355,3284.0,55.0,0,170.0,81.0,3.0,1.0,AT-6 C 5.5,1990-07-03 11:11:16,sinus rhythm. normal ecg.,"{'NORM': 100.0, 'LVH': 100.0, 'SR': 0.0}",,,,0.0,False,False,True," , v2",,,,,,6,records100/04000/04355_lr,records500/04000/04355_hr,confirmation,0,0
18190,3395.0,57.0,0,178.0,70.0,9.0,1.0,AT-6     6,1997-07-21 08:45:28,sinus rhythm. voltages are high in chest leads suggesting lvh. otherwise normal ecg.,"{'LVH': 100.0, 'VCLVH': 0.0, 'SR': 0.0}",,,,0.0,False,False,True,,,,,,,8,records100/18000/18190_lr,records500/18000/18190_hr,confirmation,0,0
6206,18322.0,82.0,1,,,1.0,2.0,CS-12,1991-05-22 14:51:28,"normokardes-  tachykardes vorhofflimmern lagetyp normal uniforme ves wahrscheinlich chronischer anteroseptaler infarkt q in v1-3 sichere lvh st-hebung in v1-3,r st-senkung in i,ii,l,v5,6 abgeflachtes t in v4-6,l,i digitalisverÄnderung in v5,6 pathologisch","{'ASMI': 50.0, 'LVH': 100.0, 'DIG': 100.0, 'AFIB': 0.0}",MID,Stadium III,,1.0,False,False,True,,,,,1ES,,4,records100/06000/06206_lr,records500/06000/06206_hr,confirmation,1,0
10252,15650.0,72.0,0,,,1.0,2.0,CS-12,1993-06-08 14:26:44,sinusrhythmus ueberdrehter linkstyp linksanteriorer hemiblock st-hebung in v1-v4 t-veraenderungen in v1-v6 pathologisches ekg,"{'LAFB': 100.0, 'SR': 0.0}",ALAD,,,1.0,False,False,True,,,,,,,3,records100/10000/10252_lr,records500/10000/10252_hr,confirmation,0,1
4685,1987.0,81.0,1,168.0,60.0,,21.0,AT-6 C 5.5,1990-08-04 18:01:34,sinus rhythm. normal ecg.,"{'NORM': 100.0, 'SR': 0.0}",,,,2.0,False,False,True,,,,,,,7,records100/04000/04685_lr,records500/04000/04685_hr,confirmation,0,0
3307,6209.0,69.0,1,165.0,83.0,,10.0,AT-6     6,1989-08-09 08:36:23,sinus rhythm. qrs(t) contour abnormality    consistent with anteroseptal infarct     age undetermined.,"{'ASMI': 100.0, 'IMI': 15.0, 'SR': 0.0}",,unknown,,8.0,False,False,True,"stufen v5,  ",,,,,,4,records100/03000/03307_lr,records500/03000/03307_hr,confirmation,1,0
15347,12482.0,56.0,1,,,0.0,0.0,CS100    3,1995-11-20 10:54:16,schrittmacher ekg 4.46                          unbestÄtigter bericht,{'PACE': 100.0},,,,,False,True,False," , alles",,,,,"ja, pacemaker",6,records100/15000/15347_lr,records500/15000/15347_hr,confirmation,0,0
6171,7248.0,68.0,1,158.0,78.0,3.0,1.0,AT-6     6,1991-05-08 08:35:40,"sinus rhythm. st segments are slightly depressed in i, avl, v5,6. t waves are flat in i and inverted in avl. this may be due to lv strain or ischaemia.","{'NORM': 50.0, 'SR': 0.0}",,,,0.0,False,False,True,,,,,,,4,records100/06000/06171_lr,records500/06000/06171_hr,confirmation,0,0
10920,891.0,61.0,0,190.0,95.0,8.0,1.0,AT-6 C 5.5,1993-09-04 13:05:05,sinus rhythm. normal ecg.,"{'NORM': 100.0, 'SR': 0.0}",,,,0.0,False,False,True,,,,,,,1,records100/10000/10920_lr,records500/10000/10920_hr,confirmation,0,0
14698,20265.0,39.0,1,,,0.0,0.0,CS100    3,1995-08-07 09:30:10,sinusrhythmus lagetyp normal normales ekg 4.46                          unbestÄtigter bericht,"{'NORM': 100.0, 'SR': 0.0}",MID,,,,False,True,False,,,,,,,1,records100/14000/14698_lr,records500/14000/14698_hr,confirmation,0,0
11376,11553.0,53.0,0,,,0.0,0.0,CS100    3,1993-11-15 12:24:29,sinusrhythmus a-v block i p-verbreiterung ueberdrehter linkstyp unspezifische intraventrikulÄre leitungsstÖrung mÄssige amplitudenkriterien fÜr linkshypertrophie t abnorm in lateralen ableitungen 4.46                          unbestÄtigter bericht,"{'ASMI': 15.0, 'LAFB': 100.0, '1AVB': 100.0, 'ISCLA': 100.0, 'VCLVH': 0.0, 'SR': 0.0}",ALAD,Stadium III,,,False,True,False,,,,,,,4,records100/11000/11376_lr,records500/11000/11376_hr,confirmation,1,1
7938,1031.0,56.0,0,178.0,76.0,9.0,1.0,AT-6     6,1992-04-09 15:02:31,sinus rhythm. no definite pathology.,"{'NORM': 100.0, 'SR': 0.0}",,,,0.0,False,False,True,,,,,,,1,records100/07000/07938_lr,records500/07000/07938_hr,confirmation,0,0
13702,1856.0,70.0,0,183.0,68.0,7.0,1.0,AT-6 C 5.5,1995-01-27 14:50:15,premature atrial contraction(s). possible chaotic atrial rhythm. probable right atrial enlargement. right axis deviation. possible left posterior fascicular block. findings suggest chronic respiratory disease.,"{'RVH': 50.0, 'LPFB': 100.0, 'RAO/RAE': 100.0, 'PAC': 0.0}",RAD,,,0.0,False,False,True,,,,,,,5,records100/13000/13702_lr,records500/13000/13702_hr,confirmation,0,1
16321,20495.0,54.0,1,,72.0,0.0,0.0,CS-12   E,1996-07-08 11:44:31,sinusrhythmus lagetyp normal normales ekg,"{'NORM': 100.0, 'SR': 0.0}",MID,,,,False,False,True,,,,,,,4,records100/16000/16321_lr,records500/16000/16321_hr,confirmation,0,0
6450,2410.0,71.0,0,,,1.0,1.0,AT-6 C 5.5,1991-07-11 11:11:23,"sinus rhythm. grossly prolonged pr interval. r-s transition zone in v leads displaced to the left. non-specific t wave changes in i, avl, v5,6.","{'ILMI': 100.0, 'ANEUR': 50.0, '1AVB': 100.0, 'LPR': 0.0, 'SR': 0.0}",,unknown,,0.0,False,False,True,,,,,,,3,records100/06000/06450_lr,records500/06000/06450_hr,confirmation,1,1
18362,9855.0,57.0,0,,,0.0,0.0,CS100    3,1997-08-08 13:21:18,sinusbradykardie lagetyp normal unspezifisches abnormes t 4.46                          unbestÄtigter bericht,"{'NDT': 100.0, 'SBRAD': 0.0}",MID,,,,False,True,False,," , I-AVR,  ",,,,,2,records100/18000/18362_lr,records500/18000/18362_hr,confirmation,0,0
20829,14616.0,56.0,0,,,0.0,0.0,CS100    3,1999-11-14 09:33:50,sinusbradykardie linkstyp mÄssige amplitudenkriterien fÜr linkshypertrophie qrs(t) abnorm    anteroseptaler myokardschaden mÖglich 4.46                          unbestÄtigter bericht,"{'LVH': 50.0, 'ABQRS': 0.0, 'VCLVH': 0.0, 'SBRAD': 0.0}",LAD,,,,False,True,False,,,,,,,6,records100/20000/20829_lr,records500/20000/20829_hr,confirmation,0,0
12602,14292.0,47.0,0,,,0.0,0.0,CS100    3,1994-07-28 13:56:23,tachykardes vorhofflimmern lagetyp normal 4.46                          unbestÄtigter bericht,{'AFIB': 100.0},MID,,,,False,True,False,,,,,,,3,records100/12000/12602_lr,records500/12000/12602_hr,confirmation,0,0
3453,9183.0,81.0,0,,,1.0,2.0,CS-12,1989-09-16 17:50:43,sinusrhythmus linkstyp infarkt lateral wahrscheinlich chronisch intraventr. leitungsstoerung f ekg pathologisch,"{'LMI': 50.0, 'SR': 0.0}",LAD,unknown,,1.0,False,False,True," , V6",,,,,,6,records100/03000/03453_lr,records500/03000/03453_hr,confirmation,1,0
2399,14342.0,18.0,1,,66.0,2.0,0.0,CS-12   E,1988-12-14 13:09:02,sinusrhythmus normales ekg,"{'NORM': 100.0, 'SR': 0.0}",,,,,False,False,True,,,,,,,2,records100/02000/02399_lr,records500/02000/02399_hr,confirmation,0,0
4272,2636.0,32.0,0,175.0,80.0,10.0,1.0,AT-6     6,1990-06-25 07:51:06,sinus rhythm. normal ecg.,"{'NORM': 100.0, 'SR': 0.0}",,,,0.0,False,False,True,,,,,,,5,records100/04000/04272_lr,records500/04000/04272_hr,confirmation,0,0
1323,1859.0,49.0,1,165.0,63.0,1.0,1.0,AT-6 C 5.5,1988-01-29 09:51:17,sinus rhythm. normal ecg.,"{'NORM': 100.0, 'SR': 0.0}",,,,0.0,False,False,True,,,,,,,5,records100/01000/01323_lr,records500/01000/01323_hr,confirmation,0,0
2667,4482.0,75.0,0,163.0,70.0,3.0,1.0,AT-6 C 5.5,1989-04-10 16:00:33,"sinus rhythm. prolonged pr interval. st segments are depressed in iii, avf, v6. t waves are low or flat in limb leads and v6. non-specific but consistent with myocardial ischaemia.","{'NDT': 100.0, '1AVB': 100.0, 'LPR': 0.0, 'LOWT': 0.0, 'STD_': 0.0, 'SR': 0.0}",,,,0.0,False,False,True,,,,,,,6,records100/02000/02667_lr,records500/02000/02667_hr,confirmation,0,1
2042,3072.0,83.0,1,161.0,,,11.0,AT-6     6,1988-07-31 15:58:33,sinus rhythm. prolonged pr interval. left axis deviation. right bundle branch block. borderline criteria for left anterior fascicular block. patient is verging on trifascicular block and may be at increased risk of developing complete heart block.,"{'ASMI': 15.0, 'CRBBB': 100.0, 'LAFB': 100.0, '1AVB': 100.0, 'LPR': 0.0, 'SR': 0.0}",LAD,unknown,,2.0,False,False,True,,,,,,,1,records100/02000/02042_lr,records500/02000/02042_hr,confirmation,1,1
6617,19474.0,27.0,1,,71.0,0.0,0.0,CS-12   E,1991-07-27 09:15:21,sinusrhythmus normales ekg,"{'NORM': 100.0, 'SR': 0.0}",,,,,False,False,True,,,,,,,3,records100/06000/06617_lr,records500/06000/06617_hr,confirmation,0,0
13272,17967.0,64.0,1,155.0,95.0,1.0,2.0,CS100    3,1994-11-01 15:30:29,"sinusrhythmus lagetyp normal periphere niederspannung t abnorm in anterioren ableitungen    hochlateralen ableitungen qt-verlÄngerung 4.46                          unbestÄtigter bericht Edit: INJAN, (INJAS)","{'INJAS': 100.0, 'SR': 0.0}",MID,unknown,,1.0,True,True,True,," , I-AVR,  ",,,,,8,records100/13000/13272_lr,records500/13000/13272_hr,confirmation,1,0
2124,2253.0,79.0,0,179.0,73.0,,26.0,AT-6     6,1988-08-11 17:45:06,atrial fibrillation abnormal left axis deviation left anterior fascicular block right bundle branch block bifascicular block,"{'ASMI': 50.0, 'CRBBB': 100.0, 'LAFB': 100.0, 'AFIB': 0.0}",ALAD,unknown,,3.0,False,False,True,,,,,,,4,records100/02000/02124_lr,records500/02000/02124_hr,confirmation,1,1
8094,624.0,68.0,0,181.0,83.0,6.0,1.0,AT-6     6,1992-05-04 18:33:24,sinus rhythm. non-specific t wave flattening in v6.,"{'NORM': 100.0, 'NT_': 0.0, 'SR': 0.0}",,,,0.0,False,False,True,,,,,,,8,records100/08000/08094_lr,records500/08000/08094_hr,confirmation,0,0
1661,7573.0,27.0,1,160.0,89.0,6.0,1.0,AT-6 C 5.8,1988-05-03 18:26:11,sinus rhythm. minor inferior t wave changes which are non-diagnostic.,"{'NDT': 100.0, 'SR': 0.0}",,,,0.0,False,False,True,,,,,,,5,records100/01000/01661_lr,records500/01000/01661_hr,confirmation,0,0
18269,1720.0,64.0,0,184.0,76.0,4.0,1.0,AT-6 C 5.5,1997-07-28 17:30:29,"sinus rhythm. left axis deviation. q waves in v2 suggesting old anteroseptal infarct. non-specific t wave flattening in avl, v5,6.","{'AMI': 100.0, 'ANEUR': 50.0, 'LAFB': 100.0, 'NT_': 0.0, 'QWAVE': 0.0, 'SR': 0.0}",LAD,Stadium III,,0.0,False,False,True,,,,,,,6,records100/18000/18269_lr,records500/18000/18269_hr,confirmation,1,1
16489,893.0,73.0,0,175.0,75.0,11.0,1.0,AT-6     6,1996-07-24 10:40:25,"premature atrial contraction(s). sinus rhythm. non-specific intraventricular delay. q waves in ii, iii, avf consistent with old inferior    myocardial infarction. widespread st segment depression. myocardial ischaemia is likely.","{'IMI': 100.0, 'LVH': 50.0, 'ISC_': 100.0, 'IVCD': 100.0, 'PAC': 0.0, 'QWAVE': 0.0, 'SR': 0.0}",,Stadium III,,0.0,False,False,True,,,,,,,2,records100/16000/16489_lr,records500/16000/16489_hr,confirmation,1,1
14429,18572.0,59.0,0,,,0.0,0.0,CS100    3,1995-07-12 07:57:38,sinusrhythmus lagetyp normal qrs(t) abnorm    inferiorer infarkt     alter unbest. 4.46                          unbestÄtigter bericht,"{'IMI': 50.0, 'ABQRS': 0.0, 'SR': 0.0}",MID,unknown,,,False,True,False,,,,,,,5,records100/14000/14429_lr,records500/14000/14429_hr,confirmation,1,0
18268,685.0,76.0,1,157.0,57.0,5.0,1.0,AT-6 C 5.5,1997-07-28 14:33:10,sinus rhythm. normal ecg.,"{'NORM': 100.0, 'SR': 0.0}",,,,0.0,False,False,True,,,,,,,5,records100/18000/18268_lr,records500/18000/18268_hr,confirmation,0,0
812,9386.0,20.0,1,,60.0,0.0,0.0,CS-12   E,1987-06-19 07:46:16,sinusrhythmus lagetyp normal normales ekg,"{'NORM': 100.0, 'SR': 0.0}",MID,,,,False,False,True," , III,AVF,V4"," , I-AVF,  ",,,,,7,records100/00000/00812_lr,records500/00000/00812_hr,confirmation,0,0
6965,5411.0,56.0,1,160.0,94.0,3.0,1.0,AT-6 C 5.5,1991-09-12 14:59:13,"premature atrial contraction(s). sinus rhythm. t waves are inverted in i, ii, v4,5,6. findings are likely to be due to ischaemic heart    disease. the age of the changes is uncertain.","{'ISCAL': 100.0, 'PAC': 0.0, 'INVT': 0.0, 'SR': 0.0}",,,,0.0,False,False,True,,,,,,,4,records100/06000/06965_lr,records500/06000/06965_hr,confirmation,0,0
17085,21526.0,75.0,1,,,0.0,0.0,CS100    3,1996-10-18 07:45:23,sinusrhythmus lagetyp normal normales ekg 4.46                          unbestÄtigter bericht,"{'NORM': 100.0, 'SR': 0.0}",MID,,,,False,True,False,," , alles,  ",,,,,3,records100/17000/17085_lr,records500/17000/17085_hr,confirmation,0,0
12900,6223.0,30.0,0,175.0,76.0,9.0,1.0,AT-6 C 5.5,1994-09-05 11:01:16,"sinus rhythm. st segments are elevated in v2,3,4, this is probably a  normal variant. otherwise normal ecg. suggest repeat if clinically indicated.","{'NORM': 80.0, 'SR': 0.0}",,,,0.0,False,False,True,,,,,,,8,records100/12000/12900_lr,records500/12000/12900_hr,confirmation,0,0
17853,2454.0,76.0,0,174.0,63.0,1.0,1.0,AT-6     6,1997-05-04 17:48:39,sinus rhythm. normal ecg.,"{'NORM': 100.0, 'SR': 0.0}",,,,0.0,False,False,True,,,,,,,8,records100/17000/17853_lr,records500/17000/17853_hr,confirmation,0,0
7599,10226.0,18.0,1,,59.0,0.0,0.0,CS-12   E,1992-01-15 14:09:53,sinusrhythmus normales ekg,"{'NORM': 100.0, 'SR': 0.0}",,,,,False,False,True," , V5,V6",,,,,,3,records100/07000/07599_lr,records500/07000/07599_hr,confirmation,0,0
14658,15323.0,50.0,1,,,0.0,0.0,CS100    3,1995-08-04 09:10:46,sinusrhythmus p-sinistrocardiale lagetyp normal mÄssige amplitudenkriterien fÜr linkshypertrophie 4.46                          unbestÄtigter bericht,"{'LVH': 50.0, 'VCLVH': 0.0, 'SR': 0.0}",MID,,,,False,True,False,,,,,,,5,records100/14000/14658_lr,records500/14000/14658_hr,confirmation,0,0
13529,18640.0,75.0,0,,,1.0,2.0,AT-60    3,1995-01-02 14:32:09,ventrikulÄre extrasystole(n) tachykardes vorhofflimmern ueberdrehter linkstyp qrs(t) abnorm    inferiorer infarkt     wahrscheinlich alt t abnorm in hochlateralen ableitungen 4.46                          unbestÄtigter bericht,"{'IMI': 50.0, 'AMI': 100.0, 'PVC': 100.0, 'ABQRS': 0.0, 'AFIB': 0.0}",ALAD,Stadium II-III,,1.0,False,True,True,," , alles,  ",,,2ES,,1,records100/13000/13529_lr,records500/13000/13529_hr,confirmation,1,0
14878,2241.0,38.0,0,180.0,78.0,5.0,1.0,AT-6 C 5.5,1995-09-04 09:31:35,sinus rhythm. normal ecg.,"{'NORM': 100.0, 'SR': 0.0}",,,,0.0,False,False,True,,,,,,,7,records100/14000/14878_lr,records500/14000/14878_hr,confirmation,0,0
4412,7665.0,68.0,1,165.0,73.0,3.0,1.0,AT-6 C 5.5,1990-07-09 10:56:34,"atrial fibrillation with rapid ventricular response. st segments are depressed in i, ii, avl, v4,5,6. t waves are low in these leads. findings are likely to be due to ischaemic heart  disease and digitalis effect.","{'AMI': 15.0, 'IMI': 15.0, 'NDT': 100.0, 'DIG': 100.0, 'LOWT': 0.0, 'STD_': 0.0, 'AFIB': 0.0}",,unknown,,0.0,False,False,True,,,,,,,3,records100/04000/04412_lr,records500/04000/04412_hr,confirmation,1,0
8836,21153.0,74.0,0,,,0.0,0.0,CS100    3,1992-08-28 11:47:36,sinusrhythmus p-verbreiterung lagetyp normal qrs(t) abnorm    inferiorer infarkt mÖglich 4.46                          unbestÄtigter bericht,"{'IMI': 15.0, 'ABQRS': 0.0, 'SR': 0.0}",MID,unknown,,,False,True,False,,,,,,,6,records100/08000/08836_lr,records500/08000/08836_hr,confirmation,1,0
17825,17489.0,28.0,1,,60.0,0.0,0.0,CS-12   E,1997-05-02 07:03:12,sinusrhythmus lagetyp normal unvollstÄndiger rechtsschenkelblock sonst normales ekg,"{'NORM': 80.0, 'IRBBB': 100.0, 'SR': 0.0}",MID,,,,False,False,True," , V1",,,,,,5,records100/17000/17825_lr,records500/17000/17825_hr,confirmation,0,1
2603,19435.0,85.0,1,,,0.0,0.0,CS-12   E,1989-03-19 11:58:15,sinusrhythmus lagetyp normal normales ekg,"{'NORM': 100.0, 'SR': 0.0}",MID,,,,False,False,True,," , alles,  ",,,,,8,records100/02000/02603_lr,records500/02000/02603_hr,confirmation,0,0
2018,6906.0,76.0,1,173.0,67.0,9.0,1.0,AT-6     6,1988-07-29 16:39:58,sinus rhythm. normal ecg.,"{'NORM': 100.0, 'SR': 0.0}",,,,0.0,False,False,True,,,,,,,3,records100/02000/02018_lr,records500/02000/02018_hr,confirmation,0,0
7331,8277.0,67.0,0,,,1.0,2.0,AT-60    3,1991-11-18 15:45:37,"sinusrhythmus linkstyp st & t abnorm, wahrscheinlich    anterolaterale ischÄmie oder linksbelastung 4.46                          unbestÄtigter bericht","{'NDT': 100.0, 'SR': 0.0}",LAD,,,1.0,False,True,True,,,,,,,6,records100/07000/07331_lr,records500/07000/07331_hr,confirmation,0,0
803,18649.0,46.0,1,,,1.0,2.0,CS-12,1987-06-06 16:47:03,sinusrhythmus lagetyp normal normales ekg,"{'NORM': 100.0, 'SR': 0.0}",MID,,,1.0,False,False,True,,,,,,,2,records100/00000/00803_lr,records500/00000/00803_hr,confirmation,0,0
2503,13756.0,51.0,0,,,,3.0,AT-6 C,1989-02-20 06:50:29,slag med avvikande impulsutbredning sinus arytmi avvikande qrs(t) fÖrlopp    anteroseptal myokardskada kan ej uteslutas qt fÖrlÄngd,"{'ASMI': 100.0, 'PVC': 100.0}",,unknown,,,False,False,True,,,,,2ES,,5,records100/02000/02503_lr,records500/02000/02503_hr,confirmation,1,0
11996,1968.0,75.0,1,160.0,59.0,11.0,1.0,AT-6     6,1994-04-13 16:13:51,sinus rhythm. prolonged pr interval. otherwise normal ecg.,"{'NORM': 80.0, 'LPR': 0.0, 'SR': 0.0}",,,,0.0,False,False,True,,,,,,,6,records100/11000/11996_lr,records500/11000/11996_hr,confirmation,0,0
15448,18275.0,77.0,1,,,0.0,0.0,AT-6 C 5.0,1995-12-09 10:19:59,"sinusrytm p fÖrlÄngd t-fÖrÄndring, sÅsom vid    inferior myokardaffektion","{'NORM': 80.0, 'SR': 0.0}",,,,,False,False,True," , V3,V4",,,,,,6,records100/15000/15448_lr,records500/15000/15448_hr,confirmation,0,0
10688,7879.0,70.0,0,177.0,85.0,10.0,1.0,AT-6 C 5.8,1993-07-28 13:04:35,sinus rhythm. normal ecg.,"{'NORM': 100.0, 'SR': 0.0}",,,,0.0,False,False,True,,,,,,,1,records100/10000/10688_lr,records500/10000/10688_hr,confirmation,0,0
1028,6661.0,65.0,0,171.0,73.0,,4.0,AT-6     6,1987-08-01 14:58:28,sinus rhythm. normal ecg.,"{'NORM': 100.0, 'SR': 0.0}",,,,2.0,False,False,True,,,,,,,3,records100/01000/01028_lr,records500/01000/01028_hr,confirmation,0,0
14088,563.0,82.0,0,165.0,50.0,8.0,1.0,AT-6 C 5.5,1995-04-30 12:22:58,"atrial fibrillation with rapid ventricular response. st segments are depressed and t waves inverted in ii,    iii, avf, v3-6. this may be due to lv strain or ischaemia. the age of the changes is uncertain.","{'ISCIL': 100.0, 'STD_': 0.0, 'AFIB': 0.0}",,,,0.0,False,False,True,,,,,,,7,records100/14000/14088_lr,records500/14000/14088_hr,confirmation,0,0
18770,10604.0,72.0,1,,,0.0,0.0,CS100    3,1997-10-26 11:16:02,"vorhofflimmern/-flattern ueberdrehter linkstyp unvollstÄndiger rechtsschenkelblock qrs(t) abnorm    anteriorer infarkt     alter unbest.    inferiorer infarkt     alter unbest. st & t abnorm, wahrscheinlich    laterale ischÄmie oder linksbelastung 4.46   ","{'IMI': 100.0, 'ASMI': 100.0, 'IRBBB': 100.0, 'ISCLA': 100.0, 'ABQRS': 0.0, 'AFIB': 0.0}",ALAD,unknown,,,False,False,True,,,I-V3,,,,5,records100/18000/18770_lr,records500/18000/18770_hr,confirmation,1,1
19615,14529.0,74.0,0,,,0.0,0.0,CS100    3,1998-09-10 13:51:55,sinusrhythmus a-v block i p-verbreiterung lagetyp normal unvollstÄndiger linksschenkelblock unspezifische abnorme st-senkung unspezifisches abnormes t 4.46                          unbestÄtigter bericht,"{'AMI': 15.0, 'IVCD': 100.0, 'SR': 0.0}",MID,unknown,,,False,True,False,,,,,,,5,records100/19000/19615_lr,records500/19000/19615_hr,confirmation,1,1
874,352.0,73.0,1,152.0,56.0,1.0,1.0,AT-6     6,1987-07-03 15:28:00,"sinus rhythm. normal ecg. Edit: NORM 100, rSIII(NORM 50)","{'NORM': 50.0, 'SR': 0.0}",,,,0.0,True,False,True,,,,,,,8,records100/00000/00874_lr,records500/00000/00874_hr,confirmation,0,0
19106,13141.0,64.0,0,,,0.0,0.0,CS100    3,1998-01-16 07:54:32,sinusrhythmus p-verbreiterung lagetyp normal unspezifischer intraventrikulÄrer block qrs(t) abnorm    lateraler infarkt     alter unbest.    inferiorer infarkt     wahrscheinlich alt 4.46                          unbestÄtigter bericht,"{'ILMI': 100.0, 'ABQRS': 0.0, 'SR': 0.0}",MID,unknown,,,False,True,False,," , I-AVR,  ",,,,,5,records100/19000/19106_lr,records500/19000/19106_hr,confirmation,1,0
12755,8987.0,60.0,0,,,0.0,0.0,CS100    3,1994-08-10 13:43:43,sinusrhythmus lagetyp normal rechtsschenkelblock 4.46                          unbestÄtigter bericht,"{'CRBBB': 100.0, 'SR': 0.0}",MID,,,,False,True,False,,,,,,,1,records100/12000/12755_lr,records500/12000/12755_hr,confirmation,0,1
667,1377.0,84.0,0,175.0,,7.0,1.0,AT-6 C 5.5,1987-04-25 12:15:31,sinus rhythm. prolonged pr interval. right bundle branch block.,"{'IRBBB': 100.0, '1AVB': 100.0, 'RVH': 50.0, 'LPR': 0.0, 'SR': 0.0}",,,,0.0,False,False,True,,,,,,,4,records100/00000/00667_lr,records500/00000/00667_hr,confirmation,0,1
4763,15846.0,65.0,0,,,0.0,0.0,CS100    3,1990-08-12 09:35:26,"ventrikulÄre extrasystole(n), trigeminus supraventrikulÄre arrhythmie a-v block i lagetyp normal linkshypertrophie mÖglich qt-verlÄngerung 4.46                          unbestÄtigter bericht","{'LVH': 100.0, 'ISC_': 100.0, 'PVC': 100.0, 'SVARR': 0.0, 'TRIGU': 0.0}",MID,,,,False,True,False,," , I-AVR,  ",alles,,"VES,SVES4,alles",,8,records100/04000/04763_lr,records500/04000/04763_hr,confirmation,0,0
4083,3110.0,42.0,1,167.0,83.0,9.0,1.0,AT-6 C 5.5,1990-04-29 08:29:56,sinus rhythm. normal ecg.,"{'NORM': 100.0, 'SR': 0.0}",,,,0.0,False,False,True,,,,,,,5,records100/04000/04083_lr,records500/04000/04083_hr,confirmation,0,0
9605,8622.0,61.0,0,,,0.0,0.0,CS100    3,1993-01-09 12:29:32,sinusrhythmus lagetyp normal normales ekg 4.46                          unbestÄtigter bericht,"{'NORM': 100.0, 'SR': 0.0}",MID,,,,False,True,False,," , I-AVF,  ",,,,,5,records100/09000/09605_lr,records500/09000/09605_hr,confirmation,0,0
4858,8452.0,59.0,1,,,0.0,0.0,CS100    3,1990-08-30 08:05:32,sinusrhythmus lagetyp normal normales ekg 4.46                          unbestÄtigter bericht,"{'NORM': 100.0, 'SR': 0.0}",MID,,,,False,True,False,,,,,,,1,records100/04000/04858_lr,records500/04000/04858_hr,confirmation,0,0
1803,3090.0,71.0,1,150.0,57.0,9.0,1.0,AT-6 C 5.5,1988-06-30 13:51:38,"sinus rhythm. left atrial enlargement. st segments are depressed in i, ii, iii, avf, v5,6. this may be due to lv strain or ischaemia.","{'NDT': 100.0, 'LAO/LAE': 35.0, 'STD_': 0.0, 'SR': 0.0}",,,,0.0,False,False,True,,,,,,,5,records100/01000/01803_lr,records500/01000/01803_hr,confirmation,0,0
15649,10994.0,40.0,0,,,0.0,0.0,CS100    3,1996-01-23 09:40:00,supraventrikulÄre extrasystole(n) sinusrhythmus schwierig bestimmbare qrs-achse t abnorm in inferioren ableitungen 4.46                          unbestÄtigter bericht,"{'NDT': 100.0, 'SR': 0.0}",,,,,False,True,False,," , I-AVR,  ",,,SVES,,5,records100/15000/15649_lr,records500/15000/15649_hr,confirmation,0,0
13088,4287.0,40.0,0,170.0,83.0,3.0,1.0,AT-6 C 5.5,1994-09-30 07:38:42,sinus rhythm. normal ecg.,"{'NORM': 100.0, 'SR': 0.0}",,,,0.0,False,False,True,,,,,,,6,records100/13000/13088_lr,records500/13000/13088_hr,confirmation,0,0
4899,4363.0,63.0,1,158.0,87.0,4.0,1.0,AT-6 C 5.5,1990-09-06 08:21:12,atrial fibrillation. otherwise no definite pathology.,"{'NST_': 100.0, 'AFIB': 0.0}",,,,0.0,False,False,True,,,,,,,7,records100/04000/04899_lr,records500/04000/04899_hr,confirmation,0,0
11177,15008.0,58.0,0,,,0.0,0.0,CS100    3,1993-10-06 10:02:56,ventrikulÄre extrasystole(n) vorhofflimmern/-flattern linkstyp qrs(t) abnorm    anterolateraler infarkt mÖglich    inferiorer infarkt mÖglich 4.46                          unbestÄtigter bericht,"{'ILMI': 100.0, 'PVC': 100.0, 'ABQRS': 0.0, 'AFIB': 0.0}",LAD,unknown,,,False,True,False,,,,,VES,,3,records100/11000/11177_lr,records500/11000/11177_hr,confirmation,1,0
16050,4896.0,300.0,1,159.0,57.0,8.0,1.0,AT-6 C 5.5,1996-04-30 13:08:37,pacemaker spikes noted. a regular paced rhythm is present. apparently normal pacemaker function. abnormal nature of complexes obscures further    interpretation.,{'PACE': 100.0},,,,0.0,False,False,True,,,,,,"ja, pacemaker",8,records100/16000/16050_lr,records500/16000/16050_hr,confirmation,0,0
14206,18401.0,43.0,1,,,1.0,2.0,CS-12,1995-06-09 10:19:42,sinusrhythmus linkstyp normales ekg,"{'NORM': 100.0, 'SR': 0.0}",LAD,,,1.0,False,False,True,,,,,,,6,records100/14000/14206_lr,records500/14000/14206_hr,confirmation,0,0
13070,9315.0,21.0,1,,49.0,0.0,0.0,CS-12   E,1994-09-28 14:20:47,sinusrhythmus lagetyp normal normales ekg,"{'NORM': 100.0, 'SR': 0.0}",MID,,,,False,False,True,,,,,,,6,records100/13000/13070_lr,records500/13000/13070_hr,confirmation,0,0
15765,7170.0,21.0,0,170.0,67.0,10.0,1.0,AT-6 C 5.5,1996-02-25 11:40:59,"sinus rhythm. normal ecg. Edit: NORM 100, (NORM 100)","{'NORM': 100.0, 'SR': 0.0}",,,,0.0,True,False,True,,,,,,,2,records100/15000/15765_lr,records500/15000/15765_hr,confirmation,0,0
15060,19519.0,59.0,1,,,0.0,0.0,CS100    3,1995-09-25 06:31:17,"sinusrhythmus lagetyp normal st & t abnorm, wahrscheinlich    inferolaterale ischÄmie oder linksbelastung 4.46                          unbestÄtigter bericht","{'ISCIN': 50.0, 'SR': 0.0}",MID,,,,False,True,False,,,,,,,6,records100/15000/15060_lr,records500/15000/15060_hr,confirmation,0,0
3604,15888.0,72.0,1,,,1.0,2.0,CS-12,1989-11-16 13:58:23,"sinusrhythmus linkstyp neg t in iii,v1 flache t in avf,v2 wahrscheinlich normales ekg","{'NDT': 100.0, 'SR': 0.0}",LAD,,,1.0,False,False,True,,,,,,,3,records100/03000/03604_lr,records500/03000/03604_hr,confirmation,0,0
12154,15438.0,47.0,0,,76.0,2.0,0.0,CS-12   E,1994-05-07 07:37:46,sinusrhythmus periphere niederspannung,"{'NORM': 100.0, 'SR': 0.0}",,,,,False,False,True," , V6",,,,,,8,records100/12000/12154_lr,records500/12000/12154_hr,confirmation,0,0
4162,8390.0,56.0,1,,,1.0,2.0,CS-12,1990-05-13 17:32:52,sinusrhythmus lagetyp normal normales ekg,"{'NORM': 100.0, 'SR': 0.0}",MID,,,1.0,False,False,True,,,,,,,1,records100/04000/04162_lr,records500/04000/04162_hr,confirmation,0,0
12260,19969.0,82.0,0,,,1.0,2.0,CS-12,1994-06-20 13:07:00,"sinusrhythmus steiltyp rechtsschenkelblock av-block 1. grades st-senkung in avf,ii,iii,v5 - v6 r-verlust in v1 - v3 ekg pathologisch","{'ASMI': 100.0, 'INJIL': 100.0, 'IRBBB': 100.0, '1AVB': 100.0, 'SR': 0.0}",,unknown,,1.0,False,False,True,," , leicht,  ",,,,,1,records100/12000/12260_lr,records500/12000/12260_hr,confirmation,1,1
21123,11925.0,86.0,0,,,1.0,2.0,CS-12,2000-06-20 18:31:08,"sinusbradykardie ueberdrehter linkstyp unspezifische intraventrikulÄre leitungsstÖrung qrs(t) abnormal    septaler infarkt nicht auszuschliessen st & t abnormal, wahrscheinlich    hochlaterale ischÄmie oder linksbelastung t abnormal in inferioren ableitun","{'ASMI': 100.0, 'ISCIL': 100.0, 'LAFB': 100.0, 'ABQRS': 0.0, 'SBRAD': 0.0}",ALAD,unknown,,1.0,False,False,True," , I,III,AVL,V5",,,,,,3,records100/21000/21123_lr,records500/21000/21123_hr,confirmation,1,1
8705,6664.0,56.0,0,158.0,90.0,,8.0,AT-6 C 5.5,1992-08-05 08:06:27,sinus rhythm. normal ecg.,"{'NORM': 100.0, 'SR': 0.0}",,,,2.0,False,False,True,,,,,,,7,records100/08000/08705_lr,records500/08000/08705_hr,confirmation,0,0
260,5471.0,48.0,1,155.0,45.0,11.0,1.0,AT-6 C 5.5,1986-09-05 20:03:35,sinus rhythm. abnormal left axis deviation. prolonged qt.,"{'LNGQT': 100.0, 'LAFB': 100.0, 'SR': 0.0}",ALAD,,,7.0,False,False,True,,,,,,,7,records100/00000/00260_lr,records500/00000/00260_hr,confirmation,0,1
5555,18896.0,65.0,1,,66.0,2.0,0.0,CS-12   E,1990-12-20 14:40:10,sinusrhythmus normales ekg,"{'NORM': 100.0, 'SR': 0.0}",,,,,False,False,True," , III,V3"," , I-AVF,  ",,,,,6,records100/05000/05555_lr,records500/05000/05555_hr,confirmation,0,0
6086,324.0,74.0,1,165.0,70.0,4.0,1.0,AT-6     6,1991-04-28 14:36:37,"atrial fibrillation. st segments are depressed in i, ii, avl, v3-6. t waves are low in these leads. findings are likely to be due to ischaemic heart  disease and digitalis effect.","{'ISC_': 100.0, 'DIG': 100.0, 'LOWT': 0.0, 'STD_': 0.0, 'AFIB': 0.0}",,,,0.0,False,False,True,,,,,,,7,records100/06000/06086_lr,records500/06000/06086_hr,confirmation,0,0
19422,16643.0,30.0,0,,,0.0,0.0,CS100    3,1998-07-23 11:10:20,sinusrhythmus lagetyp normal normales ekg 4.46                          unbestÄtigter bericht,"{'NORM': 100.0, 'SR': 0.0}",MID,,,,False,True,False,,,,,,,4,records100/19000/19422_lr,records500/19000/19422_hr,confirmation,0,0
14243,7840.0,78.0,1,160.0,55.0,1.0,1.0,AT-6     6,1995-06-20 08:45:29,sinus rhythm. premature atrial contraction(s). left anterior fascicular block.,"{'LAFB': 100.0, 'PAC': 0.0, 'SR': 0.0}",LAD,,,7.0,False,False,True," , v6",,,,,,5,records100/14000/14243_lr,records500/14000/14243_hr,confirmation,0,1
1215,2711.0,77.0,0,160.0,65.0,1.0,1.0,AT-6     6,1987-10-01 09:02:13,"sinus rhythm. t waves are inverted in i, avl, v5,6 and low or flat    in ii, v4. findings may be due to myocardial ischaemia or subendocardial infarction of uncertain age. lv strain may contribute.","{'IMI': 50.0, 'INJAL': 100.0, 'INVT': 0.0, 'SR': 0.0}",,unknown,,0.0,False,False,True,,,,,,,4,records100/01000/01215_lr,records500/01000/01215_hr,confirmation,1,0
14666,3985.0,78.0,1,170.0,75.0,,21.0,AT-6 C 5.5,1995-08-04 12:52:00,"sinus rhythm. prolonged pr interval. right bundle branch block. Edit: RVH 50, CRBBB, LPFB, (IMI 15, CRBBB)","{'IMI': 15.0, 'CRBBB': 100.0, 'LPR': 0.0, 'SR': 0.0}",,Stadium II,,2.0,True,False,True,,,,,,,3,records100/14000/14666_lr,records500/14000/14666_hr,confirmation,1,1
16619,13938.0,55.0,0,,,0.0,0.0,CS100    3,1996-08-08 08:10:43,sinustachykardie ueberdrehter linkstyp unspezifischer intraventrikulÄrer block qrs(t) abnorm    septaler infarkt nicht auszuschliessen 4.46                          unbestÄtigter bericht,"{'AMI': 100.0, 'LAFB': 100.0, 'LVH': 100.0, 'ISC_': 100.0, 'LAO/LAE': 100.0, 'ABQRS': 0.0, 'STACH': 0.0}",ALAD,unknown,,,False,True,False,,,,,,,7,records100/16000/16619_lr,records500/16000/16619_hr,confirmation,1,1
20052,13861.0,79.0,0,,,1.0,2.0,CS-12,1998-12-14 16:55:48,"supraventrikulÄre extrasystole(n), trigeminus ohne kompensatorische pause lagetyp normal periphere niederspannung sinustachykardie","{'ISC_': 100.0, 'STACH': 0.0, 'TRIGU': 0.0}",MID,,,1.0,False,False,True,,,,,SVES,,2,records100/20000/20052_lr,records500/20000/20052_hr,confirmation,0,0
9960,21449.0,21.0,1,,70.0,2.0,0.0,CS-12   E,1993-03-25 08:28:41,sinusrhythmus normales ekg,"{'NORM': 100.0, 'SR': 0.0}",,,,,False,False,True,," , I-AVR,  ",,,,,6,records100/09000/09960_lr,records500/09000/09960_hr,confirmation,0,0
18999,7972.0,49.0,0,,,1.0,2.0,CS-12,1997-12-18 17:42:00,sinusrhythmus lagetyp normal normales ekg,"{'NORM': 100.0, 'SR': 0.0}",MID,,,1.0,False,False,True,," , I-AVL,  ",,,,,5,records100/18000/18999_lr,records500/18000/18999_hr,confirmation,0,0
14957,11108.0,46.0,1,,,0.0,0.0,CS100    3,1995-09-11 12:35:47,sinusrhythmus linkstyp sonst normales ekg 4.46                          unbestÄtigter bericht,"{'NORM': 80.0, 'SR': 0.0}",LAD,,,,False,True,False,,,,,,,4,records100/14000/14957_lr,records500/14000/14957_hr,confirmation,0,0
18219,5259.0,70.0,0,183.0,58.0,3.0,1.0,AT-6 C 5.5,1997-07-23 14:22:07,"atrial fibrillation. st segments are depressed in ii, iii, avf. t waves are inverted in i, v4,5 and flat in ii, v6. findings are likely to be due to ischaemic heart    disease.","{'LMI': 50.0, 'INVT': 0.0, 'STD_': 0.0, 'AFIB': 0.0}",,unknown,,0.0,False,False,True,,,,,,,6,records100/18000/18219_lr,records500/18000/18219_hr,confirmation,1,0
5867,16746.0,60.0,1,,,,3.0,AT-6 C,1991-03-04 07:57:49,sinusrytm ospecifik t-fÖrÄndring,"{'NDT': 100.0, 'SR': 0.0}",,,,,False,False,True," , V2",,,,,,4,records100/05000/05867_lr,records500/05000/05867_hr,confirmation,0,0
1163,5551.0,68.0,0,165.0,55.0,3.0,1.0,AT-6 C 5.5,1987-09-11 17:36:36,"sinus rhythm. normal ecg. Edit: NORM 100, (NORM 100)","{'NORM': 100.0, 'SR': 0.0}",,,,0.0,True,False,True,,,,,,,1,records100/01000/01163_lr,records500/01000/01163_hr,confirmation,0,0
16079,4741.0,37.0,0,177.0,70.0,3.0,1.0,AT-6 C 5.5,1996-05-05 10:54:50,sinus rhythm. normal ecg.,"{'NORM': 100.0, 'SR': 0.0}",,,,0.0,False,False,True,,,,,,,7,records100/16000/16079_lr,records500/16000/16079_hr,confirmation,0,0
372,13339.0,18.0,0,,74.0,0.0,0.0,CS-12   E,1986-11-27 10:48:26,sinusrhythmus normales ekg,"{'NORM': 100.0, 'SR': 0.0}",,,,,False,False,True,," , I-AVL,  ",,,,,7,records100/00000/00372_lr,records500/00000/00372_hr,confirmation,0,0
7583,18780.0,60.0,0,,,0.0,0.0,CS100    3,1992-01-11 13:24:03,sinusrhythmus lagetyp normal normales ekg 4.46                          unbestÄtigter bericht,"{'NORM': 100.0, 'SR': 0.0}",MID,,,,False,True,False,,,,,,,8,records100/07000/07583_lr,records500/07000/07583_hr,confirmation,0,0
9470,19130.0,42.0,1,,,0.0,0.0,CS100    3,1992-12-11 07:40:51,sinus arrhythmie p-sinistrocardiale lagetyp normal 4.46                          unbestÄtigter bericht,"{'NORM': 100.0, 'SARRH': 0.0}",MID,,,,False,True,False,," , I-AVF,  ",,,,,7,records100/09000/09470_lr,records500/09000/09470_hr,confirmation,0,0
7208,10582.0,51.0,1,,,0.0,0.0,CS100    3,1991-10-25 13:34:19,sinusrhythmus lagetyp normal unspezifische intraventrikulÄre leitungsstÖrung qrs(t) abnorm    inferiorer infarkt     alter unbest. 4.46                          unbestÄtigter bericht,"{'IMI': 100.0, 'ABQRS': 0.0, 'SR': 0.0}",MID,unknown,,,False,True,False,,,,,,,6,records100/07000/07208_lr,records500/07000/07208_hr,confirmation,1,0
21643,16888.0,72.0,1,,,0.0,0.0,CS100    3,2000-12-11 11:51:56,sinusrhythmus p-verbreiterung linkstyp unspezifischer intraventrikulÄrer block 4.46                          unbestÄtigter bericht,"{'CLBBB': 100.0, '1AVB': 100.0, 'LVH': 50.0, 'SR': 0.0}",LAD,,,,False,True,False,," , I-V2,  ",,,,,6,records100/21000/21643_lr,records500/21000/21643_hr,confirmation,0,1
7125,12056.0,74.0,1,,,1.0,2.0,CS-12,1991-10-08 09:34:18,sinusrhythmus lagetyp normal normales ekg,"{'NORM': 100.0, 'SR': 0.0}",MID,,,1.0,False,False,True,,,,,,,5,records100/07000/07125_lr,records500/07000/07125_hr,confirmation,0,0
12611,1821.0,83.0,1,166.0,88.0,7.0,1.0,AT-6     6,1994-07-29 13:32:34,"sinus rhythm. minor non-specific st segment depression and t wave flattening in i, avl.","{'NST_': 100.0, 'STD_': 0.0, 'NT_': 0.0, 'SR': 0.0}",,,,0.0,False,False,True,,,,,,,7,records100/12000/12611_lr,records500/12000/12611_hr,confirmation,0,0
18498,20802.0,55.0,1,,,0.0,0.0,CS100    3,1997-09-06 11:53:32,sinusrhythmus lagetyp normal normales ekg 4.46                          unbestÄtigter bericht,"{'NORM': 100.0, 'SR': 0.0}",MID,,,,False,True,False,,,,,,,6,records100/18000/18498_lr,records500/18000/18498_hr,confirmation,0,0
1162,6171.0,73.0,1,165.0,62.0,9.0,1.0,AT-6 C 5.5,1987-09-11 17:30:45,sinus rhythm. voltages are high in chest leads suggesting lvh.,"{'LVH': 35.0, 'VCLVH': 0.0, 'SR': 0.0}",,,,0.0,False,False,True,,,,,,,1,records100/01000/01162_lr,records500/01000/01162_hr,confirmation,0,0
10512,21629.0,86.0,1,,,1.0,2.0,CS-12,1993-07-13 19:46:14,"sinusrhythmus lagetyp normal st & t abnormal,  digitalisveraenderung pathologisch","{'DIG': 100.0, 'SR': 0.0}",MID,,,1.0,False,False,True,,,,,,,8,records100/10000/10512_lr,records500/10000/10512_hr,confirmation,0,0
2752,2808.0,47.0,0,179.0,100.0,5.0,1.0,AT-6 C 5.5,1989-04-25 10:11:08,sinus rhythm. normal ecg.,"{'NORM': 100.0, 'SR': 0.0}",,,,0.0,False,False,True,,,,,,,3,records100/02000/02752_lr,records500/02000/02752_hr,confirmation,0,0
9748,11766.0,55.0,0,,,0.0,0.0,CS100    3,1993-01-29 10:56:07,sinusrhythmus lagetyp normal normales ekg 4.46                          unbestÄtigter bericht,"{'NORM': 100.0, 'SR': 0.0}",MID,,,,False,True,False,," , I-AVF,  ",,,,,6,records100/09000/09748_lr,records500/09000/09748_hr,confirmation,0,0
18395,4262.0,63.0,0,183.0,77.0,,4.0,AT-6     6,1997-08-11 16:45:09,sinus rhythm normal ecg.,"{'NORM': 100.0, 'SR': 0.0}",,,,3.0,False,False,True,,,,,,,6,records100/18000/18395_lr,records500/18000/18395_hr,confirmation,0,0
804,10733.0,49.0,0,,90.0,2.0,0.0,CS-12   E,1987-06-08 08:18:42,sinusrhythmus linkstyp sonst normales ekg,"{'NORM': 80.0, 'SR': 0.0}",LAD,,,,False,False,True,,,,,,,5,records100/00000/00804_lr,records500/00000/00804_hr,confirmation,0,0
4550,17759.0,37.0,0,,70.0,0.0,0.0,CS-12   E,1990-07-23 12:11:52,sinusrhythmus lagetyp normal unvollstÄndiger rechtsschenkelblock sonst normales ekg,"{'NORM': 80.0, 'IRBBB': 100.0, 'SR': 0.0}",MID,,,,False,False,True,," , I-AVR,  ",,,,,3,records100/04000/04550_lr,records500/04000/04550_hr,confirmation,0,1
9963,15875.0,66.0,0,,,1.0,2.0,CS-12,1993-03-25 16:14:00,sinusrhythmus lagetyp normal hohes t in v2-4 normales ekg,"{'NORM': 100.0, 'SR': 0.0}",MID,,,1.0,False,False,True,,,,,,,2,records100/09000/09963_lr,records500/09000/09963_hr,confirmation,0,0
8556,5228.0,40.0,1,160.0,65.0,3.0,1.0,AT-6 C 5.5,1992-07-23 15:00:35,sinus rhythm. normal ecg.,"{'NORM': 100.0, 'SR': 0.0}",,,,0.0,False,False,True,,,,,,,4,records100/08000/08556_lr,records500/08000/08556_hr,confirmation,0,0
10583,19750.0,68.0,1,,,0.0,0.0,CS100    3,1993-07-20 11:45:34,sinusrhythmus linkstyp sonst normales ekg 4.46                          unbestÄtigter bericht,"{'NORM': 80.0, 'SR': 0.0}",LAD,,,,False,True,False,,,,,,,4,records100/10000/10583_lr,records500/10000/10583_hr,confirmation,0,0
709,681.0,34.0,0,185.0,95.0,4.0,1.0,AT-6     6,1987-05-01 10:27:21,"sinus rhythm. incomplete right bundle branch block, this is probably    a normal variant. otherwise normal ecg.","{'NORM': 50.0, 'IRBBB': 100.0, 'SR': 0.0}",,,,0.0,False,False,True,,,,,,,4,records100/00000/00709_lr,records500/00000/00709_hr,confirmation,0,1
10820,7173.0,78.0,0,179.0,92.0,,4.0,AT-6     6,1993-08-12 08:31:20,sinus rhythm. early transition in chest leads. borderline low voltage trace.,"{'NORM': 100.0, 'SR': 0.0}",,,,4.0,False,False,True," , stark",,,,,,7,records100/10000/10820_lr,records500/10000/10820_hr,confirmation,0,0
486,943.0,86.0,1,,,7.0,1.0,AT-6 C 5.5,1987-02-28 08:16:48,trace only requested.,"{'AMI': 50.0, 'IMI': 50.0}",,unknown,,0.0,False,False,True," , V3,5,6",,,,,,1,records100/00000/00486_lr,records500/00000/00486_hr,confirmation,1,0
2227,608.0,71.0,0,169.0,,4.0,1.0,AT-6 C 5.5,1988-09-12 14:18:43,sinus rhythm. prolonged pr interval. left axis deviation. left anterior fascicular block. right bundle branch block.  this patient has trifascicular block and may be at  increased risk of developing complete heart block.,"{'IMI': 15.0, 'CRBBB': 100.0, 'LPFB': 100.0, '1AVB': 100.0, 'LPR': 0.0, 'SR': 0.0}",LAD,unknown,,0.0,False,False,True,,,,,,,3,records100/02000/02227_lr,records500/02000/02227_hr,confirmation,1,1
8532,3152.0,81.0,0,160.0,67.0,4.0,1.0,AT-6     6,1992-07-21 18:42:30,"atrial fibrillation. st segments are depressed and t waves inverted in i,    avl, v4,5,6. this may be due to lv strain or ischaemia. possible inferior myocardial infarction of uncertain age.","{'IMI': 100.0, 'IVCD': 100.0, 'LVH': 50.0, 'ISC_': 100.0, 'STD_': 0.0, 'AFIB': 0.0}",,unknown,,0.0,False,False,True,,,,,,,3,records100/08000/08532_lr,records500/08000/08532_hr,confirmation,1,1
18807,10283.0,64.0,1,,,0.0,0.0,CS100    3,1997-11-02 10:12:30,sinusrhythmus verdacht auf p-sinistrocardiale lagetyp normal linkshypertrophie mÖglich qrs(t) abnorm    anteroseptaler infarkt     wahrscheinlich alt 4.46                          unbestÄtigter bericht,"{'ASMI': 100.0, 'LVH': 100.0, 'ISC_': 100.0, 'ABQRS': 0.0, 'SR': 0.0}",MID,Stadium II-III,,,False,True,False," , V3",,,,,,1,records100/18000/18807_lr,records500/18000/18807_hr,confirmation,1,0
8665,15722.0,53.0,0,,,0.0,0.0,CS100    3,1992-08-01 12:01:35,sinusrhythmus lagetyp normal t abnorm in hochlateralen ableitungen 4.46                          unbestÄtigter bericht,"{'NORM': 80.0, 'SR': 0.0}",MID,,,,False,True,False,,,,,,,6,records100/08000/08665_lr,records500/08000/08665_hr,confirmation,0,0
16643,2248.0,73.0,1,165.0,71.0,,16.0,AT-6     6,1996-08-10 10:44:34,sinus rhythm normal ecg,"{'NORM': 100.0, 'SR': 0.0}",,,,8.0,False,False,True,,,,,,,5,records100/16000/16643_lr,records500/16000/16643_hr,confirmation,0,0
10713,2507.0,61.0,1,152.0,53.0,,22.0,AT-6 C 5.5,1993-07-30 14:33:26,sinus rhythm. normal ecg.,"{'NORM': 100.0, 'SR': 0.0}",,,,2.0,False,False,True,,,,,,,3,records100/10000/10713_lr,records500/10000/10713_hr,confirmation,0,0
18998,11423.0,72.0,0,,,0.0,0.0,CS100    3,1997-12-18 13:38:09,sinusrhythmus lagetyp normal normales ekg 4.46                          unbestÄtigter bericht,"{'NORM': 100.0, 'SR': 0.0}",MID,,,,False,True,False,,,alles,,,,3,records100/18000/18998_lr,records500/18000/18998_hr,confirmation,0,0
6035,14773.0,38.0,1,,59.0,2.0,0.0,CS-12   E,1991-04-18 11:51:39,sinusrhythmus normales ekg,"{'NORM': 100.0, 'SR': 0.0}",,,,,False,False,True," , V5",,,,,,6,records100/06000/06035_lr,records500/06000/06035_hr,confirmation,0,0
780,15534.0,30.0,1,,65.0,0.0,0.0,CS-12   E,1987-05-22 11:37:51,sinusrhythmus linkstyp sonst normales ekg,"{'NORM': 80.0, 'SR': 0.0}",LAD,,,,False,False,True,,,,,,,8,records100/00000/00780_lr,records500/00000/00780_hr,confirmation,0,0
18376,4604.0,66.0,0,170.0,93.0,,5.0,AT-6 C 5.5,1997-08-09 15:55:26,sinus rhythm abnormal left axis deviation left bundle branch block ischaemia not excluded,"{'CLBBB': 100.0, 'SR': 0.0}",ALAD,,,3.0,False,False,True,,,,,,,2,records100/18000/18376_lr,records500/18000/18376_hr,confirmation,0,1
5011,10822.0,42.0,0,,107.0,0.0,0.0,CS-12   E,1990-09-18 12:27:44,sinusrhythmus linkstyp sonst normales ekg,"{'NORM': 80.0, 'SR': 0.0}",LAD,,,,False,False,True,,,,,,,4,records100/05000/05011_lr,records500/05000/05011_hr,confirmation,0,0
18378,1804.0,74.0,1,173.0,,,44.0,AT-6 C 5.5,1997-08-09 17:56:07,sinus rhythm abnormal left axis deviation left anterior fascicular block otherwise normal ecg,"{'LAFB': 80.0, 'SR': 0.0}",ALAD,,,3.0,False,False,True,,,,,,,6,records100/18000/18378_lr,records500/18000/18378_hr,confirmation,0,1
6139,7020.0,56.0,0,178.0,96.0,9.0,1.0,AT-6 C 5.5,1991-05-05 14:12:06,sinus rhythm. normal ecg.,"{'NORM': 100.0, 'SR': 0.0}",,,,0.0,False,False,True,,,,,,,4,records100/06000/06139_lr,records500/06000/06139_hr,confirmation,0,0
18488,17382.0,74.0,0,,,0.0,0.0,CS100    3,1997-09-05 12:05:01,schrittmacher ekg 4.46                          unbestÄtigter bericht,{'PACE': 100.0},,,,,False,True,False,,,,,,"ja, pacemaker",8,records100/18000/18488_lr,records500/18000/18488_hr,confirmation,0,0
11973,1980.0,28.0,1,155.0,79.0,5.0,1.0,AT-6 C 5.5,1994-04-09 18:04:55,"sinus rhythm. non-specific slight t wave inversion in v2,3.","{'NORM': 100.0, 'SR': 0.0}",,,,0.0,False,False,True,,,,,,,2,records100/11000/11973_lr,records500/11000/11973_hr,confirmation,0,0
17908,20447.0,76.0,0,,,1.0,2.0,CS-12,1997-05-31 18:17:13,ventrikulÄre es intraventr. leitungsstoerung f sinusrhythmus path. repolisation  u-we/le v2-v6 wahrscheinlich normales ekg,"{'NORM': 50.0, 'IVCD': 100.0, 'SR': 0.0}",,,,1.0,False,False,True,,,,,1ES,,2,records100/17000/17908_lr,records500/17000/17908_hr,confirmation,0,1
2200,4549.0,84.0,1,152.0,63.0,8.0,1.0,AT-6 C 5.5,1988-09-08 08:14:51,"atrial fibrillation. st segments are depressed in i, ii, avl, v2-6. t waves are low or flat throughout. findings are likely to be due to ischaemic heart  disease. suggest exclude hypokalaemia.","{'IMI': 50.0, 'NST_': 100.0, 'LOWT': 0.0, 'STD_': 0.0, 'AFIB': 0.0}",,unknown,,0.0,False,False,True,,,,,,,4,records100/02000/02200_lr,records500/02000/02200_hr,confirmation,1,0
16872,3905.0,44.0,0,170.0,74.0,9.0,1.0,AT-6 C 5.5,1996-09-17 12:05:15,"sinus rhythm. prolonged pr interval. otherwise normal ecg. Edit: NORM 80, qIII(NORM 100)","{'NORM': 100.0, 'LPR': 0.0, 'SR': 0.0}",,,,0.0,True,False,True,,,,,,,1,records100/16000/16872_lr,records500/16000/16872_hr,confirmation,0,0
14859,14080.0,55.0,0,,,0.0,0.0,CS100    3,1995-09-01 11:13:39,sinusrhythmus linkstyp qrs(t) abnorm    anteriorer infarkt     wahrscheinlich alt 4.46                          unbestÄtigter bericht,"{'ASMI': 100.0, 'LAFB': 100.0, 'ABQRS': 0.0, 'SR': 0.0}",LAD,Stadium II-III,,,False,True,False,," , I-AVR,  ",,,,,3,records100/14000/14859_lr,records500/14000/14859_hr,confirmation,1,1
13365,9564.0,56.0,1,,,1.0,2.0,CS-12,1994-11-22 14:33:28,sinusrhythmus lagetyp normal unspezifisches abnormales t,"{'NDT': 100.0, 'SR': 0.0}",MID,,,1.0,False,False,True,,,,,,,2,records100/13000/13365_lr,records500/13000/13365_hr,confirmation,0,0
17555,2503.0,50.0,1,160.0,61.0,7.0,1.0,AT-6 C 5.5,1997-01-28 12:04:45,sinus rhythm. normal ecg.,"{'NORM': 100.0, 'SR': 0.0}",,,,0.0,False,False,True,,,,,,,3,records100/17000/17555_lr,records500/17000/17555_hr,confirmation,0,0
12951,20246.0,29.0,0,,,0.0,0.0,CS100    3,1994-09-12 07:48:35,sinusrhythmus lagetyp normal normales ekg 4.46                          unbestÄtigter bericht,"{'NORM': 100.0, 'SR': 0.0}",MID,,,,False,True,False,,,,,,,3,records100/12000/12951_lr,records500/12000/12951_hr,confirmation,0,0
7451,12651.0,86.0,1,,,1.0,2.0,CS-12,1991-12-12 08:40:30,sinusrhythmus linkstyp unspezifisches abnormales t normal,"{'NDT': 100.0, 'SR': 0.0}",LAD,,,1.0,False,False,True,,,,,,,8,records100/07000/07451_lr,records500/07000/07451_hr,confirmation,0,0
4964,6403.0,70.0,1,150.0,70.0,11.0,1.0,AT-6 C 5.5,1990-09-12 12:01:33,"sinus rhythm. t waves are inverted in avl, v2-5 and flat in v6. findings are likely to be due to ischaemic heart    disease. the age of the changes is uncertain.","{'ISCAS': 100.0, 'INVT': 0.0, 'SR': 0.0}",,,,0.0,False,False,True,,,,,,,2,records100/04000/04964_lr,records500/04000/04964_hr,confirmation,0,0
12077,7610.0,64.0,0,170.0,91.0,9.0,1.0,AT-6 C 5.5,1994-04-27 12:58:44,"sinus rhythm. q waves in ii, iii, avf consistent with old inferior    myocardial infarction. non-specific slight st segment depression in i, avl.","{'IMI': 80.0, 'QWAVE': 0.0, 'SR': 0.0}",,Stadium III,,0.0,False,False,True,,,,,,,2,records100/12000/12077_lr,records500/12000/12077_hr,confirmation,1,0
6599,1047.0,84.0,0,167.0,75.0,7.0,1.0,AT-6 C 5.5,1991-07-25 10:28:35,"sinus bradycardia. the bradycardia may be due to beta-blocker therapy. voltages are high in chest leads suggesting lvh. st segments are depressed in i, avl, v4,5,6. this may be due to lv strain or ischaemia.","{'LVH': 50.0, 'NST_': 100.0, 'VCLVH': 0.0, 'STD_': 0.0, 'SBRAD': 0.0}",,,,0.0,False,False,True,,,,,,,1,records100/06000/06599_lr,records500/06000/06599_hr,confirmation,0,0
10674,1339.0,79.0,1,165.0,58.0,6.0,1.0,AT-6 C 5.5,1993-07-27 10:34:29,sinus rhythm. normal ecg.,"{'NORM': 100.0, 'SR': 0.0}",,,,0.0,False,False,True,,,,,,,8,records100/10000/10674_lr,records500/10000/10674_hr,confirmation,0,0
11766,21383.0,63.0,0,,,0.0,0.0,CS100    3,1994-01-30 11:25:06,supraventrikulÄre arrhythmie verdacht auf p-sinistrocardiale lagetyp normal t abnorm in lateralen ableitungen 4.46                          unbestÄtigter bericht,"{'ISCAL': 50.0, 'SVARR': 0.0}",MID,,,,False,True,False,," , I-AVF,  ",,,,,7,records100/11000/11766_lr,records500/11000/11766_hr,confirmation,0,0
3431,2705.0,82.0,0,183.0,93.0,9.0,1.0,AT-6 C 5.5,1989-09-12 11:25:20,atrial fibrillation with rapid ventricular response. rightward axis. right bundle branch block.,"{'ASMI': 15.0, 'CRBBB': 100.0, 'AFIB': 0.0}",,unknown,,0.0,False,False,True,,,,,,,7,records100/03000/03431_lr,records500/03000/03431_hr,confirmation,1,1
6958,2580.0,69.0,1,165.0,84.0,7.0,1.0,AT-6 C 5.5,1991-09-12 09:58:48,sinus rhythm. prolonged pr interval. non-specific t wave flattening in i and inversion in  avl. poor progression of r waves in anterior chest leads. old anteroseptal myocardial infarction cannot be excluded.,"{'ASMI': 15.0, '1AVB': 100.0, 'NT_': 0.0, 'LPR': 0.0, 'SR': 0.0}",,Stadium III,,0.0,False,False,True,,,,,,,1,records100/06000/06958_lr,records500/06000/06958_hr,confirmation,1,1
7018,18643.0,48.0,1,,,1.0,2.0,CS-12,1991-09-21 10:31:53,sinusrhythmus lagetyp normal unspezifisches abnormales t,"{'NORM': 100.0, 'SR': 0.0}",MID,,,1.0,False,False,True,,,,,,,4,records100/07000/07018_lr,records500/07000/07018_hr,confirmation,0,0
12834,9832.0,59.0,0,,,1.0,2.0,CS-12,1994-08-23 13:22:47,"sinusrhythmus seitenlagetyp t biphasisch in v4 t neg in v5,v6 path. repolarisation path. ekg","{'NDT': 100.0, 'SR': 0.0}",,,,1.0,False,False,True,,,,,,,2,records100/12000/12834_lr,records500/12000/12834_hr,confirmation,0,0
13473,18067.0,68.0,1,,,0.0,0.0,CS100    3,1994-12-13 12:23:48,supraventrikulÄre extrasystole(n) sinusrhythmus lagetyp normal rechtsschenkelblock 4.46                          unbestÄtigter bericht,"{'LVH': 100.0, 'ISC_': 100.0, 'SR': 0.0}",MID,,,,False,True,False,,,alles,,SVES,,3,records100/13000/13473_lr,records500/13000/13473_hr,confirmation,0,0
19385,11461.0,40.0,1,,,1.0,2.0,AT-60    3,1998-07-13 11:09:26,sinusrhythmus lagetyp normal qrs(t) abnorm    anteroseptaler infarkt     alter unbest. 4.46                          unbestÄtigter bericht,"{'ASMI': 80.0, 'ABQRS': 0.0, 'SR': 0.0}",MID,unknown,,1.0,False,True,True,,,,,,,5,records100/19000/19385_lr,records500/19000/19385_hr,confirmation,1,0
16846,11918.0,54.0,0,,,0.0,0.0,CS100    3,1996-09-12 10:29:13,"ventrikulÄre extrasystole(n), trigeminus sinustachykardie p-sinistrocardiale ueberdrehter linkstyp t abnorm in lateralen ableitungen 4.46                          unbestÄtigter bericht","{'IMI': 100.0, 'LVH': 100.0, 'ISC_': 100.0, 'PVC': 100.0, 'STACH': 0.0}",ALAD,unknown,,,False,True,False,,,,,VES,,8,records100/16000/16846_lr,records500/16000/16846_hr,confirmation,1,0
645,667.0,19.0,0,187.0,97.0,3.0,1.0,AT-6 C 5.5,1987-04-20 10:43:06,sinus rhythm. normal ecg.,"{'NORM': 100.0, 'SR': 0.0}",,,,6.0,False,False,True,,,,,,,7,records100/00000/00645_lr,records500/00000/00645_hr,confirmation,0,0
6848,10081.0,37.0,1,,,1.0,2.0,CS-12,1991-08-26 09:34:24,sinusrhythmus lagetyp normal normales ekg,"{'NORM': 100.0, 'SR': 0.0}",MID,,,1.0,False,False,True,," , alles,  ",,,,,5,records100/06000/06848_lr,records500/06000/06848_hr,confirmation,0,0
21676,14490.0,63.0,0,,,0.0,0.0,CS100    3,2000-12-25 11:40:04,sinusrhythmus a-v block i verdacht auf p-sinistrocardiale linkstyp rechtsschenkelblock 4.46                          unbestÄtigter bericht,"{'CLBBB': 100.0, 'SR': 0.0}",LAD,,,,False,True,False,,,,,,,7,records100/21000/21676_lr,records500/21000/21676_hr,confirmation,0,1
6696,2134.0,64.0,0,159.0,77.0,,5.0,AT-6 C 5.5,1991-08-04 10:56:53,sinus rhythm. normal ecg.,"{'NORM': 100.0, 'SR': 0.0}",,,,2.0,False,False,True,,,,,,,1,records100/06000/06696_lr,records500/06000/06696_hr,confirmation,0,0
12149,6450.0,77.0,1,163.0,62.0,10.0,1.0,AT-6 C 5.5,1994-05-06 13:29:41,"atrial fibrillation with rapid ventricular response. right axis deviation. non-specific intraventricular delay. st segments are depressed and t waves inverted in ii,    iii, avf, v5,6. this may be due to lv strain or ischaemia.","{'LVH': 100.0, 'ISC_': 100.0, 'IVCD': 100.0, 'STD_': 0.0, 'AFIB': 0.0}",RAD,,,0.0,False,False,True,,,,,,,7,records100/12000/12149_lr,records500/12000/12149_hr,confirmation,0,1
3510,19718.0,53.0,1,,,1.0,2.0,CS-12,1989-09-30 17:51:06,sinusrhythmus lagetyp normal normales ekg,"{'NORM': 100.0, 'SR': 0.0}",MID,,,1.0,False,False,True,,,,,,,5,records100/03000/03510_lr,records500/03000/03510_hr,confirmation,0,0
17702,2032.0,79.0,0,173.0,54.0,11.0,1.0,AT-6 C 5.5,1997-03-23 09:14:06,"sinus rhythm. t waves are low or flat in limb leads and inverted in    v4,5,6. findings are likely to be due to ischaemic heart    disease. the age of the changes is uncertain.","{'IMI': 50.0, 'ASMI': 80.0, 'LVH': 100.0, 'ISC_': 100.0, 'LOWT': 0.0, 'SR': 0.0}",,unknown,,0.0,False,False,True,,,,,,,8,records100/17000/17702_lr,records500/17000/17702_hr,confirmation,1,0
10698,12322.0,67.0,0,,,1.0,2.0,CS-12,1993-07-29 10:50:11,sinusbradykardie ueberdrehter linkstyp linksanteriorer hemiblock,"{'LAFB': 100.0, 'SBRAD': 0.0}",ALAD,,,1.0,False,False,True,,,,,,,1,records100/10000/10698_lr,records500/10000/10698_hr,confirmation,0,1
19397,10392.0,69.0,1,,,0.0,0.0,CS100    3,1998-07-17 10:12:59,sinusrhythmus lagetyp normal normales ekg 4.46                          unbestÄtigter bericht,"{'NORM': 100.0, 'SR': 0.0}",MID,,,,False,True,False,,,,,,,5,records100/19000/19397_lr,records500/19000/19397_hr,confirmation,0,0
603,5090.0,64.0,0,165.0,64.0,10.0,1.0,AT-6 C 5.5,1987-04-12 08:20:22,sinus rhythm. normal ecg.,"{'NORM': 100.0, 'SR': 0.0}",,,,0.0,False,False,True,,,,,,,6,records100/00000/00603_lr,records500/00000/00603_hr,confirmation,0,0
6593,12222.0,37.0,1,,61.0,0.0,0.0,CS-12   E,1991-07-25 00:53:33,sinusrhythmus lagetyp normal normales ekg,"{'NORM': 100.0, 'SR': 0.0}",MID,,,,False,False,True,,,,,,,4,records100/06000/06593_lr,records500/06000/06593_hr,confirmation,0,0
4425,17841.0,88.0,1,,,0.0,0.0,CS100    3,1990-07-11 11:02:56,sinusrhythmus ueberdrehter linkstyp linksanteriorer hemiblock rechtsschenkelblock bifaszikulÄrer block 4.46                          unbestÄtigter bericht,"{'CRBBB': 100.0, 'LAFB': 100.0, 'SR': 0.0}",ALAD,,,,False,True,False,,,,,,,5,records100/04000/04425_lr,records500/04000/04425_hr,confirmation,0,1
3545,10086.0,51.0,1,,67.0,0.0,0.0,CS-12   E,1989-10-05 13:24:46,sinusrhythmus lagetyp normal normales ekg,"{'NORM': 100.0, 'SR': 0.0}",MID,,,,False,False,True,,,,,,,4,records100/03000/03545_lr,records500/03000/03545_hr,confirmation,0,0
19650,16964.0,75.0,0,,,0.0,0.0,CS100    3,1998-09-18 07:24:54,sinusrhythmus p-sinistrocardiale linkstyp qrs(t) abnorm    anteroseptaler myokardschaden mÖglich 4.46                          unbestÄtigter bericht,"{'NDT': 100.0, 'ABQRS': 0.0, 'SR': 0.0}",LAD,,,,False,True,False,,,,,,,1,records100/19000/19650_lr,records500/19000/19650_hr,confirmation,0,0
19675,11596.0,56.0,0,,,0.0,0.0,CS100    3,1998-09-21 11:49:43,sinusrhythmus lagetyp normal normales ekg 4.46                          unbestÄtigter bericht,"{'NORM': 100.0, 'SR': 0.0}",MID,,,,False,True,False,"V5,  ",,V5,,,,2,records100/19000/19675_lr,records500/19000/19675_hr,confirmation,0,0
15234,15127.0,49.0,1,,,0.0,0.0,CS100    3,1995-10-25 10:30:17,schrittmacher ekg 4.46                          unbestÄtigter bericht,{'PACE': 100.0},,,,,False,True,False,,,,,,"ja, pacemaker",3,records100/15000/15234_lr,records500/15000/15234_hr,confirmation,0,0
19219,11420.0,27.0,0,,,1.0,2.0,CS-12,1998-04-01 11:48:17,sinusrhythmus lagetyp normal unvollstÄndiger rechtsschenkelblock,"{'IRBBB': 100.0, 'SR': 0.0}",MID,,,1.0,False,False,True,,,,,,,1,records100/19000/19219_lr,records500/19000/19219_hr,confirmation,0,1
2034,7497.0,51.0,0,172.0,45.0,,16.0,AT-6     6,1988-07-31 07:14:53,"sinus rhythm. right bundle branch block. Edit: RVH 50, CRBBB, (CRBBB)","{'CRBBB': 100.0, 'SR': 0.0}",,,,2.0,True,False,True,,,,,,,5,records100/02000/02034_lr,records500/02000/02034_hr,confirmation,0,1
5839,4243.0,47.0,1,165.0,65.0,6.0,1.0,AT-6 C 5.5,1991-02-26 14:07:37,"sinus rhythm. low limb lead voltage. non-specific t wave flattening in v4,5,6.","{'NDT': 100.0, 'NT_': 0.0, 'LVOLT': 0.0, 'SR': 0.0}",,,,0.0,False,False,True," , V2",,,,,,3,records100/05000/05839_lr,records500/05000/05839_hr,confirmation,0,0
17776,2305.0,35.0,0,173.0,83.0,6.0,1.0,AT-6 C 5.5,1997-04-22 12:17:07,sinus arrhythmia. normal ecg.,"{'NORM': 100.0, 'SARRH': 0.0}",,,,0.0,False,False,True,,,,,,,8,records100/17000/17776_lr,records500/17000/17776_hr,confirmation,0,0
12728,961.0,70.0,0,170.0,70.0,,13.0,AT-6     6,1994-08-07 12:13:33,sinus rhythm. normal ecg.,"{'NORM': 100.0, 'SR': 0.0}",,,,2.0,False,False,True,,,,,,,3,records100/12000/12728_lr,records500/12000/12728_hr,confirmation,0,0
21786,15334.0,43.0,0,,,0.0,0.0,CS100    3,2001-01-29 14:00:27,vorhofflimmern/-flattern linkstyp rechtsschenkelblock 4.46                          unbestÄtigter bericht,"{'IMI': 15.0, 'IRBBB': 100.0, 'AFIB': 0.0}",LAD,unknown,,,False,True,False,,,I-V1,,,,2,records100/21000/21786_lr,records500/21000/21786_hr,confirmation,1,1
4554,2219.0,66.0,1,155.0,74.0,8.0,1.0,AT-6     6,1990-07-23 17:20:22,sinus rhythm. borderline left axis deviation. right bundle branch block. possible old inferior myocardial infarct.,"{'IMI': 50.0, 'CRBBB': 100.0, 'SR': 0.0}",AXL,Stadium III,,0.0,False,False,True,,,,,,,5,records100/04000/04554_lr,records500/04000/04554_hr,confirmation,1,1
1303,21269.0,45.0,1,,71.0,0.0,0.0,CS-12   E,1988-01-14 09:55:22,sinusrhythmus lagetyp normal normales ekg,"{'NORM': 100.0, 'SR': 0.0}",MID,,,,False,False,True,," , I-AVR,  ",,,,,5,records100/01000/01303_lr,records500/01000/01303_hr,confirmation,0,0
11818,14131.0,43.0,0,,,1.0,2.0,AT-60    3,1994-02-21 14:56:53,sinusrhythmus ueberdrehter linkstyp unspezifische intraventrikulÄre leitungsstÖrung 4.46                          unbestÄtigter bericht,"{'LAFB': 100.0, 'SR': 0.0}",ALAD,,,1.0,False,True,True,,,,,,,5,records100/11000/11818_lr,records500/11000/11818_hr,confirmation,0,1
20409,15989.0,71.0,1,,,0.0,0.0,CS100    3,1999-07-27 14:48:28,sinusrhythmus lagetyp normal t abnorm in anterioren ableitungen    inferolateralen ableitungen 4.46                          unbestÄtigter bericht,"{'LVH': 35.0, 'ISCAL': 100.0, 'ISCIN': 100.0, 'SR': 0.0}",MID,,,,False,True,False,,,,,,,5,records100/20000/20409_lr,records500/20000/20409_hr,confirmation,0,0
4804,9247.0,66.0,0,,,0.0,0.0,CS100    3,1990-08-18 09:10:13,sinusrhythmus verdacht auf p-sinistrocardiale lagetyp normal 4.46                          unbestÄtigter bericht,"{'IMI': 15.0, 'SR': 0.0}",MID,unknown,,,False,True,False,,,,,,,6,records100/04000/04804_lr,records500/04000/04804_hr,confirmation,1,0
20597,18762.0,79.0,1,,,0.0,0.0,CS100    3,1999-09-18 10:11:08,vorhofflimmern/-flattern ueberdrehter linkstyp unspezifischer intraventrikulÄrer block 4.46                          unbestÄtigter bericht,"{'LVH': 100.0, 'ISC_': 100.0, 'LAFB': 100.0, 'AFIB': 0.0}",ALAD,,,,False,True,False,,,,,,,2,records100/20000/20597_lr,records500/20000/20597_hr,confirmation,0,1
21708,15163.0,51.0,1,,,0.0,0.0,CS100    3,2001-01-07 14:14:11,sinusrhythmus linkstyp sonst normales ekg 4.46                          unbestÄtigter bericht,"{'NORM': 80.0, 'SR': 0.0}",LAD,,,,False,True,False,," , I-AVF,  ",,,,,1,records100/21000/21708_lr,records500/21000/21708_hr,confirmation,0,0
11930,10681.0,49.0,0,,,,3.0,AT-6 C,1994-03-18 13:46:08,sinusrytm vÄnster el-axel normalt ekg,"{'NORM': 80.0, 'SR': 0.0}",,,,5.0,False,False,True,,,,,,,6,records100/11000/11930_lr,records500/11000/11930_hr,confirmation,0,0
6934,4918.0,51.0,1,163.0,53.0,6.0,1.0,AT-6 C 5.5,1991-09-10 08:51:31,sinus rhythm. normal ecg.,"{'NORM': 100.0, 'SR': 0.0}",,,,0.0,False,False,True,,,,,,,5,records100/06000/06934_lr,records500/06000/06934_hr,confirmation,0,0
8229,19621.0,61.0,0,,,1.0,2.0,CS-12,1992-06-16 17:34:53,sinusrhythmus p-sinistrocardiale linkstyp unvollstÄndiger rechtsschenkelblock qrs(t) abnormal    anterolateraler myokardschaden mÖglich,"{'AMI': 100.0, 'ANEUR': 50.0, 'ABQRS': 0.0, 'SR': 0.0}",LAD,unknown,,1.0,False,False,True,," , I-AVR,V5,V6,  ",,,,,6,records100/08000/08229_lr,records500/08000/08229_hr,confirmation,1,0
17527,17215.0,37.0,0,,,0.0,0.0,CS100    3,1997-01-25 12:27:04,sinusrhythmus lagetyp normal normales ekg 4.46                          unbestÄtigter bericht,"{'NORM': 100.0, 'SR': 0.0}",MID,,,,False,True,False,,,,,,,7,records100/17000/17527_lr,records500/17000/17527_hr,confirmation,0,0
15733,2366.0,75.0,1,175.0,76.0,1.0,1.0,AT-6 C 5.5,1996-02-09 11:34:04,sinus rhythm. normal ecg.,"{'NORM': 100.0, 'SR': 0.0}",,,,0.0,False,False,True,,,,,,,1,records100/15000/15733_lr,records500/15000/15733_hr,confirmation,0,0
