ecg_id,patient_id,split,projection_max_mv,projection_rms_mv
16333,15233.0,train,0.00090476125,0.00029980158
12479,15541.0,train,0.00085715204,0.00030305336
12674,9521.0,train,0.0011428576,0.0002934877
19290,17777.0,train,0.0008571446,0.0002955222
15832,17904.0,train,0.000857234,0.00030685303
21191,14624.0,train,0.0008571446,0.00029646078
10239,12291.0,train,0.0008571446,0.0003081693
6081,18180.0,train,0.001000002,0.0003023192
18182,7521.0,train,0.0008571446,0.000301096
17524,10689.0,train,0.0008571446,0.00028953998
9797,21050.0,train,0.0008571446,0.00029951028
312,3516.0,train,0.0010000002,0.0002984219
16758,4469.0,train,0.0011428595,0.00029258037
12851,15441.0,train,0.0008571446,0.00030124097
5732,5183.0,train,0.0008571446,0.00030584267
11847,2537.0,train,0.0008571446,0.00029792945
9497,18945.0,train,0.0008571446,0.00029259382
6886,4300.0,train,0.0011428557,0.00030267338
9851,3368.0,train,0.0011428576,0.0003052322
2001,4276.0,train,0.0009047687,0.00029671495
1583,5539.0,train,0.00090476125,0.00031315102
7817,3262.0,train,0.0011428595,0.0003009906
7966,6055.0,train,0.0008571446,0.00029066173
606,4464.0,train,0.0008571446,0.00029588456
13393,8691.0,train,0.000857234,0.00029998695
11309,13014.0,train,0.0008571446,0.00029323052
357,17283.0,train,0.0008571446,0.00030191202
17217,19323.0,train,0.0011428595,0.00029564308
13927,15124.0,train,0.0008571744,0.00030680152
12433,12982.0,train,0.0008571446,0.00029533418
14997,2259.0,train,0.0011428585,0.00030283077
1128,2599.0,train,0.0011428567,0.0003035636
19159,20930.0,train,0.0011428576,0.00029251236
17646,13116.0,train,0.0008571744,0.00030545326
18467,20172.0,train,0.00090476125,0.00030557002
18731,20345.0,train,0.0008571744,0.00030628356
20955,12731.0,train,0.0008571446,0.00030471178
13171,19657.0,train,0.0008571446,0.00030304014
1600,8316.0,train,0.0008571595,0.00029192865
13958,1109.0,train,0.0011428595,0.00031093814
14779,10374.0,train,0.0011428569,0.00029883374
11310,15326.0,train,0.0008571446,0.0002895811
5917,10421.0,train,0.0008571446,0.0002971025
20223,19022.0,train,0.0008571446,0.00030425558
19786,20943.0,train,0.0011428576,0.00029289207
3309,21458.0,train,0.0009999988,0.00029851505
14682,5992.0,train,0.0009999983,0.000290648
3324,15527.0,train,0.0010000002,0.0003000927
13979,7275.0,train,0.0011428595,0.0002909619
19735,8737.0,train,0.0010000002,0.00029802267
15238,21527.0,train,0.0008571446,0.0003059983
20907,15230.0,train,0.00090476125,0.00029945734
1675,5967.0,train,0.0011428595,0.00029792945
9310,9684.0,train,0.0008571446,0.0003067237
13601,12162.0,train,0.0008571446,0.00029313582
20462,18554.0,train,0.0008571446,0.00029722264
623,4563.0,train,0.0008571446,0.0003009509
17499,12838.0,train,0.001000002,0.0002901286
21344,15901.0,train,0.0011428567,0.0002935823
17763,580.0,train,0.0008571446,0.00029953668
19619,16904.0,train,0.0008571446,0.0002941224
10876,14782.0,train,0.0008571446,0.00029425733
3786,8703.0,train,0.0009047687,0.00029891354
19690,17357.0,train,0.00085715204,0.00030385112
21564,14488.0,train,0.0008571744,0.00030787307
18149,15759.0,train,0.0008571446,0.00028873017
16317,5909.0,train,0.0008571446,0.00030071352
12884,2543.0,train,0.0008571744,0.00029347412
8414,9014.0,train,0.0008571446,0.000297623
8182,8689.0,train,0.0008571744,0.00028848273
11419,11609.0,train,0.0011428571,0.00030933888
16330,401.0,train,0.0008571446,0.00029702237
7703,3560.0,train,0.0008571446,0.00029576384
10599,9036.0,train,0.0008571446,0.0002914659
3693,17345.0,train,0.0008571446,0.00029240397
10757,3615.0,train,0.0008571446,0.00029904622
6620,15442.0,train,0.0011428595,0.00030506315
1528,599.0,train,0.0008571446,0.00029866115
2046,595.0,train,0.0008571446,0.00030077956
7921,12639.0,train,0.0008571446,0.00029214594
20506,19043.0,train,0.0008571744,0.00030105654
5716,21471.0,train,0.001000002,0.00030058145
11093,15952.0,train,0.00090476125,0.00029493085
9071,17042.0,train,0.0010000011,0.0002961392
3859,8132.0,train,0.0009999983,0.00030046274
13660,18025.0,train,0.00090476125,0.000289101
5361,21028.0,train,0.0008571446,0.00029576386
600,4590.0,train,0.0008571446,0.00029883382
18561,13984.0,train,0.0008571446,0.00029915234
4776,4558.0,train,0.0008571744,0.0002992586
4638,7928.0,train,0.0008571446,0.000293163
5207,21613.0,train,0.0011428595,0.00029668811
16539,5799.0,train,0.0008571455,0.0003058427
21756,18782.0,train,0.0011428576,0.00029936456
11665,20162.0,train,0.0009999992,0.0003011092
13097,6558.0,train,0.0011428576,0.0002967684
10684,1912.0,train,0.0008571446,0.00029748966
18603,21213.0,train,0.0010000011,0.0002908527
2621,5841.0,train,0.0008571744,0.00030343296
17033,18601.0,train,0.0009047687,0.00028616245
18664,14436.0,train,0.0011428595,0.0002972761
1471,413.0,train,0.0008571446,0.00029029284
18818,18032.0,train,0.0011428572,0.00030239788
17881,5982.0,train,0.0008571446,0.00028997817
15728,5831.0,train,0.0008571446,0.00029875414
16254,14205.0,train,0.0011428576,0.00030289617
19261,14160.0,train,0.0008571446,0.0003039815
2570,16706.0,train,0.0008571446,0.0002963938
8404,20257.0,train,0.0010000002,0.00030625772
8487,1934.0,train,0.0008571446,0.00029864788
11385,20303.0,train,0.0010000002,0.0002991922
5838,4729.0,train,0.0008571446,0.00030182
21436,9079.0,train,0.0008571446,0.00029643392
14891,10060.0,train,0.0009999983,0.0002876975
8125,6987.0,train,0.0010000002,0.00029623316
10400,2322.0,train,0.001000002,0.00030154365
17824,3788.0,train,0.0011428595,0.00029489052
10219,17647.0,train,0.0009999999,0.0002935822
16751,11330.0,train,0.0008571446,0.00029740954
6861,16483.0,train,0.0008571446,0.00029756964
10527,6680.0,train,0.0008571446,0.0002912073
14104,1578.0,train,0.0011428557,0.00029601864
16667,8274.0,train,0.0009999983,0.00030409906
8038,3599.0,train,0.0008571446,0.00030027775
2266,4208.0,train,0.0008571744,0.00030435997
12833,19111.0,train,0.0008571446,0.00030318424
5626,17097.0,train,0.001000002,0.00030239797
19699,13604.0,train,0.001000002,0.00030110916
5996,3888.0,train,0.0011428595,0.00029924512
10162,4204.0,train,0.0010000002,0.00030454242
15756,1693.0,train,0.0008571446,0.0002895811
5192,14051.0,train,0.0009999997,0.00030330202
18159,447.0,train,0.00090476125,0.00029919212
2724,2100.0,train,0.0008571744,0.00030534915
13877,11910.0,train,0.0011428557,0.00030904374
12012,6086.0,train,0.00090476125,0.000304725
17716,554.0,train,0.0008571446,0.00029052494
18538,11627.0,train,0.0008571744,0.00029526695
3519,6506.0,train,0.00090476125,0.00030100363
5622,17389.0,train,0.001000002,0.0003068404
8742,17454.0,train,0.0011428576,0.0002971827
3617,8562.0,train,0.001000002,0.0002967684
9392,10400.0,train,0.0011428567,0.00031142283
6586,2358.0,train,0.0008571446,0.00030118824
663,20470.0,train,0.0008571446,0.00029436516
2566,11477.0,train,0.0011428557,0.0002993115
2685,4817.0,train,0.0011428576,0.00030106958
17276,17029.0,train,0.0009999999,0.00029646067
6384,9695.0,train,0.0008571446,0.00029964285
15004,11464.0,train,0.0008571446,0.00029436513
21408,18763.0,train,0.00090476125,0.0003005287
3674,13164.0,train,0.0011428576,0.00029397392
2173,12104.0,train,0.0008571446,0.0002994175
6896,2955.0,train,0.0008571446,0.00030956973
19938,19747.0,train,0.0008571446,0.0002981026
11204,8168.0,train,0.0008571446,0.00030023794
10019,6008.0,train,0.001000002,0.00030370758
12040,1074.0,train,0.0008571446,0.00029836866
1874,1989.0,train,0.0010000002,0.00029723605
11410,21462.0,train,0.0008571446,0.00029863464
18025,4968.0,train,0.0009047687,0.00029855483
8342,3379.0,train,0.001000002,0.00029783612
8013,4299.0,train,0.0008571446,0.0003010564
11567,15699.0,train,0.0008571446,0.00029366347
16196,1940.0,train,0.0009999983,0.00030756337
9735,6265.0,train,0.0008571446,0.00028784922
12838,17346.0,train,0.0008571446,0.00029564308
14183,15673.0,train,0.0008571446,0.00029268875
345,1431.0,train,0.0008571446,0.0003015306
3861,13441.0,train,0.0008571744,0.0002993777
8117,4023.0,train,0.0011428567,0.0002924582
1446,10445.0,train,0.0009999983,0.00029743623
267,7662.0,train,0.0008571446,0.00029538793
15922,12804.0,train,0.0008571446,0.0002951864
17642,1092.0,train,0.0008571744,0.00029890027
18292,16403.0,train,0.0008571744,0.00029985455
9414,20272.0,train,0.00090476125,0.00029023815
13901,8368.0,train,0.0010000002,0.0003015437
3106,3669.0,train,0.00090476125,0.00029526695
1495,11568.0,train,0.0008571446,0.00029762284
8782,1943.0,train,0.00090476125,0.0002987409
7477,16505.0,train,0.00090476125,0.00030290926
1305,10716.0,train,0.001142852,0.00030081923
14291,7404.0,train,0.00090476125,0.0002980759
10329,3351.0,train,0.00090476125,0.00029604556
15854,12014.0,train,0.0009999983,0.00028997817
12489,544.0,train,0.0011428595,0.00029490393
4744,19236.0,train,0.0010000002,0.00030919779
9941,13717.0,train,0.0011428567,0.00030542724
7200,15938.0,train,0.0008571446,0.00029630007
6996,7215.0,train,0.0008571446,0.00029807596
16849,20507.0,train,0.0010000002,0.00030167532
15828,19793.0,train,0.00090476125,0.00029852815
12701,3815.0,train,0.0011428576,0.00029651413
650,1285.0,train,0.0011428595,0.00029617944
9078,11873.0,train,0.0008571744,0.000308774
5366,11630.0,train,0.0008571446,0.00028879894
13178,13168.0,train,0.0011428595,0.00030389027
13302,14789.0,train,0.0008571446,0.00028695178
13296,9582.0,train,0.001000002,0.00029529387
16699,10533.0,train,0.00085714506,0.00028866145
7550,14121.0,train,0.0011428576,0.00030971065
7313,20649.0,train,0.0008571446,0.0002996692
19431,19451.0,train,0.0011428572,0.0002963536
20583,9559.0,train,0.0008571446,0.0002896492
842,6371.0,train,0.00090476125,0.0003045816
20026,21521.0,train,0.0008571446,0.00029715593
3731,21193.0,train,0.0008571446,0.0002984485
19248,9058.0,train,0.0010000002,0.000297916
37,9123.0,train,0.0008571446,0.00029173816
301,3830.0,train,0.00085715204,0.00029668814
8607,8634.0,train,0.0011428576,0.0003061021
16859,5142.0,train,0.0008571446,0.0002969287
5244,17240.0,train,0.0010000002,0.00029617958
11809,10664.0,train,0.0011428567,0.00029977522
11735,998.0,train,0.0008571446,0.00029501153
9580,15022.0,train,0.0008571455,0.00030197765
10472,12829.0,train,0.0011428557,0.00030793736
7656,10129.0,train,0.0011428576,0.00030077944
4048,1470.0,train,0.0008571744,0.00029354164
6997,6139.0,train,0.001000002,0.00029585775
3676,9471.0,train,0.0008571446,0.00029720936
21112,9704.0,train,0.0008571446,0.00028943026
7808,3034.0,train,0.00090476125,0.00030056832
495,3630.0,train,0.0011428576,0.0003115248
19122,21133.0,train,0.0011428557,0.00029925845
13889,8049.0,train,0.00090476125,0.00029774295
14728,4413.0,train,0.00090476125,0.00030029088
16356,5635.0,train,0.001000002,0.00030085852
12427,16603.0,train,0.00090476125,0.00029503842
20342,11336.0,train,0.0008571446,0.0002968753
20505,18758.0,train,0.0008571446,0.00030072688
16930,14732.0,train,0.0009999983,0.00030042295
8101,5847.0,train,0.0008571446,0.00029978846
18924,18943.0,train,0.0008571446,0.00029892675
19954,19312.0,train,0.0008571446,0.00029444598
14686,1414.0,train,0.0008571744,0.00030197774
13371,15005.0,train,0.000857146,0.0002963403
6204,15216.0,train,0.0011428557,0.00029799613
13467,14909.0,train,0.0011428576,0.00029225458
8773,1352.0,train,0.0008571744,0.00030271278
21641,14676.0,train,0.0008571446,0.00029760963
17443,17974.0,train,0.0011428595,0.00030776998
13775,8568.0,train,0.0008571446,0.00030633534
19454,20092.0,train,0.0011428569,0.0003000398
159,10669.0,train,0.0008571483,0.00030227972
8124,1221.0,train,0.0008571446,0.00029536104
10573,7382.0,train,0.0009999983,0.00030203018
9914,15166.0,train,0.0008571744,0.0003033153
11925,13480.0,train,0.0009047538,0.00029517285
5908,13357.0,train,0.0008571446,0.0002975163
19919,16107.0,train,0.00090476125,0.0002934876
9284,19844.0,train,0.0008571446,0.00030347207
17645,4562.0,train,0.0011428576,0.00029989425
1202,2351.0,train,0.0008571446,0.00030764102
4970,521.0,train,0.0008571446,0.00030183297
617,7740.0,train,0.0008571446,0.00030117505
12666,14796.0,train,0.00090476125,0.00029571023
21692,17458.0,train,0.0010000002,0.00030007944
17840,6890.0,train,0.0008571446,0.00029736946
16617,21047.0,train,0.0010000002,0.00029931142
20103,8920.0,train,0.0011428576,0.00029251244
21144,8840.0,train,0.0010000002,0.00030193833
1310,16827.0,train,0.0008571446,0.00029300048
12460,19539.0,train,0.0008571446,0.00029290566
15949,11359.0,train,0.001000002,0.00030323665
13416,12790.0,train,0.001000002,0.0003042818
15185,12877.0,train,0.00090476125,0.00029264818
2547,15701.0,train,0.0008571446,0.0003027257
20904,12983.0,train,0.0008571446,0.00029540132
7484,16611.0,train,0.00090476125,0.00029585787
16515,19366.0,train,0.0011428567,0.0003013726
16519,5023.0,train,0.0008571744,0.00030305318
1524,1071.0,train,0.00090476125,0.00029179265
14073,7805.0,train,0.0008571446,0.00029952356
1454,11214.0,train,0.00090476125,0.00030226662
4420,323.0,train,0.0008571446,0.000287021
4516,6837.0,train,0.0008571446,0.00030364192
7997,2414.0,train,0.0008571446,0.00029462107
19660,13325.0,train,0.0008571446,0.00029820905
2009,1082.0,train,0.0009047622,0.00030366812
14993,2584.0,train,0.00090476125,0.000298116
16218,4092.0,train,0.0008571744,0.00029703573
176,8172.0,train,0.0011428595,0.000299603
7338,19810.0,train,0.001000002,0.0003073828
15356,16301.0,train,0.0008571446,0.0003010432
18646,12581.0,train,0.0009999997,0.0003026997
20525,17651.0,train,0.0008571446,0.00030126725
17216,11758.0,train,0.0011428595,0.00029612583
6003,17336.0,train,0.0008571446,0.0002963938
2005,4162.0,train,0.0008571446,0.00030408608
19072,14864.0,train,0.0008571446,0.0002922953
5339,16453.0,train,0.0008571446,0.00029093455
7076,6951.0,train,0.001000002,0.00029470198
6502,8969.0,train,0.0011428575,0.00028394902
20215,14002.0,train,0.0008571446,0.0002966346
415,19748.0,train,0.0008571446,0.00029886034
9124,5441.0,train,0.0008571446,0.00029658125
7834,8831.0,train,0.0008571744,0.00030314497
13836,7832.0,train,0.0011428595,0.0003032235
7447,10884.0,train,0.0008571446,0.00029920545
12295,2996.0,train,0.001000002,0.00029096182
8697,5733.0,train,0.00090476125,0.00029858138
5739,1502.0,train,0.0008571446,0.00030073998
12842,13543.0,train,0.0008571446,0.00029755617
8867,1837.0,train,0.0008571744,0.00029899308
7425,13042.0,train,0.0008571744,0.00029651416
5708,18619.0,train,0.0008571744,0.00029699545
5595,19287.0,train,0.0008571446,0.0002908937
18541,20284.0,train,0.00090476125,0.0002909073
10405,16760.0,train,0.001000002,0.00030081908
4985,15450.0,train,0.001142852,0.00029119352
867,20236.0,train,0.00085714646,0.0002960991
7589,8623.0,train,0.0009999983,0.0003044772
14978,14652.0,train,0.0009999983,0.00029743623
20261,16314.0,train,0.0008571446,0.00028436797
20990,10202.0,train,0.0010000003,0.0002970357
10812,3523.0,train,0.0008571446,0.00030010586
20617,15728.0,train,0.0008571446,0.00029977516
14564,9405.0,train,0.001000002,0.0002993115
4622,6492.0,train,0.0008571446,0.00030527136
7696,6713.0,train,0.0010000012,0.00030153056
8796,10394.0,train,0.0008571446,0.0002968887
20496,10348.0,train,0.00090476125,0.0002989134
9956,12355.0,train,0.0008571446,0.00030396867
18942,9447.0,train,0.0008571446,0.00029565644
8621,5802.0,train,0.0008571744,0.00028934775
18065,7059.0,train,0.0011428595,0.00030545326
20305,9608.0,train,0.0011428595,0.00029816903
17734,6576.0,train,0.00090476125,0.00029882047
8012,6325.0,train,0.0008571446,0.00028317928
18515,18820.0,train,0.0008571446,0.000297956
19488,13515.0,train,0.0011428595,0.0003020697
20841,8573.0,train,0.0009999946,0.0003030402
7908,12509.0,train,0.0008571446,0.00029763626
12544,7299.0,train,0.0011428557,0.00030432089
9296,14653.0,train,0.0009999983,0.00030432074
376,11674.0,train,0.0011428567,0.00029925845
9711,14099.0,train,0.0011428557,0.00029583095
3254,1439.0,train,0.0011428595,0.00028912842
14317,4711.0,train,0.0011428557,0.00029924524
16811,7618.0,train,0.0008571446,0.00030026457
9973,19206.0,train,0.0011428557,0.00030174106
15130,2169.0,train,0.001000002,0.00029795608
5410,9682.0,train,0.0008571744,0.00030468567
4631,10789.0,train,0.0008571744,0.0002920916
5043,9802.0,train,0.0008571446,0.00029774287
17230,11850.0,train,0.00090476125,0.00029544163
9824,10683.0,train,0.0008571744,0.00030520634
20688,11227.0,train,0.0008571446,0.00029891345
20382,18305.0,train,0.0008571446,0.0002996295
20947,10137.0,train,0.0008571744,0.00030419047
17363,19096.0,train,0.0008571474,0.000307034
21302,10358.0,train,0.0011428576,0.00030038346
8721,1154.0,train,0.0008571446,0.00029053885
18408,11862.0,train,0.0008571446,0.0002889775
14276,646.0,train,0.00090476125,0.00030908218
7810,2860.0,train,0.0008571446,0.00030108288
12782,3623.0,train,0.0008571446,0.0002994175
10622,2517.0,train,0.00085714646,0.00029596506
14103,2830.0,train,0.0008571446,0.000300357
6608,6907.0,train,0.0008571446,0.00030203024
16318,5212.0,train,0.0008571744,0.00030124089
523,14910.0,train,0.0008571446,0.00029640718
14783,12942.0,train,0.0008571446,0.00030056832
20492,17695.0,train,0.0008571446,0.00030135948
6621,8361.0,train,0.0008571446,0.00030048908
20881,12797.0,train,0.0009999983,0.0003060372
10869,11370.0,train,0.0011428595,0.00030288292
12668,10711.0,train,0.0008571446,0.00030361596
7750,3933.0,train,0.00090476125,0.0003035243
1025,5578.0,train,0.0008571744,0.00028911463
20187,14273.0,train,0.0008571744,0.0002967416
3223,7218.0,train,0.0008571446,0.00029021074
9200,11078.0,train,0.0008571446,0.0002991523
11172,8060.0,train,0.00090476125,0.0002963671
2499,20872.0,train,0.0009999983,0.00029771624
8358,15535.0,train,0.00090476125,0.00029647403
19237,8317.0,train,0.0008571446,0.00030480293
20291,13201.0,train,0.0010000002,0.00029510565
10228,9175.0,train,0.0008571446,0.00029056612
10928,16551.0,train,0.00090476125,0.0002979294
11208,11203.0,train,0.0009999999,0.00029448626
15886,20963.0,train,0.00090476125,0.00029880722
10891,14835.0,train,0.001000002,0.00030438614
14016,5357.0,train,0.00090476125,0.00029596506
20875,10087.0,train,0.00090476125,0.00029423035
6454,507.0,train,0.0008571446,0.0003033544
15752,491.0,train,0.0008571446,0.00029700898
18681,9389.0,train,0.0010000002,0.0003009512
12705,703.0,train,0.0008571453,0.00030134633
18788,17260.0,train,0.0010000002,0.0002945807
7558,21696.0,train,0.0008571446,0.00030250291
6984,12416.0,train,0.0008571446,0.00029432468
6441,2998.0,train,0.0009999983,0.00029812925
16702,13563.0,train,0.0009999946,0.00029751618
21511,15407.0,train,0.0009999983,0.00029287857
1156,6411.0,train,0.0011428557,0.0002881249
4446,18835.0,train,0.0011428595,0.00029656777
13652,19014.0,train,0.0008571744,0.00029437864
7658,453.0,train,0.0008571744,0.00029694213
4358,2191.0,train,0.0008571744,0.0002972629
1259,18198.0,train,0.0008571446,0.00029909934
2140,1929.0,train,0.0008571744,0.00030153064
11776,8846.0,train,0.0008571446,0.00029827552
3602,12722.0,train,0.0008571455,0.00029764968
19046,9224.0,train,0.001000002,0.00030146484
967,7342.0,train,0.001000002,0.00030409906
18107,2457.0,train,0.0008571455,0.00029851496
17452,8106.0,train,0.0008571446,0.00029010136
9465,19509.0,train,0.00090476125,0.00029683523
21814,20746.0,train,0.0008571446,0.00029236326
6029,391.0,train,0.0011428567,0.00030433398
5744,4649.0,train,0.0011428595,0.00031073397
13154,16128.0,train,0.00090476125,0.0003113719
12095,3186.0,train,0.001000002,0.00029770288
18039,4679.0,train,0.0008571446,0.00029611256
14841,21018.0,train,0.0008571446,0.0003018198
18000,19524.0,train,0.0008571446,0.00029684865
10689,19812.0,train,0.0009047622,0.00030040985
8965,3441.0,train,0.0010000002,0.0002964607
20991,19133.0,train,0.0011428557,0.00029807596
18837,16174.0,train,0.001000002,0.00029925845
10468,5278.0,train,0.0008571744,0.00029471552
4443,16445.0,train,0.0009999983,0.00030056838
9947,3359.0,train,0.0008571446,0.0002967149
11321,12049.0,train,0.0011428577,0.00029998692
18122,6846.0,train,0.0008571446,0.00030129362
8695,4823.0,train,0.0008571446,0.00027952637
8103,4173.0,train,0.0008571446,0.00030121452
15610,20787.0,train,0.0009999983,0.0002891422
14395,1982.0,train,0.0008571446,0.0002986745
17087,13328.0,train,0.0010000002,0.0002941628
15663,15081.0,train,0.0010000002,0.00030465957
16452,4457.0,train,0.0008571446,0.0003014516
18686,16966.0,train,0.0009999983,0.00030062106
16410,6091.0,train,0.0008571446,0.00029364973
4620,3729.0,train,0.0008571446,0.0002930546
15054,1478.0,train,0.0011428576,0.0002955357
9271,8620.0,train,0.00090476125,0.00030005295
19508,12308.0,train,0.0009999983,0.00029470195
536,21123.0,train,0.0008571446,0.00030349824
17293,8990.0,train,0.0008571446,0.00029947062
2883,12892.0,train,0.0008571446,0.00029855483
17388,17086.0,train,0.0011428595,0.00030067406
8930,10519.0,train,0.0008571446,0.0003016095
7048,16581.0,train,0.0009047687,0.00029390646
19857,19908.0,train,0.0011428595,0.00030560914
9763,19679.0,train,0.0011428567,0.00030185937
20297,8208.0,train,0.00090476125,0.00029892666
11503,12806.0,train,0.001000002,0.00030512837
5248,19824.0,train,0.0008571446,0.00030122773
18440,13071.0,train,0.0008571744,0.00029846182
1931,2535.0,train,0.001000002,0.0003088255
19677,8950.0,train,0.0008571446,0.0002938929
6430,4070.0,train,0.0011428595,0.00029628666
20194,18343.0,train,0.0008571446,0.00029040198
21637,15819.0,train,0.0008571744,0.00030157002
11123,5652.0,train,0.0009047687,0.0002977431
6345,1780.0,train,0.000857234,0.0002993911
8676,18972.0,train,0.00090476125,0.00029194215
18598,8635.0,train,0.0008571446,0.00029778288
18614,14712.0,train,0.000857234,0.00030451617
17045,12021.0,train,0.0011428567,0.00030252917
965,1542.0,train,0.0008571446,0.00029670156
13108,5616.0,train,0.0008571446,0.00029503848
16718,16206.0,train,0.0011428595,0.0002905115
19631,16010.0,train,0.0008571446,0.00030014556
21546,14715.0,train,0.0010000002,0.00029901962
9250,11039.0,train,0.0008571446,0.00029788946
4152,14693.0,train,0.0011428595,0.0003036159
4694,2600.0,train,0.00085714646,0.0003062448
14222,19228.0,train,0.0011428568,0.0002989665
9087,9700.0,train,0.0008571446,0.00029195572
13816,6254.0,train,0.0008571446,0.00029215953
17204,16266.0,train,0.00090476125,0.0003051932
8788,14458.0,train,0.0011428576,0.000305674
3065,5207.0,train,0.0009999983,0.00030914636
12895,5778.0,train,0.0011428567,0.00029937763
697,3879.0,train,0.0008571446,0.00029557597
12236,9007.0,train,0.001000002,0.0002987807
9755,6984.0,train,0.0008571446,0.0002945269
7618,20904.0,train,0.001000002,0.00029668817
2529,3001.0,train,0.00090476125,0.0003021617
13198,12377.0,train,0.0008571446,0.0002969689
2163,11831.0,train,0.00090476125,0.00029436516
14900,11490.0,train,0.0008571446,0.00029055245
19111,18994.0,train,0.0011428595,0.00029911246
21413,14540.0,train,0.0008571446,0.00028995087
6800,18848.0,train,0.0010000002,0.00029823583
19119,11249.0,train,0.0008571446,0.00029441906
20443,21460.0,train,0.0008571744,0.00029536098
18076,11880.0,train,0.0008571446,0.00029726292
2827,5238.0,train,0.0008571446,0.0002992319
9383,12038.0,train,0.0010000002,0.00030330196
4122,14892.0,train,0.0008571744,0.0003057259
5706,21208.0,train,0.00090476125,0.0002966881
18049,19739.0,train,0.0008571446,0.00030493303
12565,6350.0,train,0.0008571744,0.00030372044
17836,875.0,train,0.001000002,0.00029486354
12319,1648.0,train,0.00090476125,0.00030906932
19617,8616.0,train,0.0008571446,0.0002971425
7584,16216.0,train,0.0008571446,0.00029756967
14210,9077.0,train,0.0008571446,0.00030296177
9118,3564.0,train,0.0008571446,0.0002949577
9703,14179.0,train,0.0008571744,0.00029882058
9210,11410.0,train,0.00090476125,0.0002984219
18123,13522.0,train,0.0008571446,0.00030230609
10479,10288.0,train,0.0008571744,0.0002943113
16122,12765.0,train,0.0008571483,0.0002937444
10317,5493.0,train,0.0010000002,0.0002979161
19706,21097.0,train,0.0008571744,0.00030405994
6390,6771.0,train,0.00085714646,0.0003002381
19429,10819.0,train,0.0011428576,0.0003018595
15576,17227.0,train,0.0010000002,0.00029981474
9758,9975.0,train,0.0008571744,0.00030187255
18832,18163.0,train,0.0011428595,0.0002998545
2138,21284.0,train,0.0008571446,0.00029803606
7209,21031.0,train,0.0008571446,0.00030110907
10047,1797.0,train,0.0008571446,0.0003027653
4049,3150.0,train,0.0008571446,0.00029866115
19167,15962.0,train,0.0008571446,0.00028424241
13638,14548.0,train,0.0009047687,0.00030080593
10486,11841.0,train,0.0008571744,0.00030424257
8962,7944.0,train,0.0009999999,0.00030480287
16446,3328.0,train,0.0008571446,0.0002994441
5657,14093.0,train,0.000857234,0.00030475087
3211,4560.0,train,0.0011428595,0.0002942573
7689,7942.0,train,0.001000002,0.00030052883
5542,19570.0,train,0.0010000002,0.00030859397
21356,12825.0,train,0.00090476125,0.00029617944
11181,20730.0,train,0.0008571446,0.00029911252
20679,11516.0,train,0.0011428576,0.00029207804
16454,388.0,train,0.0011428576,0.00030167532
12644,1481.0,train,0.0008571744,0.00030323677
14265,798.0,train,0.0008571446,0.00029970892
10540,4387.0,train,0.0008571446,0.00030103017
2014,7562.0,train,0.000857234,0.00030048925
21009,8888.0,train,0.0008571446,0.0003038511
4241,8103.0,train,0.00090476125,0.00030007953
1244,11302.0,train,0.001000002,0.00030178056
15872,19888.0,train,0.0011428595,0.00029658107
17663,5579.0,train,0.0008571446,0.00029720925
16610,9002.0,train,0.0008571446,0.00029917902
2718,21167.0,train,0.00090476125,0.0003014778
6954,4960.0,train,0.00090476125,0.00029447293
404,7438.0,train,0.00090476125,0.0002938119
3310,18908.0,train,0.0008571446,0.00028938922
11846,6781.0,train,0.0009999983,0.00030188568
2771,4981.0,train,0.0011428595,0.00030455546
14006,1280.0,train,0.00090476125,0.00030047595
2567,13319.0,train,0.0008571744,0.000297036
14752,2839.0,train,0.0008571744,0.00030068713
19138,9641.0,train,0.011904762,0.00039824043
12953,19145.0,train,0.0008571446,0.0002996161
14490,6041.0,train,0.0008571446,0.00029844852
16581,2589.0,train,0.0008571446,0.00029135702
10422,8378.0,train,0.0008571446,0.00029306815
21586,20747.0,train,0.0010000002,0.000304946
12976,9947.0,train,0.00090476125,0.00029778288
5664,9094.0,train,0.0008571446,0.00028817987
8600,12085.0,train,0.0011428595,0.0003078472
1048,3943.0,train,0.0008571446,0.00029393358
7738,1786.0,train,0.00090476125,0.00030640006
21553,21678.0,train,0.0009999983,0.00029668814
18371,1782.0,train,0.0008571483,0.00029325768
18071,19569.0,train,0.001142852,0.00029882047
11784,12642.0,train,0.0009047687,0.00029396033
14525,679.0,train,0.0010000002,0.0002942844
16660,17420.0,train,0.0008571446,0.00030105643
138,8727.0,train,0.001000002,0.00030170157
14797,16318.0,train,0.0008571446,0.0003035374
16659,16578.0,train,0.00090476125,0.00030262096
15433,18948.0,train,0.00090476125,0.0002920644
7538,19610.0,train,0.0008571446,0.00030230606
1037,20479.0,train,0.00090476125,0.00030378572
18872,14020.0,train,0.0011428576,0.00030180687
2333,16260.0,train,0.0008571446,0.00029386597
1112,16261.0,train,0.0008571446,0.00029799604
13475,16467.0,train,0.0011904761,0.0003003306
15167,11678.0,train,0.000857234,0.000305557
918,1794.0,train,0.0009999992,0.0002982224
15412,18441.0,train,0.0008571446,0.00029263453
6860,14878.0,train,0.0008571446,0.00030081917
3227,4683.0,train,0.0011428557,0.00029228174
3843,7332.0,train,0.00090476125,0.0003026342
17013,10813.0,train,0.0008571446,0.00026888962
898,1611.0,train,0.0009999983,0.0003002513
15777,1528.0,train,0.00090476125,0.00029621966
12166,4620.0,train,0.0008571446,0.00029840865
20746,19874.0,train,0.0011428576,0.00029799613
18312,18677.0,train,0.0011428576,0.000308401
9527,14642.0,train,0.0008571744,0.00029895327
3054,11657.0,train,0.0008571446,0.00029325768
16389,6508.0,train,0.000857234,0.00030660722
15923,6443.0,train,0.0008571446,0.0002994176
2298,6620.0,train,0.0008571446,0.0002996692
8886,7827.0,train,0.0008571446,0.0003027652
12358,7403.0,train,0.0009999946,0.00030146478
11426,16430.0,train,0.0008571446,0.00029965586
3721,10169.0,train,0.0008571446,0.00029603194
21554,14237.0,train,0.001000002,0.0002956296
20723,14575.0,train,0.0008571446,0.00029443257
6421,4652.0,train,0.001000002,0.00030043637
16065,1768.0,train,0.0008571446,0.00029974864
3405,4524.0,train,0.0008571744,0.00029894005
10636,8949.0,train,0.000857234,0.00030288298
3183,3232.0,train,0.0008571446,0.00029912597
16587,19423.0,train,0.0011428576,0.00030151752
2737,6920.0,train,0.00090476125,0.0002994838
20808,19118.0,train,0.0011428571,0.00030246342
10571,2189.0,train,0.0011428595,0.0002908663
15499,12528.0,train,0.0008571446,0.00028742163
3226,309.0,train,0.0008571446,0.00029004662
3763,2104.0,train,0.0008571446,0.0002725106
657,3426.0,train,0.0009999983,0.0002948501
2478,1461.0,train,0.00090476125,0.00028941655
4600,5049.0,train,0.0008571446,0.0002957638
2008,2194.0,train,0.0008571446,0.00030103012
2316,2452.0,train,0.00090476125,0.0002999207
4430,2712.0,train,0.0008571446,0.00030143865
1801,6214.0,train,0.0009999992,0.00030130683
4438,12413.0,train,0.0008571744,0.00030062118
18301,8271.0,train,0.0011428595,0.0003083237
15061,18600.0,train,0.0008571446,0.0002957773
14328,6619.0,train,0.0008571446,0.0002804759
1596,15876.0,train,0.0008571744,0.00029636704
10702,4668.0,train,0.0010000002,0.0002939606
19456,21311.0,train,0.001000002,0.0002966079
21438,16105.0,train,0.0008571446,0.00029379834
16953,4842.0,train,0.0011428572,0.0003027389
4397,10352.0,train,0.00090476125,0.0002990064
4475,4167.0,train,0.0008571744,0.0002961528
13650,8515.0,train,0.00090476125,0.0002930139
17845,5963.0,train,0.0008571446,0.00029974864
10765,568.0,train,0.0011428595,0.00030335438
3387,6928.0,train,0.0011428557,0.00030597244
6551,5803.0,train,0.0011428557,0.00030262093
2044,2237.0,train,0.0008571446,0.00029957658
8380,7311.0,train,0.0008571446,0.00029025172
10456,4564.0,train,0.0008571446,0.000301649
1764,4955.0,train,0.0008571446,0.00029961613
15289,14993.0,train,0.0008571744,0.00030256851
17215,20829.0,train,0.0008571446,0.00030000013
13457,9841.0,train,0.0009999983,0.00030402085
3736,17450.0,train,0.0008571483,0.00030680132
9175,20356.0,train,0.00090476125,0.0002992584
579,5506.0,train,0.0008571446,0.00029905958
8799,11988.0,train,0.0008571744,0.00029650072
561,21466.0,train,0.0008571446,0.0002900603
3210,7631.0,train,0.0009047538,0.00029450003
12594,7425.0,train,0.00090476125,0.0003034852
3644,11136.0,train,0.0008571446,0.00029985455
21014,8824.0,train,0.00090476125,0.00029309522
18703,11167.0,train,0.0008571446,0.00030151737
7346,12959.0,train,0.0008571446,0.0002928108
19533,15954.0,train,0.0008571446,0.00030167523
1828,2276.0,train,0.0008571483,0.00029538787
9786,20332.0,train,0.0008571744,0.00029000547
5022,18194.0,train,0.00090476125,0.00029752962
16241,8531.0,train,0.0011428595,0.00030716328
10432,7331.0,train,0.00090476125,0.0002924989
1403,3942.0,train,0.0010000002,0.00030441207
20063,20645.0,train,0.001000002,0.00030345903
6214,10978.0,train,0.0011428595,0.0003046987
13010,13555.0,train,0.0010000002,0.00029018344
4318,6739.0,train,0.0008571446,0.00030000007
17201,13602.0,train,0.0008571446,0.0002982755
19272,18452.0,train,0.0008571446,0.00028735262
12210,13051.0,train,0.0011428576,0.00030222727
14313,2036.0,train,0.0008571446,0.00028830385
300,3974.0,train,0.0008571744,0.00029640723
21124,11876.0,train,0.0008571744,0.00030183306
12669,14599.0,train,0.0008571446,0.00028688269
10218,20863.0,train,0.0008571446,0.00028733883
15656,5262.0,train,0.0008571744,0.00030167523
6892,4831.0,train,0.0008571446,0.00028838654
19264,13785.0,train,0.0008571446,0.0002914115
12749,4839.0,train,0.0008571744,0.00029177914
3850,10024.0,train,0.001142852,0.00030599846
7979,21701.0,train,0.0008571595,0.00030093783
4864,11361.0,train,0.0010000002,0.00030499816
1183,6950.0,train,0.0008571446,0.00029347403
562,17206.0,train,0.0010000002,0.0002971559
19933,14430.0,train,0.00090476125,0.00029214597
2782,19624.0,train,0.0008571446,0.0002988205
13138,13197.0,train,0.00090476125,0.00030122773
9160,21335.0,train,0.0011428595,0.00029052512
321,4188.0,train,0.0008571467,0.00030339358
5059,2804.0,train,0.001000002,0.00029016976
2531,1770.0,train,0.0009999983,0.00030360275
16310,4696.0,train,0.001000002,0.000288799
14064,1851.0,train,0.0009999983,0.00029868772
7721,11491.0,train,0.00090476125,0.00029806263
4219,15091.0,train,0.00085715204,0.00029732948
1230,10909.0,train,0.00090476125,0.0002983155
7541,12941.0,train,0.0010000002,0.00029406845
14024,7350.0,train,0.0008571446,0.00030669782
14494,18422.0,train,0.0008571446,0.00030021172
4814,12719.0,train,0.001142852,0.0002970891
17065,13322.0,train,0.0008571744,0.00029615263
10855,9528.0,train,0.0011428585,0.00029010134
21611,10487.0,train,0.0011428557,0.00029899314
20844,8466.0,train,0.0008571446,0.0003055441
19913,20661.0,train,0.00090476125,0.00029042945
16346,20600.0,train,0.0009999983,0.0003114356
12414,18307.0,train,0.0008571446,0.00030767955
3547,8002.0,train,0.0008571446,0.00029532076
14757,15997.0,train,0.0011428576,0.000302516
13550,12828.0,train,0.001000002,0.00030259462
20408,20719.0,train,0.0008571744,0.00030227978
20581,19146.0,train,0.0008571446,0.00029945732
1178,6769.0,train,0.0010000006,0.00030273892
1348,4614.0,train,0.0008571446,0.0002971025
13633,18582.0,train,0.0008571446,0.00029396024
10466,19975.0,train,0.0011428576,0.0003041512
2705,581.0,train,0.0008571744,0.00029660808
653,2459.0,train,0.00090476125,0.00029201017
7151,18610.0,train,0.0008571446,0.00030669782
13426,14944.0,train,0.00090476125,0.00028394902
19886,16976.0,train,0.0008571744,0.00030010592
15480,21256.0,train,0.0011428595,0.0002978095
14533,1362.0,train,0.0008571446,0.00030204334
8270,1805.0,train,0.0008571446,0.000305622
3057,1179.0,train,0.0009999992,0.00030255533
4297,1734.0,train,0.0008571744,0.00029981483
14352,1261.0,train,0.0008571446,0.00029638034
15778,2462.0,train,0.0011428595,0.0003042166
14154,11509.0,train,0.0011428576,0.0002979028
4352,5144.0,train,0.0008571744,0.00030226674
1341,2171.0,train,0.0009999997,0.0002949712
10507,2008.0,train,0.001000002,0.00030311893
7983,2789.0,train,0.0009047389,0.0002928107
16992,14762.0,train,0.0008571744,0.00030070037
8656,20152.0,train,0.0011428576,0.0002914388
9302,9928.0,train,0.0011428571,0.00029682182
8519,18339.0,train,0.001000002,0.0003074475
9639,17034.0,train,0.0008571446,0.0002950518
4317,5359.0,train,0.0008571446,0.00029684865
2077,8981.0,train,0.0008571595,0.0002945943
11401,9583.0,train,0.00090476125,0.00029970898
12048,3842.0,train,0.0008571455,0.0003049332
4291,20451.0,train,0.0011428595,0.0003087868
15956,1159.0,train,0.0008571446,0.00029650092
20655,8996.0,train,0.0011428576,0.00029880728
12570,20209.0,train,0.0009999983,0.00030287003
13256,12707.0,train,0.001142857,0.00030070043
2004,3651.0,train,0.0011428595,0.00029282438
4727,5813.0,train,0.0008571446,0.00029145242
12888,4406.0,train,0.0008571744,0.0002993645
16332,12861.0,train,0.000857234,0.000297236
2204,7838.0,train,0.001000002,0.00030349818
16644,5006.0,train,0.0008571446,0.0002923361
8397,13720.0,train,0.0011428595,0.0003027391
890,5008.0,train,0.0008571446,0.00029355515
12372,10485.0,train,0.0008571744,0.00030009274
9541,20380.0,train,0.0011428595,0.00030099062
11202,13132.0,train,0.0008571446,0.00028863392
11137,21734.0,train,0.0008571446,0.00029913904
7062,12759.0,train,0.0010000002,0.00029678174
6975,20741.0,train,0.0010000002,0.0002951729
11820,12296.0,train,0.001000002,0.0002944595
5813,10762.0,train,0.0008571446,0.0002966882
14086,6098.0,train,0.0011428557,0.00030390322
11323,20514.0,train,0.0008571446,0.00029428423
20479,10898.0,train,0.00090476125,0.00029880734
1955,2150.0,train,0.0008571744,0.00030183315
29,14340.0,train,0.0010000011,0.00029823565
19019,11319.0,train,0.0008571446,0.0002988205
16779,17788.0,train,0.0008571446,0.00028817978
1530,6251.0,train,0.0008571446,0.0002932577
1913,2832.0,train,0.0011428595,0.00029429773
15406,18044.0,train,0.00090476125,0.0002988072
7695,6475.0,train,0.0008571446,0.0003013199
20048,21204.0,train,0.0008571446,0.00029382543
15708,18261.0,train,0.00090476125,0.00029972216
4388,16819.0,train,0.0010000002,0.0003001984
5913,12172.0,train,0.0008571446,0.0002943921
13019,14845.0,train,0.0008571744,0.00029609902
2703,4852.0,train,0.00090476125,0.0003002777
11088,7132.0,train,0.0008571446,0.00029627327
12634,4653.0,train,0.0009047538,0.00029489043
16734,18269.0,train,0.0008571744,0.00029886037
13590,19840.0,train,0.0008571744,0.0003013068
3685,9418.0,train,0.00090476125,0.00030083227
16474,1771.0,train,0.0011428557,0.00029607228
4652,1390.0,train,0.0008571446,0.0003062965
13945,4587.0,train,0.0009047687,0.00029405492
2445,21677.0,train,0.0008571446,0.0002988072
4818,10515.0,train,0.0011428595,0.00029385235
20292,16736.0,train,0.0008571446,0.00030050232
2573,13448.0,train,0.0011428576,0.00030250286
438,16026.0,train,0.0009999946,0.0002981558
18796,11924.0,train,0.0008571446,0.00030105643
2672,7476.0,train,0.0009047687,0.00030205658
4330,1741.0,train,0.0008571446,0.00030166222
14864,21061.0,train,0.0008571446,0.0003028569
2996,15921.0,train,0.0008571446,0.0003069439
3133,12963.0,train,0.0008571446,0.0002927294
226,20431.0,train,0.0008571744,0.00029663462
21717,19705.0,train,0.0008571446,0.0002876837
21443,12992.0,train,0.0008571595,0.00029142515
9818,16779.0,train,0.0011428576,0.00029978834
682,11966.0,train,0.0008571446,0.00030429475
12103,6246.0,train,0.0009999992,0.00029890015
17759,5630.0,train,0.00090476125,0.00030153047
6914,19000.0,train,0.0008571446,0.0003007795
20769,8869.0,train,0.0008571446,0.000298887
6946,12439.0,train,0.0008571446,0.000295361
3082,12972.0,train,0.0008571446,0.00028970445
3866,21496.0,train,0.0008571595,0.0002914116
19655,21399.0,train,0.0008571744,0.00029952356
11086,5547.0,train,0.0010000002,0.00030182
5376,13312.0,train,0.0008571744,0.0002944595
9802,6321.0,train,0.0008571446,0.00030366814
1010,5889.0,train,0.0008571446,0.00029957652
7156,21090.0,train,0.0008571446,0.00030747318
9820,14384.0,train,0.00090476125,0.000295898
8476,3873.0,train,0.0008571483,0.00030400782
13234,11351.0,train,0.0011428576,0.00030761506
11876,10413.0,train,0.0011428557,0.00030254212
16201,3752.0,train,0.0008571446,0.00030521932
1511,767.0,train,0.0008571446,0.00030505017
6217,19604.0,train,0.00090476125,0.0002971693
6737,781.0,train,0.0011428576,0.00030307955
8313,7989.0,train,0.0011428595,0.0003028045
12439,7780.0,train,0.0011428595,0.00030747318
14057,20360.0,train,0.0011428595,0.00029751626
3811,7953.0,train,0.0011428595,0.00030262093
46,13180.0,train,0.00090476125,0.0002998281
14142,12808.0,train,0.0008571446,0.00029542824
9131,14500.0,train,0.0008571446,0.00029724924
8586,1913.0,train,0.0008571446,0.00029279722
10644,2485.0,train,0.0011428576,0.00029706242
10158,3279.0,train,0.0008571446,0.00029440565
12359,4975.0,train,0.0011428557,0.00030314495
10289,5336.0,train,0.000857234,0.00029562938
21502,21754.0,train,0.0008571446,0.00029836877
14391,18312.0,train,0.0011428576,0.00030237163
3870,15051.0,train,0.0008571446,0.00029984134
20900,10915.0,train,0.0008571446,0.0002979295
12691,1073.0,train,0.00090476125,0.00029886034
9705,11418.0,train,0.0008571446,0.0002931223
16265,976.0,train,0.0008571744,0.00030287003
8723,15104.0,train,0.0008571446,0.00029597842
10789,6319.0,train,0.0008571446,0.0002968754
8078,6752.0,train,0.0008571446,0.0002993779
9206,14360.0,train,0.0011428557,0.00030555704
11622,14645.0,train,0.0011428557,0.00028862027
16894,21134.0,train,0.0008571446,0.00029822238
14035,1272.0,train,0.0011428595,0.00029385247
16544,4104.0,train,0.0011428595,0.00029970892
11774,13507.0,train,0.0011428595,0.00030343278
20780,20873.0,train,0.001000002,0.00029739615
7297,10299.0,train,0.001000002,0.00029775623
7300,21494.0,train,0.0008571446,0.0003027389
9905,9468.0,train,0.0008571446,0.0003005682
20075,20629.0,train,0.0011428569,0.0002977163
7117,10718.0,train,0.0009999992,0.00029225455
9336,9373.0,train,0.0008571446,0.00030292236
17675,19837.0,train,0.0009999983,0.00031287206
14872,17217.0,train,0.0008571744,0.0002957774
2643,20275.0,train,0.0008571446,0.00030129362
17563,12357.0,train,0.0008571446,0.00030281756
8034,2838.0,train,0.0008571446,0.00028232325
13260,15848.0,train,0.0008571446,0.00029839526
8031,3104.0,train,0.00090476125,0.00029908598
2000,6645.0,train,0.0008571446,0.0002949442
21770,16077.0,train,0.0008571744,0.00029915234
15754,5400.0,train,0.0008571446,0.00029206442
14089,5446.0,train,0.0008571446,0.00030705993
20087,9835.0,train,0.0008571446,0.0002923497
16419,10054.0,train,0.0011428576,0.00029609905
7677,3044.0,train,0.0010000002,0.00029489046
4125,4337.0,train,0.0008571446,0.00029686192
6699,5150.0,train,0.0010000002,0.00030298784
20396,16848.0,train,0.0008571446,0.00030755057
17345,10527.0,train,0.0011428557,0.00029603209
16429,20409.0,train,0.0011428595,0.00030263406
16164,17960.0,train,0.00090476125,0.00030605015
3298,16115.0,train,0.0009999946,0.00029997362
10211,17897.0,train,0.0008571446,0.000290197
7456,19912.0,train,0.0011428557,0.0003024504
20552,19644.0,train,0.0011428557,0.00029648744
10007,5809.0,train,0.00090476125,0.00029070262
2372,13935.0,train,0.00090476125,0.00030492013
7402,20830.0,train,0.0009999992,0.0003028961
12003,505.0,train,0.00085714646,0.00030338077
8484,5195.0,train,0.0008571446,0.00030589465
4931,2829.0,train,0.0009999983,0.00030399472
19779,18921.0,train,0.0008571446,0.00029619285
21736,12064.0,train,0.000857234,0.00030234564
15277,14382.0,train,0.0009047687,0.0002950922
12245,15968.0,train,0.0010000002,0.00029554908
9005,17586.0,train,0.0011428567,0.0003035635
13966,4792.0,train,0.00090476125,0.00029390655
13441,13564.0,train,0.0008571483,0.0002895811
4551,1570.0,train,0.0008571446,0.0003028962
2202,4799.0,train,0.0008571446,0.00029417637
14935,3116.0,train,0.0008571483,0.0002913707
2168,20317.0,train,0.0008571446,0.00028990977
3658,21032.0,train,0.0008571446,0.00029953677
9642,11222.0,train,0.00090476125,0.00029417637
5965,18023.0,train,0.0008571446,0.0003033544
10742,20617.0,train,0.0010000002,0.0003038249
17051,18205.0,train,0.0009999992,0.0002940145
14720,8925.0,train,0.0008571744,0.00029588447
3954,6571.0,train,0.0010000002,0.0003031319
6347,1250.0,train,0.0008571446,0.00029225464
14380,12905.0,train,0.0011428595,0.00030277824
19783,15143.0,train,0.0009999983,0.000302634
21383,21370.0,train,0.0008571446,0.0002948635
21619,12214.0,train,0.0008571446,0.00029097547
18767,8649.0,train,2.5861905,0.077706814
18968,18560.0,train,0.0011428557,0.0003020171
11039,10554.0,train,0.00085715204,0.00029675497
5470,10940.0,train,0.00090476125,0.00029646078
14617,17016.0,train,0.0008571446,0.00030735685
10382,7349.0,train,0.0008571455,0.00029974876
17745,6459.0,train,0.0008571446,0.000298701
8797,10717.0,train,0.0008571446,0.00029400093
4927,11008.0,train,0.001000002,0.0003121992
3900,11005.0,train,0.0011428557,0.00029642048
17328,13395.0,train,0.00090476125,0.00029696888
1038,2246.0,train,0.0008571744,0.0003042165
6078,2863.0,train,0.0011428576,0.00029291929
6807,16176.0,train,0.0008571446,0.00030662023
3013,6925.0,train,0.00085714646,0.00030743444
6288,4209.0,train,0.0008571446,0.00029965604
4913,8781.0,train,0.0008571744,0.00029542833
8786,10988.0,train,0.00090476125,0.00029648762
8311,20241.0,train,0.0008571446,0.00029715593
1821,7238.0,train,0.001000002,0.0002894714
630,990.0,train,0.0008571446,0.00030273898
3322,7751.0,train,0.00090476125,0.0002960052
1448,19896.0,train,0.00090476125,0.00029459427
3536,2332.0,train,0.00090476125,0.00030064743
5149,14743.0,train,0.0008571744,0.00029723594
18727,12276.0,train,0.00090476125,0.00029782281
6675,14550.0,train,0.0011428557,0.00029820902
11998,3394.0,train,0.0008571446,0.00031012052
10480,21752.0,train,0.0011428576,0.00030542718
18441,9710.0,train,0.0008571446,0.0003096338
19275,20342.0,train,0.0008571744,0.0002918199
18032,1372.0,train,0.0011428595,0.00029847503
10391,5898.0,train,0.00090476125,0.0002998943
4006,12836.0,train,0.00090476125,0.00030572584
3778,3553.0,train,0.0011428595,0.0003058298
1229,7112.0,train,0.0008571446,0.00029993398
5074,8461.0,train,0.0008571744,0.00029752968
10733,21431.0,train,0.0011428557,0.00030089827
7216,18884.0,train,0.0008571446,0.00028981396
9520,11555.0,train,0.0008571446,0.00029571005
21159,20264.0,train,0.0010000002,0.00030601135
11913,12249.0,train,0.0011428557,0.0003019908
1533,2573.0,train,0.00090476125,0.0003001193
14998,17739.0,train,0.0009999946,0.00028728344
12405,8491.0,train,0.0009999983,0.00029867445
11067,9765.0,train,0.0008571744,0.0003048679
1284,15788.0,train,0.0008571446,0.00029894008
15952,4742.0,train,0.00090476125,0.00029588453
15736,9195.0,train,0.0008571595,0.0003007004
9741,14920.0,train,0.00090476125,0.00029256666
20742,9514.0,train,0.0008571446,0.00030623173
13102,5717.0,train,0.0008571446,0.00030043625
10793,7470.0,train,0.0008571446,0.00028773898
16978,5618.0,train,0.0008571446,0.00030669782
1561,15726.0,train,0.0010000002,0.000295361
15395,16273.0,train,0.0011428567,0.00029787622
14697,3349.0,train,0.00090476125,0.00029344702
19198,21301.0,train,0.00090476125,0.00030484205
15440,13313.0,train,0.0008571446,0.0003008719
8526,5936.0,train,0.0008571446,0.0002919694
20813,8621.0,train,0.0008571446,0.00030335432
14367,4496.0,train,0.001000002,0.00030447726
20139,13914.0,train,0.0011428576,0.000299033
17833,1911.0,train,0.0008571744,0.00030039655
10877,14711.0,train,0.0011428595,0.0003030664
11325,17421.0,train,0.00090476125,0.00028973178
13709,6731.0,train,0.0008571446,0.0002933389
19688,17802.0,train,0.0008571446,0.00029534745
21670,11309.0,train,0.000857146,0.00029943086
3157,5678.0,train,0.0011428557,0.00029818242
8478,7704.0,train,0.0008571446,0.0002893069
4290,12753.0,train,0.0011428595,0.00030023817
17213,15659.0,train,0.0008571483,0.0003074603
19474,21155.0,train,0.0008571446,0.00029432468
10495,383.0,train,0.0008571446,0.00029218668
18113,360.0,train,0.0011428574,0.00029972222
17492,10502.0,train,0.0008571446,0.00029691542
15323,10327.0,train,0.0008571446,0.00029100268
7240,18548.0,train,0.0011428576,0.00030189886
18705,14271.0,train,0.0008571446,0.00029173814
3480,15977.0,train,0.0008571446,0.00029405495
5688,9087.0,train,0.0009999992,0.00029526703
8367,21633.0,train,0.00090476125,0.00029694207
13739,20170.0,train,0.0010000002,0.00029329822
15542,20422.0,train,0.0008571446,0.00029466167
11255,9210.0,train,0.0008571446,0.0003057129
8454,4884.0,train,0.00090476125,0.00030209596
4047,7201.0,train,0.0008571446,0.0002891834
10601,807.0,train,0.0008571446,0.00029707566
19683,19321.0,train,0.0008571446,0.0003005683
19352,8349.0,train,0.0008571446,0.00030611496
21076,17278.0,train,0.00090476125,0.00029643386
2374,9671.0,train,0.00085714506,0.00029820902
21080,19182.0,train,0.0011428595,0.0002937714
9781,18789.0,train,0.001000002,0.00029985458
18723,9820.0,train,0.0008571744,0.00030137267
6900,18695.0,train,0.0008571744,0.0002973696
16443,4771.0,train,0.0009999946,0.00028959475
16018,2672.0,train,0.001000002,0.00029988083
12689,6996.0,train,0.0010000002,0.0003024111
1666,5086.0,train,0.0011428576,0.0002965812
17070,10754.0,train,0.001000002,0.00030112235
12964,1150.0,train,0.001000002,0.00030331523
9105,12319.0,train,0.0008571446,0.0002865781
566,7420.0,train,0.0011428595,0.0002982623
17494,14362.0,train,0.0008571446,0.00029740954
20542,12597.0,train,0.00090476125,0.00028945773
213,10157.0,train,0.0011428595,0.0003001851
7105,7079.0,train,0.0008571446,0.0002930005
18789,17151.0,train,0.0008571446,0.0003014255
7275,18706.0,train,0.0010000002,0.00029312228
893,3710.0,train,0.0008571467,0.00030549202
11786,13337.0,train,0.0009999983,0.00030284375
8122,15161.0,train,0.00090476125,0.00030718918
20691,11987.0,train,0.00090476125,0.0002962196
18668,16189.0,train,0.0009047687,0.00029510568
11829,4131.0,train,0.0008571446,0.00030643897
7785,8191.0,train,0.0008571446,0.000282267
17168,15400.0,train,0.0008571446,0.00030641299
9778,19243.0,train,0.0010000003,0.00029503842
21667,10501.0,train,0.0008571744,0.0003030272
1065,627.0,train,0.0008571453,0.0003008325
15550,11837.0,train,0.0011428567,0.000301399
17946,18390.0,train,0.0011428585,0.00030205646
2125,5190.0,train,0.0011428576,0.0002953071
16177,7168.0,train,0.0008571744,0.00029008772
840,15742.0,train,0.0008571446,0.00029957658
20825,20624.0,train,0.0008571446,0.00029402788
3933,1808.0,train,0.0011428595,0.0003055052
12023,978.0,train,0.001000002,0.0002980361
1450,10887.0,train,0.0008571446,0.00029609902
740,625.0,train,0.0011428567,0.00030035718
6664,6047.0,train,0.0008571446,0.00029743637
21309,16828.0,train,0.00090476125,0.00031431473
6682,18282.0,train,0.0011428557,0.00030458154
7794,2423.0,train,0.0008571744,0.00030025147
19621,17041.0,train,0.001000002,0.0003030402
344,1491.0,train,0.0011428595,0.00029526703
12872,3619.0,train,0.0008571483,0.00029815573
7146,10223.0,train,0.0008571446,0.00030273898
276,5087.0,train,0.0011428595,0.00031107877
11173,17233.0,train,0.0010000002,0.00029630004
21421,10839.0,train,0.00090476125,0.00029274303
15913,7504.0,train,0.0011428557,0.0002997221
5086,3597.0,train,0.0010000002,0.00029970898
15735,7450.0,train,0.0008571446,0.00028542656
278,1202.0,train,0.0010000002,0.00030135954
4914,9856.0,train,0.0008571446,0.00030246362
3640,13078.0,train,0.0008571446,0.0002928107
7415,20867.0,train,0.0008571446,0.00030159636
15835,16710.0,train,0.0008571446,0.00030761526
20827,15299.0,train,0.0008571446,0.00029018347
14992,16838.0,train,0.0008571446,0.00029048408
18540,9197.0,train,0.0011428576,0.00031155042
16243,8470.0,train,0.0008571744,0.00029396033
9150,16263.0,train,0.0008571744,0.00029412244
393,21724.0,train,0.00090476125,0.0003067237
6976,13955.0,train,0.0011428557,0.00029956334
21001,14914.0,train,0.001000002,0.00029743617
5144,13408.0,train,0.0008571446,0.00029848833
21462,19175.0,train,0.0008571446,0.00029981488
14811,14215.0,train,0.0009999992,0.0003029354
13197,12717.0,train,0.0008571446,0.0003003834
1831,18924.0,train,0.0010000002,0.0002989533
6301,19431.0,train,0.00090476125,0.0002949173
3848,12953.0,train,0.0008571446,0.00029491732
20964,12733.0,train,0.0009047687,0.0002972093
9938,6663.0,train,0.0008571446,0.0002932171
2509,16689.0,train,0.0008571446,0.0003021747
14271,4750.0,train,0.001000002,0.0002968219
13596,10322.0,train,0.0008571446,0.00029489043
621,3378.0,train,0.0008571446,0.00030662026
16743,8165.0,train,0.0011428595,0.00030268639
20290,15569.0,train,0.0009047687,0.0002914251
8858,8499.0,train,0.0008571446,0.0002973828
18885,12730.0,train,0.0008571446,0.000297583
15552,15874.0,train,0.0008571446,0.0002953074
13106,19114.0,train,0.0008571446,0.0003027127
14178,9323.0,train,0.00090476125,0.00030034385
7728,12937.0,train,0.0008571446,0.00029579067
11657,18888.0,train,0.0011428576,0.0003037074
9008,14925.0,train,0.0009999997,0.00029751624
1317,15358.0,train,0.0008571446,0.00030323662
12184,12920.0,train,0.00090476125,0.0003059854
7315,10439.0,train,0.0011428595,0.00030343296
11422,16252.0,train,0.0008571446,0.0002943112
2093,1229.0,train,0.0008571446,0.00029313553
4660,1243.0,train,0.0008571446,0.0002982888
10735,20653.0,train,0.0008571446,0.00029289213
16401,5680.0,train,0.0008571446,0.0002955625
13042,18977.0,train,0.00090476125,0.00030285688
20854,8794.0,train,0.0008571744,0.00029978837
18284,11360.0,train,0.0008571744,0.00029897984
10989,21634.0,train,0.00090476125,0.00030603717
6157,6597.0,train,0.0008571446,0.00028123884
6366,4941.0,train,0.0008571446,0.00029905938
14623,341.0,train,0.001000002,0.00028930692
2814,14139.0,train,0.00090476125,0.00029932475
18181,17993.0,train,0.00090476125,0.0003020302
8459,3355.0,train,0.0008571446,0.0002921324
3571,17120.0,train,0.0010000011,0.00029691544
7800,3384.0,train,0.0008571446,0.00029074354
8112,3689.0,train,0.00090476125,0.00029751626
6653,16529.0,train,0.00090476125,0.00030307946
19341,8334.0,train,0.0010000002,0.00029800937
1373,8121.0,train,0.0008571446,0.0003058427
18835,15924.0,train,0.0009999999,0.00030138582
13027,18372.0,train,0.0008571446,0.00029447305
18513,18729.0,train,0.00090476125,0.0002923632
14652,7770.0,train,0.0008571446,0.00029715587
15280,14175.0,train,0.00090476125,0.00029716923
12394,472.0,train,0.0011428557,0.00029162946
20669,19843.0,train,0.022142857,0.000472632
8100,6166.0,train,0.0008571446,0.00029704891
6850,9437.0,train,0.0008571744,0.00030109604
6354,6464.0,train,0.0008571446,0.00029916552
5488,10713.0,train,0.0011428595,0.00031006843
2434,8410.0,train,0.0008571446,0.00030317125
922,4888.0,train,0.00090476125,0.0003007927
8510,20853.0,train,0.0008571446,0.000297156
4699,15800.0,train,0.0011428557,0.0003003569
17167,8785.0,train,0.0008571446,0.0003010433
1586,6068.0,train,0.0011428557,0.00030135945
443,3697.0,train,0.0011428557,0.00030804053
16662,21095.0,train,0.0009999871,0.00030044935
3261,5147.0,train,0.0008571446,0.0003047378
11484,14172.0,train,0.0011428557,0.00029670147
4201,21043.0,train,0.00085714646,0.00030398168
18206,2083.0,train,0.00090476125,0.00030175425
8934,5480.0,train,0.00090476125,0.00030184627
8505,3899.0,train,0.0008571446,0.0002894989
20766,8455.0,train,0.0011428576,0.00030438602
919,2764.0,train,0.0008571446,0.00030306645
6659,21445.0,train,0.0008571446,0.00029337947
2677,7767.0,train,0.0008571446,0.00029528042
2666,4529.0,train,0.0008571446,0.00029360922
16204,16025.0,train,0.001000002,0.00029911264
10859,21091.0,train,0.0008571446,0.0002901424
7858,15703.0,train,0.0008571483,0.00029764962
10150,4149.0,train,0.0008571446,0.000293839
8287,4947.0,train,0.001000002,0.00029748958
19823,19816.0,train,0.001000002,0.00029728943
15662,17808.0,train,0.0011428595,0.0002946077
3096,6296.0,train,0.0008571446,0.00029746298
3205,1908.0,train,0.0008571446,0.00029396045
21047,20482.0,train,0.0008571744,0.00030263403
20918,17379.0,train,0.0008571446,0.000297276
9103,8303.0,train,0.0008571446,0.00028824882
6678,9137.0,train,0.0008571446,0.00029408192
15233,15751.0,train,0.0008571744,0.00029974862
15941,1489.0,train,0.0011428557,0.00030432083
8314,6922.0,train,0.0008571446,0.00028047588
12046,4006.0,train,0.0009047687,0.00029546858
14263,3751.0,train,0.0008571446,0.00030751186
12837,18248.0,train,0.001000002,0.00030225347
1283,14902.0,train,0.0008571744,0.00030033063
5964,19715.0,train,0.00090476125,0.0003012541
19473,14327.0,train,0.001142857,0.0003032628
11827,16744.0,train,0.00090476125,0.00030166216
3473,11732.0,train,0.00085714646,0.0003009775
4832,14481.0,train,0.0008571446,0.00029915225
18030,6559.0,train,0.0008571744,0.00028793214
11835,14031.0,train,0.0009999983,0.00029281073
7455,20011.0,train,0.0011428557,0.00030460753
11054,21434.0,train,0.0010000002,0.0003007662
4146,2662.0,train,0.0008571446,0.0002889912
20370,19020.0,train,0.0011428557,0.000298382
2799,6861.0,train,0.00090476125,0.00029127536
3813,1323.0,train,0.0008571744,0.00030538827
13068,9282.0,train,0.0008571455,0.0002931088
9096,14602.0,train,0.0011428557,0.00029965595
12659,6804.0,train,0.0011428557,0.00029943077
21705,14135.0,train,0.00090476125,0.00029792936
21440,20763.0,train,0.0008571446,0.000294998
9291,11365.0,train,0.001000002,0.0003030402
6442,1344.0,train,0.00085714646,0.00030784728
18368,2421.0,train,0.0008571446,0.00028995078
60,15065.0,train,0.001000002,0.0002953207
16087,1565.0,train,0.00090476125,0.0002994574
18215,6418.0,train,0.0009047687,0.00029118
1552,2118.0,train,0.0008571744,0.00030216176
9370,8588.0,train,0.0011428567,0.00030150427
7012,15566.0,train,0.001000002,0.0003018333
16625,4242.0,train,0.00085714646,0.00029530752
5007,21110.0,train,0.0011428595,0.00029256675
17009,12542.0,train,0.0010000002,0.000299139
17694,12438.0,train,0.0008571446,0.00030058157
3938,21577.0,train,0.001000002,0.00029544169
15925,3727.0,train,0.0011428557,0.00030205655
15017,764.0,train,0.0008571446,0.00029756967
19344,14842.0,train,0.001000002,0.0002967417
9727,1891.0,train,0.00085714646,0.00030468593
11188,17245.0,train,0.00090476125,0.000291711
3196,2013.0,train,0.001000002,0.00030147802
518,17369.0,train,0.0008571446,0.00029758297
6808,20988.0,train,0.0008571446,0.000297956
11455,17758.0,train,0.0009047389,0.00029706242
14974,1957.0,train,0.0010000002,0.0002972627
64,12864.0,train,0.0008571446,0.00029440562
2557,9092.0,train,0.0008571446,0.0002957504
7646,21049.0,train,0.0008571446,0.00030694358
18877,16582.0,train,0.0008571446,0.00030070034
6964,20125.0,train,0.0011428595,0.00030205655
873,5335.0,train,0.0008571744,0.0002946752
5994,6468.0,train,0.001000002,0.00029352814
16731,17368.0,train,0.0011428571,0.00029886034
7162,16528.0,train,0.0008571446,0.00030358983
16001,2370.0,train,0.0008571446,0.00030326276
16874,10513.0,train,0.0008571744,0.00030255533
11557,14749.0,train,0.0008571446,0.00028742157
14023,2981.0,train,0.0010000002,0.00029823562
19776,18501.0,train,0.0008571446,0.00029414942
13752,16089.0,train,0.0010000002,0.00030863262
3672,9611.0,train,0.0009999946,0.00030386378
21498,14262.0,train,0.0008571744,0.0003044116
14474,7578.0,train,0.0008571446,0.00030209598
18346,3711.0,train,0.0008571446,0.00030163588
15313,19752.0,train,0.00090476125,0.0002972227
1312,18967.0,train,0.0008571446,0.00030381192
10233,9427.0,train,0.0011428562,0.00029286495
12396,5537.0,train,0.00090476125,0.00029846185
15349,21441.0,train,0.0008571446,0.0002993777
7442,18318.0,train,0.0008571446,0.00030179363
5116,9727.0,train,0.0008571744,0.00030568702
17069,10749.0,train,0.0008571446,0.00029638034
18120,7554.0,train,0.0011428576,0.00030605026
10892,13501.0,train,0.00090476125,0.00030256846
12667,1429.0,train,0.0008571446,0.00029624646
3890,13205.0,train,0.0009999983,0.00030372042
11134,8930.0,train,0.00090476125,0.00029916572
3312,6553.0,train,0.001000002,0.0002982356
18117,16663.0,train,0.00085714646,0.000298887
12342,4656.0,train,0.0008571446,0.00030044952
2197,1646.0,train,0.0008571446,0.00030023805
211,18690.0,train,0.0008571455,0.0002933389
14526,13616.0,train,0.001142856,0.00029660788
19038,18298.0,train,0.00090476125,0.00029190135
20764,19229.0,train,0.0009047631,0.00030593356
10465,6992.0,train,0.0008571446,0.00029770297
8895,21509.0,train,0.0008571744,0.00030549217
17804,4374.0,train,0.0008571446,0.00029321708
8983,17145.0,train,0.0008571446,0.00029441886
10579,21702.0,train,0.0008571744,0.00029716935
20607,11650.0,train,0.001000002,0.0003054402
8424,6187.0,train,0.0008571446,0.0002964473
13756,16841.0,train,0.0008571744,0.0003011883
9120,5586.0,train,0.0011428595,0.0002919694
4616,4117.0,train,0.00090476125,0.0002979561
20136,9298.0,train,0.0010000002,0.00029027907
3042,17817.0,train,0.0008571446,0.0002970358
13721,3792.0,train,0.0011428576,0.00030313194
6245,10508.0,train,0.001000002,0.00029847503
6070,7436.0,train,0.0008571446,0.00028578783
8061,6245.0,train,0.0008571483,0.0002979827
6364,4447.0,train,0.0008571446,0.00029587117
13663,15389.0,train,0.0008571446,0.00029105728
16200,3994.0,train,0.0008571446,0.00029794275
17732,8661.0,train,0.0010000002,0.00029328474
2604,11109.0,train,0.0009999999,0.00030605023
19452,11072.0,train,0.0008571446,0.00029921866
9964,8964.0,train,0.0011428557,0.00029540138
9633,11380.0,train,0.0011428567,0.00029396045
15418,8915.0,train,0.000904765,0.00029374444
5463,11522.0,train,0.0010000002,0.00029738282
18569,10055.0,train,0.0008571446,0.0002935552
20473,14787.0,train,0.00090476125,0.000289896
17843,7660.0,train,0.0008571446,0.0002949712
12723,11524.0,train,0.0011428576,0.00029319004
7089,3610.0,train,0.0008571446,0.00028627334
11781,9647.0,train,0.001000002,0.000303433
20752,17444.0,train,0.0011428576,0.0002946885
16502,13136.0,train,0.0008571446,0.0002993247
9026,13127.0,train,0.0011428595,0.00030770537
11861,4134.0,train,0.00085714646,0.00029907262
15049,18413.0,train,0.00090476125,0.00030124083
12150,7257.0,train,0.0008571744,0.00029792945
5123,15613.0,train,0.0010000002,0.00029369036
19179,8567.0,train,0.0010000002,0.00030150422
19078,9380.0,train,0.0008571446,0.00030010598
14503,20888.0,train,0.0011428557,0.00030212224
1174,6289.0,train,0.00090476125,0.0003025554
16860,2685.0,train,0.00090476125,0.00029992074
930,687.0,train,0.001000002,0.0002961393
21500,9702.0,train,0.0011428595,0.00030327588
16070,5821.0,train,0.0008571744,0.00030256846
11955,10068.0,train,0.0009047622,0.00030224046
2744,5227.0,train,0.0008571446,0.00029549535
4642,2346.0,train,0.0008571455,0.000301399
7074,6965.0,train,0.0008571446,0.00029051144
8151,17582.0,train,0.0011428595,0.00030015886
2892,19190.0,train,0.0008571455,0.00030301412
648,5031.0,train,0.0011428571,0.0002976896
2129,6721.0,train,0.0008571744,0.0003018594
21592,19606.0,train,0.00090476125,0.00029450003
17537,1479.0,train,0.0011428576,0.00030192517
12843,6458.0,train,0.0008571446,0.00030149112
18559,3031.0,train,0.0008571744,0.00029588465
9852,2581.0,train,0.0009999983,0.0002907162
11343,10460.0,train,0.0008571744,0.00030269974
83,11314.0,train,0.0008571446,0.0002981824
7068,5954.0,train,0.0009999983,0.0003080405
12367,17953.0,train,0.0008571446,0.00029924515
4819,16644.0,train,0.0009047389,0.0003032889
18658,20351.0,train,0.0008571446,0.00030002653
21129,8711.0,train,0.00090476125,0.0002869519
9092,18941.0,train,0.0008571744,0.0003004891
6456,1017.0,train,0.0008571446,0.0002959784
19740,16247.0,train,0.000857234,0.0003016489
4334,20432.0,train,0.0010000002,0.00030473774
21018,8074.0,train,0.0010000002,0.00029815576
16491,12025.0,train,0.0008571446,0.00029883394
5849,4691.0,train,0.0009999983,0.0003078343
18386,21402.0,train,0.0008571744,0.00029766295
16289,20960.0,train,0.0011428567,0.000298794
8418,21535.0,train,0.0008571446,0.0003042165
12687,16605.0,train,0.0008571744,0.00030855523
18926,14473.0,train,0.0009999983,0.00029966928
15078,4804.0,train,0.0008571446,0.00029494424
1597,6001.0,train,0.001000002,0.00030484187
5812,9845.0,train,0.0008571744,0.00029696882
6118,5300.0,train,0.00090476125,0.00029804933
10036,7452.0,train,0.000857234,0.00029894043
10418,14415.0,train,0.0008571446,0.0003070987
14491,15540.0,train,0.001000002,0.00030519316
13094,5763.0,train,0.0008571446,0.0002978362
1092,7367.0,train,0.0011428557,0.00030283065
12955,6303.0,train,0.0011428576,0.00030160946
6570,404.0,train,0.00085714646,0.00029704903
20997,11947.0,train,0.00090476125,0.00030254232
16047,5231.0,train,0.0008571446,0.0002866612
5562,13682.0,train,0.0008571744,0.0003021617
12783,7058.0,train,0.00090476125,0.00029589803
4505,3928.0,train,0.0009047687,0.0003002249
9023,20953.0,train,0.0008571744,0.0003009375
8857,20370.0,train,0.0008571446,0.00030196464
700,7361.0,train,0.00090476125,0.0003062316
589,8774.0,train,0.00090476125,0.00029569672
20017,8366.0,train,0.0011428595,0.00030162273
20407,9480.0,train,0.0010000002,0.0002997751
14733,19369.0,train,0.0008571744,0.00029611256
21627,20817.0,train,0.0008571446,0.00029786277
1911,8961.0,train,0.0008571446,0.00029025174
10672,8791.0,train,0.0008571744,0.00029784965
894,1193.0,train,0.0010000002,0.00030864545
3436,5858.0,train,0.00085715204,0.0003011883
17513,7019.0,train,0.00090476125,0.00030568682
14579,1267.0,train,0.0011428595,0.00030551807
1643,16905.0,train,0.0008571446,0.00028916952
12905,405.0,train,0.0008571446,0.0002972629
3019,3319.0,train,0.0011428557,0.0003104398
7019,21670.0,train,0.0008571446,0.00030268647
16305,5712.0,train,0.0011428576,0.00029343346
21713,8510.0,train,0.0008571446,0.00030224043
17389,19150.0,train,0.0008571446,0.0002996162
2047,6859.0,train,0.001000002,0.00030307946
3194,6132.0,train,0.0008571446,0.00029501147
285,7744.0,train,0.0011428576,0.00029530725
20281,14148.0,train,0.0008571446,0.00029437873
21387,12811.0,train,0.0008571446,0.00029564317
14968,13802.0,train,0.00090476125,0.00029243098
10788,17062.0,train,0.0009047687,0.00030084548
14374,20819.0,train,0.0008571446,0.0002989798
19362,15555.0,train,0.0010000002,0.00029731612
21254,12338.0,train,0.0008571744,0.0003040338
20667,13856.0,train,0.0008571446,0.00030314495
13262,18007.0,train,0.001000002,0.00029532076
3231,6963.0,train,0.0008571446,0.00030490718
20638,15384.0,train,0.0008571446,0.00029271597
5129,15814.0,train,0.0010000002,0.00028809745
13430,16249.0,train,0.0010000002,0.00030953126
20202,21389.0,train,0.0008571595,0.00030023817
7266,15221.0,train,0.0008571595,0.00028323536
6847,13985.0,train,0.0008571744,0.00029321678
4555,1192.0,train,0.0010000002,0.00029631346
7551,21342.0,train,0.0008571446,0.00029440556
1501,10857.0,train,0.00090476125,0.0002929734
20434,20216.0,train,0.0008571446,0.00030910794
10747,560.0,train,0.0008571446,0.0002878079
16911,12833.0,train,0.0008571446,0.00029390646
11014,6095.0,train,0.0008571446,0.0003003042
8568,10645.0,train,0.0008571446,0.00029263468
10315,5516.0,train,0.0008571474,0.00030340665
10924,10080.0,train,0.0011428574,0.00030096417
5851,964.0,train,0.0009047622,0.00029972213
7949,6634.0,train,0.0008571744,0.00030579072
2195,5244.0,train,0.00090476125,0.00029660782
13433,20098.0,train,0.0008571744,0.00029678177
6,19005.0,train,0.00090476125,0.0002986877
5326,16652.0,train,0.00090476125,0.00030563495
10771,6784.0,train,0.0008571446,0.00029190144
12495,19978.0,train,0.00090476125,0.00030917206
15978,4233.0,train,0.0008571446,0.0002957908
3421,4645.0,train,0.0008571446,0.0002928785
1970,760.0,train,0.0008571446,0.00029863458
20044,19340.0,train,0.00090476125,0.0002997619
12957,20526.0,train,0.0008571446,0.00028428424
934,7012.0,train,0.0009047631,0.00030189884
15734,3043.0,train,0.0008571446,0.0002968219
12155,6529.0,train,0.000857234,0.00029575027
13181,19376.0,train,0.00090476125,0.0003011488
6497,3193.0,train,0.001000002,0.00028598213
1996,471.0,train,0.0008571446,0.00029999999
6317,1065.0,train,0.0008571446,0.00028421442
4675,20459.0,train,0.0010000002,0.00030520634
785,14509.0,train,0.0011428595,0.00030355057
18436,14345.0,train,0.00090476125,0.00029451342
15714,17613.0,train,0.0009999983,0.0003057778
15974,10280.0,train,0.0008571744,0.0002929056
3760,6016.0,train,0.0008571446,0.0002972494
21467,10534.0,train,0.0008571446,0.0002961795
18462,13523.0,train,0.0011428557,0.00030214843
8279,13557.0,train,0.0008571446,0.00029161572
11018,18878.0,train,0.0011428595,0.00030514132
3206,977.0,train,0.0008571744,0.00029900638
10441,837.0,train,0.0011428557,0.00029842186
20928,18927.0,train,0.00090476125,0.00029015608
2486,2848.0,train,0.0008571446,0.0003011092
14528,1051.0,train,0.0008571446,0.00029186063
6649,6195.0,train,0.0008571455,0.0002845215
15370,10395.0,train,0.0011428567,0.00029107093
19472,12460.0,train,0.001000002,0.0003055571
12163,315.0,train,0.0008571446,0.00029976183
5385,9426.0,train,0.0011428595,0.00030612806
6488,1476.0,train,0.001000002,0.0003057909
6802,10932.0,train,0.0008571502,0.00030345903
1784,5501.0,train,0.00090476125,0.00029600534
11051,11989.0,train,0.0011428595,0.0002978629
1331,2991.0,train,0.0008571483,0.0003027258
6145,2000.0,train,0.0008571446,0.00028639805
7293,12770.0,train,0.001000002,0.00030124094
21671,8476.0,train,0.0011428571,0.00030434693
11828,4412.0,train,0.0011428595,0.00029115242
3367,21244.0,train,0.00090476125,0.00029848833
16221,12499.0,train,0.0008571744,0.0003025947
4199,14852.0,train,0.0008571446,0.00029460766
4721,3937.0,train,0.0008571744,0.00030392944
11127,2010.0,train,0.0011428576,0.00029961628
18372,4025.0,train,0.0008571446,0.00029081182
8868,5072.0,train,0.0008571446,0.00030339367
12558,7647.0,train,0.0008571446,0.0003000529
6789,13657.0,train,0.0008571446,0.0002969423
21140,18376.0,train,0.0011428595,0.00029127547
18275,2390.0,train,0.0008571446,0.0002895674
13673,3391.0,train,0.00090476125,0.0002998149
18478,15910.0,train,0.0008571446,0.00029654097
19561,8942.0,train,0.0011428576,0.00030546627
8537,2468.0,train,0.0008571446,0.0002918877
1199,4657.0,train,0.001142852,0.00030225358
3143,18317.0,train,0.0008571744,0.00029755637
833,4930.0,train,0.0008571474,0.00029587123
18635,7177.0,train,0.00085714646,0.0002927973
2583,13774.0,train,0.0008571446,0.00029625994
20010,19227.0,train,0.00085714646,0.00030892814
20442,18117.0,train,0.0011428595,0.00030306645
12072,1736.0,train,0.00090476125,0.0002921323
12330,1561.0,train,0.0011428595,0.00029688873
8211,17085.0,train,0.0008571446,0.00029952353
19185,17172.0,train,0.0009999983,0.00030331503
12658,9924.0,train,0.00090476125,0.0003016358
20113,12358.0,train,0.0009999871,0.00029328468
7710,19100.0,train,0.0010000002,0.00030357667
13737,12604.0,train,0.0011428567,0.00029887367
20002,10795.0,train,0.0011428576,0.00030756346
10373,11244.0,train,0.0008571446,0.00030531024
16467,1574.0,train,0.0008571446,0.00030046277
21209,18753.0,train,0.0008571446,0.0002987408
5513,18003.0,train,0.001000002,0.0003045554
2535,2476.0,train,0.0008571446,0.00029706242
8355,14790.0,train,0.0008571744,0.00030109592
5709,10319.0,train,0.0008571446,0.00030027775
20577,12782.0,train,0.0011428576,0.00029436525
7197,20182.0,train,0.0008571744,0.00029420335
16635,1181.0,train,0.0009999871,0.00029030646
14137,11629.0,train,0.0010000002,0.0003034851
14115,7606.0,train,0.001000002,0.00029572358
21175,8801.0,train,0.001000002,0.00029506523
1488,13519.0,train,0.0009047538,0.00030313188
21038,18425.0,train,0.0011428567,0.00029459424
9826,19443.0,train,0.0008571446,0.00030130686
18320,2656.0,train,0.0011428576,0.00030973618
2207,1819.0,train,0.0009999992,0.00030608915
21278,14543.0,train,0.0008571446,0.00029393344
11886,8855.0,train,0.0008571446,0.00029630007
2166,12414.0,train,0.7152857,0.019924916
15761,1645.0,train,0.0011428595,0.0003087996
21659,19481.0,train,0.0010000002,0.00029900638
6631,7467.0,train,0.00090476125,0.0002999077
19977,11971.0,train,0.0008571446,0.00029613927
18923,8866.0,train,0.0008571446,0.00028952622
15148,21147.0,train,0.0008571446,0.00029164285
2887,9110.0,train,0.001000002,0.00029710244
14213,19855.0,train,0.0008571446,0.00029855492
14326,17577.0,train,0.001000002,0.00029424383
10419,13959.0,train,0.0008571744,0.00030381183
4270,1396.0,train,0.0008571744,0.00029988107
1258,15017.0,train,0.0010000002,0.00030353744
18981,10578.0,train,0.0011428595,0.00029879398
1546,6318.0,train,0.001000002,0.0002982888
12626,2696.0,train,0.0011428567,0.0003073957
18309,2041.0,train,0.00090476125,0.0003044382
11159,20906.0,train,0.0008571446,0.00029541485
18986,15671.0,train,0.001000002,0.00029532085
20286,13708.0,train,0.00085714646,0.00029333885
8567,1015.0,train,0.0009999983,0.00030306628
19822,18308.0,train,0.0008571446,0.0002964607
1483,21289.0,train,0.0010000002,0.00029390646
19724,14377.0,train,0.0008571446,0.000305622
9862,6913.0,train,0.0008571446,0.0002871452
18341,3526.0,train,0.0008571446,0.0002998678
6745,3356.0,train,0.0008571446,0.00029782287
16664,12641.0,train,0.001000002,0.00029187422
2015,2196.0,train,0.000857146,0.0003003571
9807,19687.0,train,0.0008571446,0.00028948515
257,6078.0,train,0.001000002,0.00030451646
15861,8812.0,train,0.0008571455,0.0003046988
3532,4885.0,train,0.0008571446,0.00029301402
11036,3529.0,train,0.0008571446,0.00029154777
21220,14954.0,train,0.0011428595,0.00029348765
21331,15401.0,train,0.00090476125,0.00029863446
20170,20743.0,train,0.001000002,0.0003042557
21762,20567.0,train,0.0008571744,0.00029620633
1633,6900.0,train,0.0009047538,0.0002873661
5641,10238.0,train,0.00090476125,0.00029448647
12237,21711.0,train,0.0008571446,0.00030335435
19837,18885.0,train,0.0011428595,0.0002944999
9372,12561.0,train,0.0009047622,0.00030520622
1430,15045.0,train,0.00090476125,0.000295643
2066,3870.0,train,0.0010000002,0.00030542715
17219,18227.0,train,0.00090476125,0.00029890024
20430,11163.0,train,0.0008571446,0.00029715596
12022,7457.0,train,0.0009999983,0.00030734416
17826,4847.0,train,0.0009999983,0.00030026448
21570,11262.0,train,0.0011428576,0.00030597244
6565,6687.0,train,0.0008571446,0.00029738288
5505,17211.0,train,0.0008571744,0.00030154374
4437,19725.0,train,0.0008571446,0.00028731112
6470,7432.0,train,0.0009047687,0.00029381202
8253,19577.0,train,0.0011428595,0.0002991788
342,7851.0,train,0.0011428595,0.00030512825
20340,20852.0,train,0.0008571446,0.00030005304
19475,20131.0,train,0.0011428557,0.00030665894
6643,503.0,train,0.0008571446,0.00029731612
13242,18625.0,train,0.0008571446,0.00030226662
4894,386.0,train,0.00090476125,0.0003019646
12707,4894.0,train,0.0009047538,0.00030511522
18098,3583.0,train,0.0008571744,0.0003010956
3493,4348.0,train,0.001000002,0.00030398156
16189,4680.0,train,0.0008571446,0.00030532328
18542,16857.0,train,0.0008571446,0.00029933793
2325,16205.0,train,0.0008571446,0.00029362287
6873,12372.0,train,0.0011428557,0.00029108458
11642,21718.0,train,0.0008571483,0.00029045678
11151,678.0,train,0.0009047538,0.00030493303
18932,20678.0,train,0.0008571446,0.00028641193
3119,855.0,train,0.00090476125,0.00030113538
2877,8508.0,train,0.0008571744,0.00030313194
16072,6750.0,train,0.00090476125,0.0003041513
16585,3708.0,train,0.0011428595,0.00029755622
20368,20494.0,train,0.00090476125,0.00028997814
689,3805.0,train,0.001000002,0.0002870625
16907,6973.0,train,0.001000002,0.00030255513
5392,9355.0,train,0.0008571446,0.00028970436
13517,9865.0,train,0.001000002,0.00029964282
6693,14086.0,train,0.0011428572,0.00029969565
21003,17024.0,train,0.0011428595,0.00029342
20960,13578.0,train,0.0009999992,0.00028772518
21593,15467.0,train,0.000904765,0.00029808926
21305,21356.0,train,0.0008571744,0.00030064757
11058,18051.0,train,0.00090476125,0.0003066849
11367,11295.0,train,0.000857234,0.0003023848
19816,13302.0,train,0.001000002,0.000293947
16323,7164.0,train,0.0008571744,0.00029490388
3928,6361.0,train,0.001000002,0.0003053753
1680,7632.0,train,0.0011428595,0.00030029097
7253,7945.0,train,0.0011428567,0.00030003968
14310,20641.0,train,0.0008571744,0.00030203018
8143,19411.0,train,0.0008571446,0.00029642062
19801,12529.0,train,0.0008571744,0.00029463466
2174,7214.0,train,0.0011428595,0.00030233228
10634,2383.0,train,0.0008571446,0.00028704846
5928,14870.0,train,0.0009047687,0.00029846182
2775,6405.0,train,0.0010000002,0.0003020435
19075,9266.0,train,0.0008571744,0.00030511504
9844,7093.0,train,0.0008571446,0.0003011092
18768,12615.0,train,0.0008571446,0.00028944397
17569,8478.0,train,0.0008571446,0.00030408605
1986,1363.0,train,0.0008571446,0.0002886339
2527,2767.0,train,0.0009999946,0.00030091155
21381,9978.0,train,0.0011428557,0.0002912344
686,3939.0,train,0.0008571446,0.00029396047
13353,15414.0,train,0.0008571744,0.0002949443
1880,4717.0,train,0.0008571446,0.00029607225
16476,15252.0,train,0.0008571446,0.0002972093
12360,6868.0,train,0.0008571446,0.00029908604
8686,6249.0,train,0.0011428595,0.00029587126
5584,10840.0,train,0.00090476125,0.0002958443
3623,8077.0,train,0.0010000002,0.00029957652
13297,17658.0,train,0.00090476125,0.00029783623
10170,5745.0,train,0.0011428595,0.00029592478
15250,15519.0,train,0.0011428576,0.0003015306
4844,9669.0,train,0.0008571446,0.00030096408
19511,11022.0,train,0.0008571446,0.00030039664
19006,18828.0,train,0.0008571744,0.0003004495
3752,5247.0,train,0.0008571446,0.00029568336
446,3135.0,train,0.0011428595,0.00029351463
13677,11087.0,train,0.001000002,0.0003061022
9638,19887.0,train,0.0008571446,0.0002882075
15669,16440.0,train,0.0011428576,0.0003035636
8240,6578.0,train,0.0009999946,0.0003065425
20550,19248.0,train,0.0008571446,0.00030819498
2979,3812.0,train,0.0008571446,0.00029098915
4678,6404.0,train,0.0008571446,0.000294109
979,5334.0,train,0.001000002,0.00030465974
18589,21161.0,train,0.0011428557,0.0003022666
16151,10224.0,train,0.0008571744,0.0003063614
8959,6946.0,train,0.0008571446,0.00029347412
15560,13198.0,train,0.001000002,0.00030139898
7085,6600.0,train,0.0008571446,0.00030264712
13406,12444.0,train,0.0009047985,0.00029731618
19070,15254.0,train,0.00090476125,0.00029351466
5230,15484.0,train,0.0011428576,0.00030912072
4912,13407.0,train,0.0008571446,0.00030106967
12795,9656.0,train,0.0008571446,0.00030689166
8579,10472.0,train,0.0011428557,0.00029255304
11756,4091.0,train,0.001000002,0.0003019646
6018,7303.0,train,0.0008571446,0.00029864788
14507,431.0,train,0.0008571455,0.00028663356
14119,1511.0,train,0.0010000005,0.0003018068
5597,21358.0,train,0.0009999997,0.00030296165
1668,16472.0,train,0.00090476125,0.00030831096
13560,11789.0,train,0.0011428576,0.00029560277
642,3672.0,train,0.0008571446,0.00029011501
12985,7085.0,train,0.0008571446,0.00028974545
18342,6435.0,train,0.0010000002,0.00030266028
9542,12326.0,train,0.0008571446,0.0002840609
15247,21514.0,train,0.0008571744,0.00030382499
9509,12562.0,train,0.0008571446,0.000298342
21711,13376.0,train,0.0008571446,0.00029958977
19758,8954.0,train,0.0009999983,0.00031006933
4923,2099.0,train,0.00090476125,0.00030104318
1547,1359.0,train,0.001000002,0.00028911472
11234,21319.0,train,0.0008571446,0.0002944595
18607,18880.0,train,0.00090476125,0.00029939107
18896,8734.0,train,0.000904765,0.0002936228
5685,21411.0,train,0.0008571744,0.00030689183
13890,10211.0,train,0.0008571744,0.00029259382
18928,10517.0,train,0.0008571446,0.00030275199
12890,13680.0,train,0.0008571744,0.0002987807
9401,15986.0,train,0.00090476125,0.00029482314
12200,11386.0,train,0.0008571446,0.0003018989
11147,21084.0,train,0.0008571446,0.0002997752
18258,19009.0,train,0.0009999983,0.0002880285
577,5508.0,train,0.0009999983,0.00028695178
12845,11106.0,train,0.0008571446,0.0002954282
13310,10275.0,train,0.0011428571,0.00030755077
13157,9329.0,train,0.0008571446,0.00029818242
4207,18280.0,train,0.0008571446,0.00029355523
6300,4810.0,train,0.0008571446,0.00029702246
10192,15830.0,train,0.00085714646,0.00029716926
13462,15187.0,train,0.00090476125,0.000302411
10120,4505.0,train,0.0008571446,0.00030063427
3290,2207.0,train,0.001000002,0.0003020696
16052,13011.0,train,0.0008571446,0.00030557014
7320,18508.0,train,0.0008571446,0.0002984884
11408,19201.0,train,0.0008571446,0.00029045687
7716,15067.0,train,0.0011428595,0.00030067397
5032,16236.0,train,0.00090476125,0.00029795614
21455,17701.0,train,0.0008571446,0.00029981488
5475,17361.0,train,0.0008571744,0.00029937783
14293,726.0,train,0.0011428595,0.00029944404
4624,4554.0,train,0.0008571446,0.00029742293
10246,15737.0,train,0.00090476125,0.00030010592
1102,540.0,train,0.0011428557,0.00030029094
20772,16981.0,train,0.0008571446,0.0002975696
17114,11308.0,train,0.0010000002,0.0003044903
14596,6782.0,train,0.0008571446,0.00029842192
8613,6592.0,train,0.0009047622,0.0003014648
3424,694.0,train,0.0011428595,0.0003050633
1085,2014.0,train,0.0008571744,0.0003012146
17982,3885.0,train,0.0008571744,0.00030023817
15971,1665.0,train,0.0008571446,0.00029350133
17502,11447.0,train,0.0011428576,0.00029920548
3677,11819.0,train,0.0008571483,0.0002776319
1847,3620.0,train,0.0008571446,0.00029116636
8528,791.0,train,0.001000002,0.00030005295
14773,21452.0,train,0.0008571446,0.0002969689
6324,6862.0,train,0.0008571446,0.00029226826
5510,18386.0,train,0.0008571744,0.0002912618
19094,21026.0,train,0.0008571744,0.0002985015
8671,10084.0,train,0.0008571744,0.0003025947
188,13483.0,train,0.0008571446,0.00029976186
15547,17598.0,train,0.0008571446,0.0003020039
15603,8815.0,train,0.00090476125,0.0002968753
13738,20865.0,train,0.0008571446,0.00029696894
21203,17786.0,train,0.001000002,0.0002973162
16000,6533.0,train,0.0008571744,0.00028560738
21376,11413.0,train,0.0009999983,0.00028938917
12513,2131.0,train,0.0008571446,0.0002900603
19260,8883.0,train,0.0009047687,0.00029634018
21609,9285.0,train,0.0008571744,0.00029513254
1106,7255.0,train,0.00085714646,0.00030611514
18399,3344.0,train,0.0008571744,0.0003030533
14378,10219.0,train,0.0008571446,0.00029474244
5993,6434.0,train,0.00085714646,0.00030633534
18670,17558.0,train,0.0009047631,0.00030352434
304,2367.0,train,0.0008571446,0.00030362897
15389,10750.0,train,0.0011428557,0.00030026466
19116,8625.0,train,0.00090476125,0.00030233228
21370,19737.0,train,0.0008571446,0.0002989931
16342,509.0,train,0.000857234,0.00030143856
21303,9868.0,train,0.00090476125,0.00030128044
11579,8372.0,train,0.0011428595,0.00030062124
10520,4550.0,train,0.0008571744,0.00029022456
16285,14117.0,train,0.000857234,0.00030560893
10842,17391.0,train,0.0008571446,0.00029928496
16156,19090.0,train,0.00090476125,0.00030801469
11311,8044.0,train,0.0011428571,0.00030394242
3004,1970.0,train,0.0011428595,0.0003004892
11180,8190.0,train,0.0008571446,0.00029966922
5789,20663.0,train,0.0008571446,0.00029352817
14148,16552.0,train,0.001000002,0.00030328886
15355,18267.0,train,0.00090476125,0.00030534924
17635,8594.0,train,0.00090476125,0.00029275654
8389,14318.0,train,0.0008571744,0.00030208277
14863,12320.0,train,0.0008571446,0.00030019847
14915,11913.0,train,0.0008571446,0.00031112964
3957,7697.0,train,0.0008571446,0.0002946885
6641,8296.0,train,0.0009999983,0.00029655432
9090,7081.0,train,0.0008571446,0.0002973563
2072,944.0,train,0.00085715204,0.000297996
6336,5725.0,train,0.0011428595,0.00030330213
19873,14857.0,train,0.0008571446,0.0002983155
21187,20204.0,train,0.0009047687,0.00029702237
7784,12906.0,train,0.0008571446,0.0002966882
18683,10320.0,train,0.0011428595,0.00030480287
13436,20551.0,train,0.0008571446,0.00029475585
6309,6966.0,train,0.0008571446,0.00029490393
17332,8102.0,train,0.00090476125,0.00029879407
12449,11366.0,train,0.000857234,0.0003031057
4172,15533.0,train,0.0009999983,0.00029854153
19470,9771.0,train,0.0008571744,0.00029253965
20491,20239.0,train,0.0008571446,0.00029271588
16460,5672.0,train,0.0008571446,0.0003003571
15138,6772.0,train,0.0011428576,0.000292621
463,16723.0,train,0.0008571446,0.00030077944
21815,14433.0,train,0.001000002,0.00029096182
9939,16162.0,train,0.0008571744,0.00030330205
19223,16984.0,train,0.0008571446,0.0002991392
17486,9675.0,train,0.0010000002,0.00029779618
12148,1663.0,train,0.00090476125,0.0003012673
14529,3904.0,train,0.0008571446,0.00029561628
20315,10365.0,train,0.00090476125,0.0003044252
9664,19345.0,train,0.0008571446,0.00030331523
9880,21385.0,train,0.001000002,0.0003051674
2797,5696.0,train,0.0008571446,0.00029408198
10717,5825.0,train,0.0008571455,0.00029856813
10890,12852.0,train,0.0011428446,0.0003081565
12177,10877.0,train,0.0008571744,0.0002984484
12766,16682.0,train,0.0008571446,0.00030439912
18594,16234.0,train,0.0008571446,0.00030021172
6748,2074.0,train,0.0008571446,0.00029354173
1140,7288.0,train,0.0010000002,0.00030226674
11492,18602.0,train,0.0008571446,0.0002940684
3325,6565.0,train,0.0008571446,0.00030048916
5957,13876.0,train,0.0008571446,0.00029412252
6724,7196.0,train,0.0010000003,0.0002953342
20719,16417.0,train,0.0008571446,0.0002880973
3901,21689.0,train,0.0011428595,0.00030172776
21354,11391.0,train,0.0008571446,0.000298036
9429,13020.0,train,0.0008571446,0.000300951
4522,16807.0,train,0.0008571744,0.00030595946
21289,10119.0,train,0.0010000002,0.000298475
9505,12123.0,train,0.0011428576,0.00028863404
21604,8686.0,train,0.0008571446,0.00029932478
16582,4566.0,train,0.0011428595,0.00030396847
5591,10865.0,train,0.0008571446,0.00030097735
3853,5513.0,train,0.0008571446,0.0002942439
13915,15920.0,train,0.00090476125,0.00028539874
20545,21330.0,train,0.0008571446,0.00029356862
14951,1025.0,train,0.001000002,0.00029295977
14939,4682.0,train,0.0008571446,0.00029956325
1397,2776.0,train,0.0011428557,0.00029976194
18957,12431.0,train,0.000857234,0.00029568345
16513,7324.0,train,0.000857234,0.0002998545
18865,14566.0,train,0.00090476125,0.00029575048
8601,7092.0,train,0.00090476125,0.00030118824
1308,18338.0,train,0.0008571446,0.00030473786
15664,14579.0,train,0.001000002,0.00029852823
14610,5789.0,train,0.0011428576,0.00030702117
4252,7810.0,train,0.0008571446,0.00029546855
9147,13637.0,train,0.0008571446,0.0003044904
6370,5896.0,train,0.0009999983,0.00030383808
20785,18167.0,train,0.00090476125,0.00030230603
13125,15662.0,train,0.0011428557,0.00029871435
12815,19952.0,train,0.00090476125,0.000306141
15693,842.0,train,0.0008571744,0.00030002664
6060,3869.0,train,0.0010000002,0.00029905958
4091,836.0,train,0.0008571744,0.00030485503
1302,11686.0,train,0.0011428576,0.00030332824
1568,20225.0,train,0.0008571446,0.00030550527
4280,5097.0,train,0.00090476125,0.0002958176
16385,6149.0,train,0.0008571483,0.0002977563
6671,21020.0,train,0.0008571446,0.00030038346
18272,1228.0,train,0.0008571446,0.000290689
11491,16033.0,train,0.0008571483,0.00029804924
19768,18766.0,train,0.0008571446,0.00029389284
6401,19328.0,train,0.0008571446,0.00030112235
10251,17341.0,train,0.0011428595,0.0002970358
555,20075.0,train,0.001000002,0.0002970357
14068,975.0,train,0.001000002,0.00029575045
12910,21666.0,train,0.00090476125,0.00029341987
12889,11676.0,train,0.001142852,0.00029706236
12586,1590.0,train,0.0008571446,0.00030145163
4331,3433.0,train,0.0008571483,0.00029397375
6250,12609.0,train,0.0008571744,0.00030652955
5677,10310.0,train,0.00090476125,0.0002976496
9565,11528.0,train,0.00090476125,0.00029495763
9476,14105.0,train,0.0011428595,0.00029631337
15758,6611.0,train,0.0008571446,0.00029830218
863,2218.0,train,0.0008571446,0.00028174638
11518,16832.0,train,0.0011428595,0.0003022929
3511,542.0,train,0.001000002,0.00030056856
690,5355.0,train,0.0011428576,0.00029783612
5265,20387.0,train,0.001000002,0.0003033806
13269,17669.0,train,0.0008571744,0.00029278346
16380,2558.0,train,0.0011428567,0.0002967015
13005,17594.0,train,0.0011428595,0.00031490746
19577,9469.0,train,0.001000002,0.00029905955
6102,3028.0,train,0.00090476125,0.00029571014
14498,12485.0,train,0.00090476125,0.00030151737
11793,4886.0,train,0.0011428595,0.00030104327
20222,12752.0,train,0.0011428576,0.00030664614
622,6097.0,train,0.0009999946,0.00029700913
15166,13782.0,train,0.0011428595,0.00030345912
7167,13945.0,train,0.0011428557,0.00029704903
13897,9554.0,train,0.0008571744,0.0003029485
12852,10293.0,train,0.0008571446,0.00030493303
2122,3263.0,train,0.0011428557,0.00029703573
3809,5683.0,train,0.0008571744,0.00028874408
21110,16871.0,train,0.0010000002,0.0002978229
19327,9844.0,train,0.0011428595,0.0003049071
6184,7157.0,train,0.0008571446,0.00030120133
20201,18498.0,train,0.0008571744,0.00030694358
19200,13929.0,train,0.0011428576,0.000297583
17709,11969.0,train,0.00090476125,0.00029919215
18600,9322.0,train,0.0011428595,0.0002996559
808,17310.0,train,0.00090476125,0.0002986479
12339,5962.0,train,0.0008571446,0.00029852826
4341,773.0,train,0.0008571446,0.00029157492
15422,8837.0,train,0.0008571446,0.00029060707
21638,18689.0,train,0.0008571446,0.00028996455
18460,15271.0,train,0.00090476125,0.00030199104
5801,3828.0,train,0.0008571446,0.00029078458
1969,2601.0,train,0.0011428595,0.0002982357
6874,10297.0,train,0.00085715204,0.0003073312
15114,1618.0,train,0.001000002,0.00030006623
12654,8615.0,train,0.0008571446,0.0002905387
19635,21525.0,train,0.0009047389,0.00029152044
12606,2113.0,train,0.0008571744,0.00030314503
392,10720.0,train,0.0008571446,0.00029770294
14394,10025.0,train,0.001000002,0.00030628347
4251,2435.0,train,0.0008571744,0.0002922544
14077,1253.0,train,0.0011428595,0.00029472896
17760,17287.0,train,0.0008571446,0.0002945133
11599,18292.0,train,0.0008571446,0.0002956162
18375,3136.0,train,0.0011428595,0.00029977522
5334,21601.0,train,0.0008571446,0.00029949713
12858,21712.0,train,0.0011428567,0.00030480296
1672,4139.0,train,0.0009999992,0.00029807602
8173,19756.0,train,0.0008571446,0.00029290552
6072,2980.0,train,0.0011428567,0.00029401443
7870,19838.0,train,0.0008571474,0.00029820902
9726,5389.0,train,0.001000002,0.00029874087
17587,11995.0,train,0.001000002,0.00030327582
8197,20369.0,train,0.00090476125,0.0002921188
5563,19476.0,train,0.000904765,0.0003038381
16382,885.0,train,0.0008571744,0.00029960307
2090,6282.0,train,0.0008571744,0.00029818236
15273,16305.0,train,0.0011428557,0.00029414945
3744,10944.0,train,0.0008571446,0.00029952356
2300,5384.0,train,0.0011428595,0.0003085039
18792,15211.0,train,0.0011428557,0.0002940684
10298,19294.0,train,0.0008571446,0.00029565633
17812,2800.0,train,0.0008571744,0.0002963268
18655,12353.0,train,0.0008571446,0.00028209834
19818,20622.0,train,0.00090476125,0.0002885239
289,5489.0,train,0.001000002,0.0003010696
3100,7558.0,train,0.0008571446,0.0002853848
12134,3077.0,train,0.001000002,0.0002988471
2991,7785.0,train,0.0008571446,0.00029907274
691,3076.0,train,0.0008571446,0.0002979295
8997,2516.0,train,0.0008571446,0.00030313188
7826,2109.0,train,0.0008571446,0.00029445955
11327,19117.0,train,0.0011428595,0.0003033412
13817,10843.0,train,0.0008571744,0.00030226668
16343,17928.0,train,0.0009047538,0.00029100236
3101,7066.0,train,0.0008571744,0.00030373334
7420,17830.0,train,0.0008571446,0.00030301412
9457,17996.0,train,0.001000002,0.00029840865
20343,18531.0,train,0.00090476125,0.000295965
11232,9171.0,train,0.0008571446,0.0003007927
9661,18613.0,train,0.0008571446,0.00029068894
13451,11682.0,train,0.0011428576,0.00029268887
4445,6053.0,train,0.0008571446,0.00030191205
7845,20046.0,train,0.0011428576,0.00030208295
84,19197.0,train,0.00090476125,0.00030940305
8952,20970.0,train,0.0008571446,0.00029096182
4299,5554.0,train,0.0008571446,0.00029977516
635,392.0,train,0.0011428576,0.00030301404
16379,2326.0,train,0.0008571744,0.00029529392
18963,12150.0,train,0.0011428571,0.0002997487
8527,1486.0,train,0.001142852,0.00030873538
13623,18093.0,train,0.00090476125,0.00030413817
12185,9419.0,train,0.0008571446,0.0003032497
3673,9252.0,train,0.0008571744,0.00029278366
17931,12933.0,train,0.001000002,0.00029699563
5402,14379.0,train,0.0011428595,0.00029944401
8086,3890.0,train,0.001000002,0.00030245035
17212,12028.0,train,0.0008571446,0.00029369036
7588,12831.0,train,0.001000002,0.00030181993
19548,17853.0,train,0.00085714646,0.00030331517
11525,19379.0,train,0.0008571446,0.00029156133
11816,11118.0,train,0.0008571446,0.00029603194
12988,743.0,train,0.0008571744,0.00029406845
3888,15123.0,train,0.0011428557,0.00030103012
355,15648.0,train,0.00090476125,0.00029675514
20924,11343.0,train,0.0008571446,0.0002999472
3420,5082.0,train,0.0010000002,0.000304086
18765,14125.0,train,0.0008571446,0.00028980014
2438,16090.0,train,0.0011428557,0.00030458148
21404,7997.0,train,0.0008571446,0.00030521926
124,9730.0,train,0.0011428595,0.00030155698
20306,12126.0,train,0.0008571446,0.00029260752
2512,16648.0,train,0.001000002,0.00030206962
15117,2320.0,train,0.00090476125,0.00029754295
19166,11803.0,train,0.00090476125,0.00029621966
4067,5624.0,train,0.001000002,0.00030424257
2040,16065.0,train,0.0011428595,0.0003058817
6203,17426.0,train,0.0008571446,0.00029903304
18038,10330.0,train,0.0008571446,0.00030447726
1781,2062.0,train,0.0008571446,0.00029413588
18949,10751.0,train,0.0008571446,0.000280207
6744,7858.0,train,0.0008571744,0.00029394706
20889,9878.0,train,0.0008571446,0.00030515424
2182,6666.0,train,0.0008571446,0.00029759633
9188,16000.0,train,0.001142852,0.0003082981
16923,10076.0,train,0.0010000002,0.0002970491
11629,8284.0,train,0.0011428574,0.0002961929
10551,777.0,train,0.0008571446,0.00029943074
8702,7087.0,train,0.0008571455,0.00030242413
17917,10148.0,train,0.0011428595,0.00029583092
15446,16083.0,train,0.0011428567,0.0003031973
12731,7776.0,train,0.0008571446,0.0002951057
13710,5106.0,train,0.0008571474,0.00029923202
8523,6374.0,train,0.0010000002,0.0002949443
14340,11782.0,train,0.0008571446,0.0003036159
9631,15683.0,train,0.0008571744,0.0002997354
166,14033.0,train,0.001000002,0.0003003042
21251,10415.0,train,0.00090476125,0.00029664807
3228,3405.0,train,0.001000002,0.00029433836
5436,8232.0,train,0.0009047538,0.0002929327
17170,11276.0,train,0.0008571446,0.0003026602
6386,17727.0,train,0.0011428595,0.00029679498
14567,6824.0,train,0.00085714646,0.0002998016
13649,15646.0,train,0.0008571446,0.00029049782
7305,20681.0,train,0.0008571446,0.0003004627
14558,7115.0,train,0.0008571446,0.00029779627
14281,20596.0,train,0.0008571446,0.00029759618
4748,6481.0,train,0.0008571455,0.00030852976
7377,19049.0,train,0.0008571446,0.00029413597
8085,4266.0,train,0.0008571446,0.00028550994
8766,1853.0,train,0.0008571446,0.0003019251
11431,11208.0,train,0.0008571446,0.00029621975
9538,13749.0,train,0.0008571446,0.0002967952
20802,10622.0,train,0.00085715204,0.00029045704
21772,11951.0,train,0.0008571446,0.0002993248
3266,4143.0,train,0.00090476125,0.00029675502
3400,3487.0,train,0.0009999992,0.00029540135
18483,13597.0,train,0.0008571483,0.00030014582
13693,5395.0,train,0.0008571446,0.00029510562
16755,3357.0,train,0.00090476125,0.00030221415
10899,12924.0,train,0.0008571446,0.0003021879
14539,2977.0,train,0.00090476125,0.00028842763
1407,6167.0,train,0.001000002,0.00030128044
15242,19484.0,train,0.0011428557,0.00030595946
5512,11653.0,train,0.0011428595,0.000298475
5462,9688.0,train,0.0008571744,0.00029587108
747,1832.0,train,0.0008571446,0.0002991656
556,13531.0,train,0.0008571446,0.00029882058
20160,17408.0,train,0.0008571446,0.0002959918
12727,3052.0,train,0.0008571446,0.000295025
5905,17652.0,train,0.0008571446,0.00029921872
25,10962.0,train,0.0008571446,0.00029787625
12662,14015.0,train,0.0008571446,0.0003065945
3305,3758.0,train,0.00090476125,0.0003011356
21339,17286.0,train,0.0011428557,0.00029554902
591,13062.0,train,0.0008571446,0.0003033544
4935,4791.0,train,0.00090476125,0.00029892672
7184,10019.0,train,0.0009999983,0.00030262093
14387,15184.0,train,0.0011428557,0.0002999604
3327,422.0,train,0.0011428595,0.00030484193
19887,21592.0,train,0.0011428557,0.0003088768
17543,6622.0,train,0.0008571446,0.0002941493
15109,2997.0,train,0.0011428557,0.00030927474
20455,13724.0,train,0.001000002,0.00028962223
16584,4899.0,train,0.00090476125,0.00029655438
6972,14681.0,train,0.0008571446,0.00028937554
9750,21710.0,train,0.0010000002,0.00029509226
17177,17835.0,train,0.0008571446,0.00030954403
2491,945.0,train,0.0011428595,0.00030611514
14701,19266.0,train,0.0011428576,0.000296541
13270,14526.0,train,0.0011428567,0.00030081908
971,763.0,train,0.00085715204,0.00029949704
1058,5502.0,train,0.0008571446,0.00029707578
15705,21081.0,train,0.0008571446,0.00029205097
5781,12903.0,train,0.0011428595,0.000301557
1324,5288.0,train,0.0011428576,0.0002920645
15562,9605.0,train,0.001000002,0.00029660782
9344,20911.0,train,0.00090476125,0.00030602416
2708,6002.0,train,0.0008571446,0.0002921596
4942,477.0,train,0.0008571446,0.00029260744
11945,14456.0,train,0.001000002,0.0003037596
12547,2203.0,train,0.0008571744,0.00029718273
7917,12059.0,train,0.001000002,0.00030774422
3951,5996.0,train,0.0008571744,0.00029752962
13803,8122.0,train,0.0008571446,0.00030451646
9468,19575.0,train,0.0011428576,0.00030258152
18593,8509.0,train,0.0011428595,0.00030351127
13482,17390.0,train,0.0008571744,0.0002948365
10607,3246.0,train,0.00090476125,0.0002969689
8810,9399.0,train,0.0008571446,0.00030694352
13059,14594.0,train,0.0010000002,0.00029907268
12608,1395.0,train,0.001000002,0.0002944325
19036,20731.0,train,0.0011428595,0.00030192512
21214,18241.0,train,0.00090476125,0.0002871868
17654,6785.0,train,0.0011428595,0.00029882058
2696,338.0,train,0.0010000002,0.00030437304
14397,20761.0,train,0.0008571446,0.00029015608
9553,12654.0,train,0.0008571446,0.0002893343
20207,20832.0,train,0.0008571446,0.00029600537
16505,15899.0,train,0.0008571446,0.00029576386
13921,9120.0,train,0.0010000002,0.00029391996
15953,3594.0,train,0.0008571446,0.00028751834
11059,16868.0,train,0.0010000002,0.00029810253
9362,15026.0,train,0.0008571446,0.00030063436
5852,6409.0,train,0.0008571446,0.0002993247
18352,4598.0,train,0.00090476125,0.00028754596
6052,3456.0,train,0.0010000002,0.00030881245
14515,3057.0,train,0.0008571446,0.0002959114
1207,6747.0,train,0.0009999992,0.00030134627
19464,21276.0,train,0.0008571446,0.00029774292
335,3268.0,train,0.00090476125,0.00029413588
2218,4012.0,train,0.0008571744,0.00030514106
20331,19482.0,train,0.0008571446,0.00029431118
3079,13539.0,train,0.0008571744,0.00030178062
12120,6956.0,train,0.0011428557,0.0002993512
20195,14494.0,train,0.0008571446,0.00029973546
8472,21648.0,train,0.0008571446,0.00030176737
6175,3764.0,train,0.00090476125,0.0002998942
10195,9013.0,train,0.0008571446,0.00029806272
9492,21502.0,train,0.0008571446,0.00030106958
10133,3546.0,train,0.00090476125,0.0002893207
15582,21377.0,train,0.00090476125,0.00029596515
15275,10712.0,train,0.0008571483,0.00029792945
13004,19324.0,train,0.0008571446,0.00029591136
4517,16824.0,train,0.0008571446,0.00029552224
13892,16719.0,train,0.0008571744,0.00030258164
14003,6820.0,train,0.00090476125,0.00029937783
8127,5876.0,train,0.0008571446,0.00028632875
2154,9683.0,train,0.0011428595,0.00030606324
4344,5867.0,train,0.0008571446,0.00029912585
3056,1691.0,train,0.0008571446,0.0002934606
10322,7372.0,train,0.0011428567,0.00029896648
4862,17109.0,train,0.0010000002,0.00029104357
10740,5985.0,train,0.00090476125,0.0003039163
8451,739.0,train,0.0008571446,0.00030537523
2803,3468.0,train,0.00090476125,0.0003029355
6119,6080.0,train,0.001000002,0.0003001588
1868,3171.0,train,0.0008571446,0.00030681424
15939,363.0,train,0.0011428557,0.00030743456
17722,4028.0,train,0.0008571446,0.00029152044
1623,3743.0,train,0.0009999946,0.0003001456
17678,15839.0,train,0.0008571744,0.00029917885
20093,9670.0,train,0.0009999946,0.0002987408
11545,15748.0,train,0.00090476125,0.00029860804
11598,17553.0,train,0.0008571446,0.00029783623
13463,11153.0,train,0.0008571446,0.00029066158
21293,10298.0,train,0.001142852,0.00029587126
14760,7977.0,train,0.001000002,0.00029840862
5842,3241.0,train,0.0008571446,0.00030290938
4404,9752.0,train,0.0008571446,0.00029856813
11228,12217.0,train,0.00090476125,0.00030059478
5332,21520.0,train,0.0010000002,0.0002920373
5545,16599.0,train,0.0009047622,0.0002975429
20042,11453.0,train,0.0008571744,0.00029752945
7418,20243.0,train,0.0011428595,0.0003007399
1559,7346.0,train,0.001000002,0.00029810268
8699,1975.0,train,0.0010000002,0.00029692875
17463,9200.0,train,0.0008571446,0.00030584267
16422,21093.0,train,0.00090476125,0.0002896223
16830,2178.0,train,0.0008571446,0.00029591142
17846,5248.0,train,0.0008571446,0.00029374444
13704,4421.0,train,0.0011428557,0.00030153058
6793,18755.0,train,0.00090476125,0.00029584428
10135,939.0,train,0.00090476125,0.00030050235
13593,18810.0,train,0.001000002,0.00030420348
5902,13529.0,train,0.000857234,0.00029421685
22,20978.0,train,0.0011428595,0.0003044251
21742,13857.0,train,0.0008571446,0.00029120725
14453,10098.0,train,0.0009999983,0.00029364988
11970,2296.0,train,0.0008571446,0.00029884707
5190,11662.0,train,0.0008571744,0.00030398168
14829,8921.0,train,0.0008571446,0.00029642048
9030,15177.0,train,0.0008571446,0.00029421685
10116,20795.0,train,0.0008571744,0.0003015833
5752,478.0,train,0.0008571446,0.0003027257
16679,12760.0,train,0.0011428595,0.00029209175
8132,2794.0,train,0.0008571483,0.00029666137
4351,14128.0,train,0.0008571446,0.00029830227
8901,14981.0,train,0.0008571446,0.0002994175
16051,3517.0,train,0.0011428595,0.0003012673
9552,14853.0,train,0.0008571446,0.00027845963
20268,12381.0,train,0.0008571446,0.00029820923
5284,18980.0,train,0.00090476125,0.00029183333
6655,5575.0,train,0.00090476125,0.0002973962
24,9012.0,train,0.0008571446,0.00030358956
21252,19192.0,train,0.0008571446,0.00030017196
5836,16450.0,train,0.0008571446,0.00029674167
9660,21310.0,train,0.0011428569,0.00030079274
19469,12390.0,train,0.0008571446,0.00029732936
21298,17781.0,train,0.0008571446,0.00029925845
3648,12518.0,train,0.0011428595,0.00029939102
7147,9818.0,train,0.0008571744,0.0003069566
21693,10560.0,train,0.0011428557,0.00029827555
12503,12155.0,train,0.00090476125,0.0002971425
14739,2892.0,train,0.0010000002,0.00030369422
809,19396.0,train,0.0011428576,0.00030114874
470,4578.0,train,0.0008571446,0.0002993247
19089,10904.0,train,0.0011428557,0.00030184633
20531,10489.0,train,0.0008571446,0.0003035636
5882,8702.0,train,0.0008571446,0.00028674433
17354,10118.0,train,0.00090476125,0.00029807596
5379,18054.0,train,0.0008571744,0.0003152728
14543,3776.0,train,0.0008571453,0.00030063445
13690,14648.0,train,0.0011428595,0.00029823565
20747,12330.0,train,0.0008571744,0.0003032759
7042,765.0,train,0.0011428595,0.00029832876
9533,13545.0,train,0.0011428567,0.00029929818
9241,9939.0,train,0.0010000002,0.00029928493
8371,13326.0,train,0.00090476125,0.00029771627
7357,17930.0,train,0.0011428557,0.00030399454
21050,20595.0,train,0.0008571446,0.00030557005
19379,14916.0,train,0.00090476125,0.00029075716
3008,956.0,train,0.0008571446,0.0002951459
5535,13224.0,train,0.00090476125,0.00029483662
17975,2378.0,train,0.0008571446,0.0003037465
6123,11187.0,train,0.0008571446,0.00030239788
9113,16114.0,train,0.0009999871,0.00030521923
19303,10883.0,train,0.00085715204,0.00029767628
10782,7935.0,train,0.0008571744,0.0002992981
8398,593.0,train,0.0008571446,0.000294028
10988,6239.0,train,0.0008571446,0.00029969573
11952,11185.0,train,0.0008571446,0.00029920545
9600,20415.0,train,0.001000002,0.00029680858
12212,18145.0,train,0.0008571446,0.00029141147
10049,6563.0,train,0.000857234,0.00029907294
21244,14534.0,train,0.0008571744,0.00030226665
3616,12635.0,train,0.001000002,0.00030582963
18270,5741.0,train,0.0008571446,0.00029800934
11028,2272.0,train,0.0008571446,0.00030023814
5202,19285.0,train,0.00090476125,0.0002981558
20593,17068.0,train,0.0011428595,0.00030519327
19836,18424.0,train,0.0008571744,0.0002947423
13863,15705.0,train,0.0008571446,0.0002925125
15322,19404.0,train,0.0008571446,0.00029262097
10097,3422.0,train,0.0008571455,0.00028442382
16547,828.0,train,0.0008571446,0.00029990746
13064,9969.0,train,0.0008571446,0.0002980093
13320,12393.0,train,0.0008571446,0.00029784953
6149,9839.0,train,0.0008571744,0.00029905964
9354,14771.0,train,0.0008571446,0.00030139898
7056,9667.0,train,0.0008571483,0.00029969565
21504,9289.0,train,0.001000002,0.0002941493
11236,14113.0,train,0.000857234,0.00030212183
2295,20179.0,train,0.0009999871,0.00030640018
6591,3210.0,train,0.0008571446,0.0003004759
16809,4927.0,train,0.0008571446,0.0002977562
2944,13274.0,train,0.0008571744,0.000301241
12164,838.0,train,0.00090476125,0.00029814252
14290,514.0,train,0.0008571446,0.00029131625
20144,11096.0,train,0.001000002,0.00029774287
14262,6063.0,train,0.0008571446,0.00029888682
654,4285.0,train,0.0008571744,0.0003038641
20755,9193.0,train,0.001000002,0.00029374452
18191,13072.0,train,0.0010000002,0.0002978362
12467,2117.0,train,0.0008571446,0.00029642056
2070,3402.0,train,0.001000002,0.00028958108
7806,4335.0,train,0.0008571744,0.00029871427
11526,16290.0,train,0.001000002,0.00030026457
9452,12347.0,train,0.00090476125,0.00029448653
14126,628.0,train,0.0011428595,0.00029936442
9239,14000.0,train,0.00090476125,0.00029162937
909,3923.0,train,0.0008571446,0.00029795614
16327,11369.0,train,0.0008571446,0.0002947288
18092,17611.0,train,0.0008571446,0.00029552233
18335,6168.0,train,0.0008571446,0.00030370743
5285,20076.0,train,0.0008571744,0.0002946213
3647,16883.0,train,0.000857234,0.0003008587
10299,14070.0,train,0.0008571446,0.0002986877
13083,15231.0,train,0.0008571446,0.00029890024
17751,5812.0,train,0.0010000006,0.00029648753
13507,20123.0,train,0.000857234,0.00029362287
11543,8589.0,train,0.0011428576,0.00029383888
19883,14450.0,train,0.0011428572,0.00029016973
199,10746.0,train,0.0008571446,0.00029068888
12598,6776.0,train,0.0008571446,0.00028757344
937,4085.0,train,0.001000002,0.00029794278
7029,15602.0,train,0.0008571744,0.00029667479
9037,15770.0,train,0.00090476125,0.00029631337
3393,1838.0,train,0.0008571446,0.00029916558
265,706.0,train,0.0009999983,0.0002927024
20778,11004.0,train,0.0011428595,0.00029985452
11795,18430.0,train,0.0011428595,0.00030141228
16314,12823.0,train,0.0011428595,0.00030104324
10815,2029.0,train,0.0010000002,0.00029977516
14173,12300.0,train,0.0011428557,0.0002935145
4088,2303.0,train,0.0011428595,0.00030155698
8804,21579.0,train,0.0008571446,0.0003030271
16291,18871.0,train,0.0009999983,0.0002907298
4045,994.0,train,0.0011428557,0.00030671075
16767,2740.0,train,0.0008571446,0.00027942695
3171,5594.0,train,0.0009047687,0.00030178056
17771,14911.0,train,0.0008571446,0.0003076023
11750,11059.0,train,0.00090476125,0.00030275204
7763,19310.0,train,0.0008571744,0.00030508923
3828,4626.0,train,0.0008571446,0.00029150696
12810,21369.0,train,0.0008571446,0.00029771638
13965,5353.0,train,0.0008571446,0.00029830227
11465,21210.0,train,0.0011428576,0.00029775617
19819,9248.0,train,0.0010000002,0.00029792945
15112,7888.0,train,0.0011428595,0.0003021354
2470,1556.0,train,0.0008571446,0.00029506537
6019,4100.0,train,0.0008571446,0.00029970903
3860,8135.0,train,0.0011428595,0.00030097735
503,7535.0,train,0.001000002,0.00029905944
17330,18029.0,train,0.00090476125,0.00029712915
4911,14924.0,train,0.0011428576,0.00029847506
13701,3360.0,train,0.0011428595,0.0002998545
8338,3531.0,train,0.0008571446,0.00028794576
21703,14266.0,train,0.0008571744,0.00029903295
18719,16150.0,train,0.0008571744,0.00029425736
4915,19944.0,train,0.00090476125,0.00029433818
15842,8048.0,train,0.00090476125,0.00029883382
11184,17110.0,train,0.00090476125,0.0002884965
1144,6831.0,train,0.0009047687,0.00029655447
21138,11907.0,train,0.0008571446,0.00030269957
12293,6331.0,train,0.00090476125,0.00029955
14684,1241.0,train,0.0011428576,0.0002949443
19949,10838.0,train,0.0011428557,0.00029541485
16095,12749.0,train,0.0010000002,0.00029712913
7308,7943.0,train,0.0008571446,0.0003004495
19705,21001.0,train,0.0008571446,0.00030305338
15075,18314.0,train,0.0008571744,0.00029287863
2631,11919.0,train,0.0008571446,0.00030058148
5663,15365.0,train,0.0011428576,0.00029807602
21589,16381.0,train,0.0010000002,0.00029838196
19354,20726.0,train,0.0008571446,0.00029097538
21142,19140.0,train,0.001000002,0.00030129362
3840,6933.0,train,0.00090476125,0.00029634024
12777,3515.0,train,0.0008571446,0.0002964473
9685,20831.0,train,0.0008571446,0.0002982223
17385,18549.0,train,0.0011428576,0.00030608915
18035,3653.0,train,0.0009999946,0.00030658153
8832,13627.0,train,0.0008571446,0.0003038772
19110,17153.0,train,0.00085715204,0.00029298684
6063,3216.0,train,0.001000002,0.00029530734
13236,13718.0,train,0.00090476125,0.00029939107
4,17014.0,train,0.0011428588,0.0003006606
5025,14761.0,train,0.001000002,0.0003013989
18563,4937.0,train,0.0008571446,0.0002979161
6209,10248.0,train,0.0008571446,0.00027652908
21280,11877.0,train,0.0009999983,0.00029214597
1398,6858.0,train,0.0011428557,0.00030286997
18799,14601.0,train,0.0008571446,0.0002815068
20599,7978.0,train,0.001000002,0.0002974496
9101,516.0,train,0.0010000002,0.0003064777
20287,10503.0,train,0.00090476125,0.0003039555
5344,10605.0,train,0.0008571446,0.00029786286
12537,7030.0,train,0.0008571744,0.00030581688
20635,20896.0,train,0.00085714646,0.00028735257
14952,12407.0,train,0.00090476125,0.00029317653
14309,4848.0,train,0.0008571446,0.00028948518
16616,20506.0,train,0.0010000002,0.0002977562
15985,10701.0,train,0.0008571744,0.00030935174
4564,2483.0,train,0.0011428557,0.00029668814
14607,20958.0,train,0.0009999983,0.00030716325
9130,13696.0,train,0.0011428567,0.00030271267
12864,18302.0,train,0.0008571446,0.00029548196
14497,2994.0,train,0.0011428576,0.0002970891
12722,2818.0,train,0.0011428557,0.00030997966
2037,3782.0,train,0.0009999999,0.00030138573
19389,8879.0,train,0.0008571446,0.00029363635
21145,16753.0,train,0.0008571744,0.00030300094
3814,17119.0,train,0.0008571744,0.0003058038
17765,661.0,train,0.0008571446,0.00030446416
6446,19105.0,train,0.0008571446,0.00030096414
2675,4483.0,train,0.0008571446,0.00028776657
215,7949.0,train,0.0008571446,0.00030141213
20182,20212.0,train,0.0008571446,0.0002950115
12846,18162.0,train,0.0008571446,0.00029142524
12562,4922.0,train,0.00085715204,0.00030172803
20493,18488.0,train,0.0008571446,0.0002954015
8703,5641.0,train,0.0008571446,0.00029820905
9359,20330.0,train,0.0010000002,0.00029655435
14644,14078.0,train,0.00090476125,0.00030396864
15877,7530.0,train,0.0011428557,0.00030226665
20654,12515.0,train,0.0008571446,0.00028815243
17337,19085.0,train,0.0008571446,0.00028934795
17887,17968.0,train,0.00090476125,0.0002968486
19899,11093.0,train,0.0008571446,0.0002868965
8637,5921.0,train,0.0008571446,0.00028755952
19646,17943.0,train,0.0009047622,0.0003019908
15911,5895.0,train,0.0008573532,0.0003078987
2071,6300.0,train,0.00090476125,0.0003018858
15716,16106.0,train,0.0011428595,0.00029700896
16774,20321.0,train,0.0008571446,0.00028808348
19747,13812.0,train,0.0011428576,0.00030153058
21753,15188.0,train,0.0008571446,0.0002898275
2131,5241.0,train,0.0008571446,0.0003004757
2292,19916.0,train,0.0008571446,0.00031112964
19682,16375.0,train,0.0008571446,0.0002935689
20763,11231.0,train,0.0008571446,0.0002984086
1829,2887.0,train,0.0008571446,0.0002945269
3856,10667.0,train,0.000857146,0.00030515424
11950,21785.0,train,0.00090476125,0.00029944404
9004,2027.0,train,0.0008571483,0.00030445104
19921,21479.0,train,0.0008571446,0.00029528036
21324,20656.0,train,0.0010000002,0.00029511907
2842,2401.0,train,0.00090476125,0.00029548205
15836,13773.0,train,0.00090476125,0.00030015878
11136,3334.0,train,0.0008571446,0.0002943653
21090,20775.0,train,0.0008571446,0.00029455376
4271,7239.0,train,0.0008571446,0.00029344705
6695,1423.0,train,0.0008571446,0.00029545507
17965,2471.0,train,0.001000002,0.00030855555
21533,10108.0,train,0.0008571446,0.00030280437
9843,3121.0,train,0.0008571744,0.00029367683
7933,19805.0,train,0.0008571455,0.00029907285
11459,20099.0,train,0.00090476125,0.00030015878
4151,17307.0,train,0.0008571446,0.00029389316
2726,5643.0,train,0.00090476125,0.0003010432
16554,4172.0,train,0.0008571446,0.00030084542
15768,6200.0,train,0.0009999997,0.0003116267
21463,14927.0,train,0.0008571744,0.00029455379
5213,17026.0,train,0.0011428571,0.00028874393
11851,2888.0,train,0.0008571446,0.0003018463
1029,3999.0,train,0.0008571446,0.00028927944
2970,3975.0,train,0.0008571595,0.00030006634
11757,13814.0,train,0.0009999983,0.00029418987
5301,8793.0,train,0.001000002,0.00029229553
9305,8084.0,train,0.00085714506,0.00028153512
3099,522.0,train,0.0009999983,0.00029670156
1472,2907.0,train,0.00090476125,0.00029863452
17947,6699.0,train,0.0008571744,0.00028926565
6001,12976.0,train,0.0008571446,0.00029566998
15248,18239.0,train,0.0008571446,0.00029664792
4300,5817.0,train,0.0008571446,0.00030330205
1768,1834.0,train,0.0008571446,0.00029463464
21680,8518.0,train,0.0008571446,0.00029929823
5128,10050.0,train,0.0008571446,0.00029731612
8011,9620.0,train,0.0008571446,0.00030263406
20432,13826.0,train,0.0008571446,0.00028863407
11345,9088.0,train,0.0011428569,0.00029732945
14685,3002.0,train,0.00085715204,0.00030108276
9084,16674.0,train,0.0008571744,0.00029768964
18636,4663.0,train,0.0008571744,0.00030436
10513,7158.0,train,0.0008571446,0.00030239808
11849,1212.0,train,0.0008571446,0.0002967684
17010,18037.0,train,0.0008571446,0.0002974496
18313,11813.0,train,0.0008571744,0.00028813852
15252,14530.0,train,0.0011428571,0.00029435178
7823,10687.0,train,0.00090476125,0.0002968754
3478,9244.0,train,0.0008571446,0.0003030533
4824,15971.0,train,0.0009999946,0.00029566995
8379,6043.0,train,0.0009999997,0.00030227978
10870,11616.0,train,0.00090476125,0.0002910846
17405,16497.0,train,0.00090476125,0.00029267522
11227,19386.0,train,0.0008571446,0.00030101693
4190,11112.0,train,0.0008571744,0.00030263406
3661,21337.0,train,0.0008571446,0.00029676838
17442,12623.0,train,0.001000002,0.00031323973
8403,10928.0,train,0.0011428567,0.0002964607
3633,13212.0,train,0.0008571446,0.0003006606
20165,11897.0,train,0.0008571446,0.00029851496
3520,2441.0,train,0.0011428567,0.00028940276
2128,15681.0,train,0.0008571744,0.00029611262
10004,6310.0,train,0.00090476125,0.0002958577
2102,771.0,train,0.0011428595,0.00030322355
8594,3412.0,train,0.0008571446,0.00030355054
7559,15777.0,train,0.0011428568,0.00029640712
323,3825.0,train,0.0008571446,0.00030588167
2990,841.0,train,0.0008571446,0.000300608
15629,14654.0,train,0.0008571446,0.00029799607
13278,10912.0,train,0.0008571744,0.00029986785
1023,7089.0,train,0.0009047687,0.00030602425
583,18005.0,train,0.0008571446,0.0002969021
21155,15615.0,train,0.0011428567,0.00029723614
19904,20318.0,train,0.0008571446,0.0002853431
20693,12947.0,train,0.0008571455,0.00029410893
7957,6180.0,train,0.0011428578,0.00030330202
19628,12556.0,train,0.0008571446,0.00030478992
4965,5285.0,train,0.0010000005,0.00029931153
11003,15449.0,train,0.0008571446,0.00029526695
1087,5095.0,train,0.0011428595,0.0002905932
258,5750.0,train,0.0010000002,0.00030139895
5411,17054.0,train,0.0011428595,0.0002961795
20792,8117.0,train,0.0011428595,0.00029556255
5388,21314.0,train,0.0008571446,0.00029728943
13713,3578.0,train,0.0008571446,0.00030289622
18551,15653.0,train,0.0008571446,0.00030005298
1044,1916.0,train,0.0008571744,0.0002971291
924,2610.0,train,0.0008571744,0.0002979161
18177,4414.0,train,0.0008571446,0.00030592046
6261,14798.0,train,0.0011428595,0.00030251622
18746,14730.0,train,0.0008571744,0.0003079888
8190,21425.0,train,0.00090476125,0.00029924515
1527,1774.0,train,0.00090476125,0.00030331523
3077,7605.0,train,0.0011428567,0.00030553108
13226,9563.0,train,0.00085714646,0.0002976762
11186,15198.0,train,0.0008571446,0.0002984618
8717,11521.0,train,0.0008571446,0.00030682713
9971,19991.0,train,0.0011428595,0.00028882647
5939,7855.0,train,0.00090476125,0.00029429776
3316,21064.0,train,0.001000003,0.00029418984
3981,7873.0,train,0.0008571446,0.00029684868
17550,2160.0,train,0.001000002,0.00029387945
6840,14729.0,train,0.0011428567,0.0003006475
17029,21468.0,train,0.0008571446,0.00029391987
12207,13879.0,train,0.0011428575,0.000295898
7248,18966.0,train,0.0009047538,0.00029521322
10938,13844.0,train,0.0011428557,0.0003042685
8183,9505.0,train,0.0008571446,0.0002979828
5286,12712.0,train,0.0008571744,0.00030369448
13009,17433.0,train,0.0011428576,0.00030220105
7940,2567.0,train,0.00090476125,0.00030180684
21230,18816.0,train,0.0011428576,0.00029806257
3929,12365.0,train,0.0011428595,0.00030958257
1114,14091.0,train,0.0011428576,0.00029880734
17036,17596.0,train,0.0010000002,0.00030310563
14545,1447.0,train,0.0011428595,0.00030088506
8847,9429.0,train,0.001142852,0.00030279142
4480,2645.0,train,0.0011428567,0.00030413823
3084,8231.0,train,0.0008571446,0.00029186055
15107,2166.0,train,0.0010000002,0.00029502506
18735,8742.0,train,0.0008571446,0.0003044122
19813,9524.0,train,0.0008571483,0.0003029355
5820,8663.0,train,0.0008571744,0.00030210908
14886,5752.0,train,0.0011428595,0.00030520628
5046,12700.0,train,0.0008571446,0.0002901971
9218,9040.0,train,0.0011428595,0.00029836866
7078,13230.0,train,0.0008571446,0.0002967684
19403,9525.0,train,0.001,0.0003067496
19453,17285.0,train,0.0008571446,0.0002962598
20629,14330.0,train,0.001142852,0.00029770288
7368,13424.0,train,0.0011428595,0.00029850163
9224,15544.0,train,0.0008571446,0.00030031742
1137,2978.0,train,0.001000002,0.00029588456
11122,5011.0,train,0.0011428576,0.0002973162
1558,3411.0,train,0.0011428576,0.00030458148
17016,8792.0,train,0.0009999964,0.00030408602
3113,925.0,train,0.0008571744,0.00030512814
6413,4506.0,train,0.001142852,0.0003028307
6127,2338.0,train,0.0008571446,0.0003002777
20807,19119.0,train,0.0008571446,0.0003006476
8115,1135.0,train,0.001000002,0.00030155684
20866,21789.0,train,0.0008571446,0.0003025029
371,19098.0,train,0.0008571744,0.0003052452
18388,10981.0,train,0.0008571446,0.0003025422
4584,5315.0,train,0.00090476125,0.000296032
4189,8423.0,train,0.0009999983,0.00029774295
17903,14110.0,train,0.0008571446,0.00029678174
2657,1682.0,train,0.0008571446,0.00030349827
10853,10003.0,train,0.0008571446,0.00030281756
6349,12698.0,train,0.00090476125,0.00029410902
11000,17732.0,train,0.0011428567,0.00030266022
2908,13315.0,train,0.0008571744,0.0002980493
14450,16123.0,train,0.0011428576,0.00030162273
20230,12676.0,train,0.0011428557,0.00029425725
914,1575.0,train,0.0008571446,0.00029537437
1653,1930.0,train,0.0008571446,0.00029497125
9172,15847.0,train,0.0011428576,0.00030013232
679,1918.0,train,0.0011428576,0.00030521935
58,19424.0,train,0.0008571446,0.00030682716
738,3827.0,train,0.0008571744,0.00030627058
21,17102.0,train,0.0008571446,0.00029892684
14530,1710.0,train,0.00090476125,0.00029758303
8359,16251.0,train,0.001000002,0.00030685295
7364,12649.0,train,0.0008571446,0.0003010036
550,9027.0,train,0.0008571446,0.00029181983
261,3810.0,train,0.001000002,0.00029617955
5295,15922.0,train,0.0008571446,0.00029070253
10066,3756.0,train,0.0008571446,0.00029279728
2351,21390.0,train,0.0008571446,0.00029984134
12635,20996.0,train,0.0008571744,0.00029603214
853,3750.0,train,0.0008571446,0.00030606324
6790,735.0,train,0.0008571446,0.0002923496
4904,8551.0,train,0.00090476125,0.0002952267
16558,5852.0,train,0.0009999983,0.00029290558
10854,9556.0,train,0.0009047687,0.00029245808
18090,10996.0,train,0.0008571446,0.00030134618
1227,1956.0,train,0.0011428576,0.0003039163
16626,901.0,train,0.0008571744,0.00029854153
21549,17887.0,train,0.0008571446,0.0002992983
2271,6539.0,train,0.001000002,0.0003041121
15561,16759.0,train,0.0011428595,0.0003067883
20145,13064.0,train,0.0009999983,0.0002908527
13115,5677.0,train,0.0008571744,0.00030241118
5493,9701.0,train,0.001000002,0.00029937783
11106,16947.0,train,0.001142857,0.00030460756
7617,11705.0,train,0.0008571446,0.0002874769
14432,6834.0,train,0.0010000002,0.00030301404
17911,11697.0,train,0.00090476125,0.00030417732
10171,7830.0,train,0.0008571446,0.00030051544
15133,9483.0,train,0.0008571446,0.0002993512
7927,2149.0,train,0.0008571446,0.00029880722
21200,10350.0,train,0.00090476125,0.0003018857
19918,18300.0,train,0.0008571744,0.00029899317
17802,7292.0,train,0.0008571744,0.00030292245
5633,13928.0,train,0.001000002,0.00029037477
313,1110.0,train,0.0011428576,0.0002963269
6677,13517.0,train,0.0011428595,0.00029511904
2597,9725.0,train,0.0010000002,0.00030017196
5315,9350.0,train,0.0008571446,0.00029897984
20119,21671.0,train,0.001000002,0.00028678583
16822,3563.0,train,0.0008571744,0.00030430785
8045,5496.0,train,0.0008571446,0.00028786313
4084,3350.0,train,0.00090476125,0.00030225358
7260,14114.0,train,0.0008571446,0.00029994722
14417,10177.0,train,0.0008571446,0.00030633534
13435,17936.0,train,0.0008571744,0.00030187258
10667,7847.0,train,0.0011428446,0.00029101636
2918,8810.0,train,0.0008571446,0.00030184636
16855,1455.0,train,0.0009999946,0.00028650893
21115,19595.0,train,0.0008571446,0.00029298695
11725,15092.0,train,0.00090476125,0.0002964205
1765,3754.0,train,0.0010000002,0.00029459424
4955,4212.0,train,0.0008571446,0.0002968753
10014,6157.0,train,0.00090476125,0.00028982764
18088,564.0,train,0.0008571446,0.00030567392
18412,13289.0,train,0.0008571446,0.00029359577
17246,14075.0,train,0.0009999983,0.00030009265
16759,14629.0,train,0.0008571744,0.0002991523
8345,20689.0,train,0.0008571446,0.0002916974
15219,13599.0,train,0.0008571446,0.00029160222
16277,6467.0,train,0.0008571446,0.00029958968
10227,18936.0,train,0.0010000002,0.00030767955
17730,5220.0,train,0.0011428595,0.00029540135
20007,10972.0,train,0.0010000002,0.0002944999
6922,19144.0,train,0.00090476125,0.00029863458
21216,14301.0,train,0.0008571446,0.00029835527
7090,6872.0,train,0.0009047389,0.00030054178
11195,18434.0,train,0.0011428576,0.0003051412
1327,1835.0,train,0.0008571446,0.00028879903
468,4519.0,train,0.0008571446,0.00029779627
13228,15208.0,train,0.0008571446,0.00029754304
4259,18073.0,train,0.0008571446,0.00030089822
12725,11478.0,train,0.0008571446,0.00028652273
6449,10311.0,train,0.0008571446,0.0003053622
14321,5396.0,train,0.001142852,0.00030568702
7773,11840.0,train,0.0008571446,0.00029748958
15651,10976.0,train,0.0008571446,0.00029075725
5592,17714.0,train,0.0011428446,0.00030149106
5509,16993.0,train,0.0011428595,0.00029660788
4284,6524.0,train,0.0011428565,0.00030306654
5082,10422.0,train,0.00090476125,0.00029526695
1808,2795.0,train,0.0008571744,0.00030189895
12590,5587.0,train,0.0009999983,0.00030396853
18536,9400.0,train,0.0008571446,0.00030063436
15326,21578.0,train,0.00090476125,0.00030685306
12325,7709.0,train,0.0008571446,0.00029146604
1064,1524.0,train,0.0011428557,0.0002998678
14975,796.0,train,0.0008571446,0.00029784953
21829,14508.0,train,0.00090476125,0.00029154765
18424,20108.0,train,0.0008571446,0.00030083233
13942,7538.0,train,0.0008571446,0.00029201014
15372,11773.0,train,0.0010000002,0.00030037021
3410,4739.0,train,0.0008571446,0.00029560283
1613,4468.0,train,0.001000002,0.00029986782
6022,5592.0,train,0.0010000002,0.0002968083
3504,4819.0,train,0.0008571446,0.0002974762
13110,7250.0,train,0.0008571446,0.0003078085
670,7637.0,train,0.0011428595,0.00029538793
11563,15312.0,train,0.0009999983,0.00028692413
10635,16577.0,train,0.0009999983,0.00028953984
3458,7233.0,train,0.001000002,0.00029990755
15346,19694.0,train,0.0008571446,0.00029538793
540,8144.0,train,0.0008571446,0.00029839526
7247,9693.0,train,0.000857234,0.00030702134
8485,5019.0,train,0.0010000006,0.00030769248
1682,2330.0,train,0.0008571446,0.00029048402
4085,440.0,train,0.0011428576,0.00030095107
8553,6315.0,train,0.00090476125,0.0002923632
1245,14973.0,train,0.0008571446,0.00029262097
2600,13345.0,train,0.00085714646,0.0002980626
6663,6934.0,train,0.0009999983,0.00030121455
8587,14990.0,train,0.0011428557,0.00029684862
9829,2989.0,train,0.0010000002,0.00029851496
3074,1005.0,train,0.0010000169,0.00029104375
8234,3381.0,train,0.0011428576,0.00028733874
8214,14198.0,train,0.0008571446,0.0002941226
2847,15204.0,train,0.0008571744,0.00029977522
4795,8669.0,train,0.0009047631,0.0003003702
10285,1004.0,train,0.0009999983,0.00030491996
14175,8413.0,train,0.0008571446,0.0002924853
17740,5791.0,train,0.0008571744,0.00030369437
3735,19392.0,train,0.0008571446,0.00030064757
15173,8786.0,train,0.0008571446,0.00030549205
4527,6050.0,train,0.001000002,0.00029517306
13346,12557.0,train,0.00090476125,0.00030455552
19830,14946.0,train,0.0008571446,0.00030005295
17478,18086.0,train,0.0009999871,0.0003015306
5532,10973.0,train,0.0008571446,0.00030187255
5243,12088.0,train,0.0008571744,0.0003059595
6544,19293.0,train,0.0008571446,0.00029613925
6907,21212.0,train,0.0011428557,0.00030378578
17004,14591.0,train,0.00090476125,0.00030662006
9581,18949.0,train,0.0011428557,0.00029427072
6754,11513.0,train,0.0008571446,0.00030310568
585,5606.0,train,0.0008571446,0.00029408198
3187,1309.0,train,0.0011428576,0.00030018526
15161,8312.0,train,0.00090476125,0.0002958311
13022,8300.0,train,0.0011428576,0.00029759627
12878,11893.0,train,0.0011428595,0.00030941583
15345,9131.0,train,0.0010000002,0.0003002513
14735,19295.0,train,0.0008571446,0.00029536104
18419,20706.0,train,0.0008571595,0.00029226815
13632,21659.0,train,0.0009999997,0.00029509215
6940,3134.0,train,0.0008571446,0.00027316494
5872,2232.0,train,0.0008571446,0.00030625754
4599,11245.0,train,0.000857234,0.0003014516
4740,14586.0,train,0.00090476125,0.00029992044
17235,13126.0,train,0.0008571474,0.00029718276
3123,2527.0,train,0.0008571744,0.0002949577
15223,8085.0,train,0.0008571446,0.00027320857
17476,11191.0,train,0.00090476125,0.00029760966
19401,16248.0,train,0.0008571446,0.00029952356
7557,21511.0,train,0.0008571446,0.00029800943
15058,3055.0,train,0.0008571446,0.00030273895
12387,8735.0,train,0.0008571446,0.00030357655
16037,1581.0,train,0.0008571483,0.00030693068
12651,6991.0,train,0.00090476125,0.00029778294
12743,21727.0,train,0.0011428576,0.00030520634
724,17445.0,train,0.0008571744,0.00030472473
9604,14719.0,train,0.0008571744,0.00030921062
2156,11799.0,train,0.0008571744,0.00029358227
3707,18968.0,train,0.0008571446,0.00030183318
17574,11902.0,train,0.0008571446,0.00029984137
1521,6570.0,train,0.001000002,0.00029285144
5323,17378.0,train,0.0011428613,0.0003100562
11118,16965.0,train,0.0008571446,0.00030092456
8384,1658.0,train,0.0008571446,0.00030063436
11120,5623.0,train,0.0008571446,0.00030056832
16938,5445.0,train,0.0008571446,0.00030306657
12757,5929.0,train,0.0009047687,0.00029569684
8375,13203.0,train,0.0009999983,0.0002999208
5078,4858.0,train,0.0009999983,0.00029588456
20512,10346.0,train,0.0008571539,0.00029374452
16229,1356.0,train,0.0008571446,0.00029502495
13149,15001.0,train,0.0008571446,0.00029489052
20896,18892.0,train,0.0008571446,0.00030150425
338,7479.0,train,0.00090476125,0.0002969021
16009,14814.0,train,0.0008571446,0.00029498467
17544,1946.0,train,0.0011428557,0.00029595164
14316,621.0,train,0.001000002,0.00030503733
5409,18772.0,train,0.001000002,0.00029842186
14540,7274.0,train,0.0008571446,0.00029804933
2276,7835.0,train,0.0008571446,0.00029487695
12735,3740.0,train,0.0008571744,0.00030292248
4356,7029.0,train,0.0011428576,0.00029597836
18456,21073.0,train,0.0011428576,0.0003008718
1118,19269.0,train,0.001000002,0.00029814255
6986,10602.0,train,0.0008571455,0.00029756964
15110,4811.0,train,0.0008571446,0.0003021748
12436,3404.0,train,0.0009999983,0.00028846902
14049,7401.0,train,0.0008571744,0.0002969287
6476,7915.0,train,0.0011428595,0.0002998546
17435,9519.0,train,0.0008571446,0.0003007531
7446,19754.0,train,0.0008571446,0.00029836857
1274,15458.0,train,0.0010000002,0.00030101696
4746,17299.0,train,0.0008571446,0.0002965677
1376,3698.0,train,0.00090476125,0.00029760957
16326,19106.0,train,0.0009999983,0.00030116184
11733,4029.0,train,0.001000002,0.000299616
1000,4008.0,train,0.0008571446,0.0003107851
19557,9228.0,train,0.0008571446,0.00029019717
20310,20580.0,train,0.0008571446,0.00029631332
6423,5655.0,train,0.0008571446,0.00030375965
4524,4068.0,train,0.001000002,0.00028789064
17184,17538.0,train,0.00090476125,0.00029006027
10558,9453.0,train,0.0008571744,0.0002949442
7587,9157.0,train,0.0008571744,0.00029732956
703,4900.0,train,0.0008571446,0.00030171493
9433,17148.0,train,0.0008571446,0.0002989533
4062,13185.0,train,0.0008571595,0.00030269971
19729,11300.0,train,0.001000002,0.00030658132
20510,15421.0,train,0.0008571446,0.0002997486
11540,13247.0,train,0.0008571744,0.00029740957
18682,7955.0,train,0.0008571446,0.00030168847
10738,4497.0,train,0.0011428557,0.00029635336
19618,18906.0,train,0.0008571446,0.00029927172
14669,4301.0,train,0.0008571446,0.00030603723
12636,12447.0,train,0.0011428557,0.00029609914
10769,4112.0,train,0.0011428595,0.00029565644
827,2123.0,train,0.0008571446,0.00030311884
4860,10539.0,train,0.0010000002,0.00029351472
21429,11220.0,train,0.0008571446,0.00029695552
13183,16056.0,train,0.0008571446,0.000298382
4920,13745.0,train,0.0011428595,0.0002994706
13548,11979.0,train,0.00090476125,0.0003004496
18966,20500.0,train,0.0008571446,0.00029335235
21519,20230.0,train,0.0008571744,0.00029758277
9884,17789.0,train,0.0011428567,0.00029720934
11246,11229.0,train,0.0008571446,0.00029808926
18553,19198.0,train,0.0011428557,0.00029347403
905,18362.0,train,0.00090476125,0.00030766663
7163,16797.0,train,0.0011428567,0.00030409906
19229,14281.0,train,0.0008571446,0.00029306812
18067,6123.0,train,0.0010000002,0.00028731106
7171,13561.0,train,0.0008571446,0.00029842198
20916,8502.0,train,0.0010000009,0.00030542724
18205,2814.0,train,0.0008571446,0.0003076023
4178,9403.0,train,0.001000002,0.00030632238
2105,19033.0,train,0.0011428557,0.00029471552
20886,13303.0,train,0.0008571446,0.0002935822
3738,10113.0,train,0.0010000002,0.00030879962
14280,14824.0,train,0.00090476125,0.00030106958
12882,2741.0,train,0.0008571446,0.00028938928
13199,21662.0,train,0.001000002,0.00030283062
9792,2451.0,train,0.0008571446,0.00029654088
21190,9462.0,train,0.0008571455,0.00029580414
4419,3078.0,train,0.00090476125,0.0002952401
6915,3662.0,train,0.0010000002,0.0002932306
17972,4630.0,train,0.0008571744,0.00029452698
18227,10083.0,train,0.00090476125,0.00029087983
18917,18483.0,train,0.0008571446,0.00029374438
6420,15190.0,train,0.0008571455,0.0003028831
20218,8652.0,train,0.0008571744,0.00029433827
12652,4548.0,train,0.0008571446,0.00029277007
4292,3761.0,train,0.0008571446,0.0002962063
10000,6998.0,train,0.00090476125,0.00030391628
426,2677.0,train,0.001000002,0.00030863262
21025,8163.0,train,0.00090476125,0.0003050892
16387,1208.0,train,0.0008571446,0.00030438605
10357,2842.0,train,0.0011428567,0.00030184622
14966,14556.0,train,0.0008571595,0.0003077184
19435,8435.0,train,0.0008571446,0.0003002381
14158,9499.0,train,0.0008571446,0.000298422
15286,13505.0,train,0.00090476125,0.00029648744
14911,9685.0,train,0.0008571446,0.00030256854
13186,18592.0,train,0.0008571744,0.0003030663
19158,13330.0,train,0.0008571446,0.00029596503
3339,2782.0,train,0.0008571744,0.00028703487
15338,8095.0,train,0.0008571446,0.0002934876
11651,8923.0,train,0.000857146,0.00029887367
16853,9770.0,train,0.0008571446,0.0002995236
8003,13228.0,train,0.0008571744,0.0003023587
17599,12627.0,train,0.0008571446,0.00030305336
1431,18803.0,train,0.0009999983,0.000300608
6880,5012.0,train,0.00090476125,0.00029771632
944,900.0,train,0.0011428595,0.0003016095
6685,8384.0,train,0.001000002,0.00029374447
7900,606.0,train,0.0011428595,0.0002939875
12287,2676.0,train,0.0008571446,0.00029550883
14373,11549.0,train,1.2281904,0.029322276
13813,1162.0,train,0.0008571744,0.0003048161
17075,13045.0,train,0.0008571744,0.00030594663
19905,11526.0,train,0.0010000002,0.00030221415
11744,6598.0,train,0.0008571446,0.00028866154
14959,5167.0,train,0.0008571744,0.0002991921
4941,3573.0,train,0.0011428576,0.0002941899
8560,4812.0,train,0.0008571446,0.00029198301
19246,11006.0,train,0.0008571446,0.00029956325
7282,15222.0,train,0.0009999998,0.00030417746
20474,16265.0,train,0.0008571446,0.00030096414
720,5912.0,train,0.0010000002,0.00029676838
7203,11422.0,train,0.0010000002,0.00029514587
3564,18103.0,train,0.0008571744,0.0003017806
14289,4636.0,train,0.0008571446,0.0003063742
19273,21788.0,train,0.0011428576,0.00030203033
8131,719.0,train,0.0009047687,0.0002953611
21740,18998.0,train,0.0011428576,0.00029858146
4649,12662.0,train,0.0008571446,0.00029683515
11857,12066.0,train,0.00090476125,0.00029814246
11863,19003.0,train,0.0011428557,0.00029920536
207,17633.0,train,0.0011428557,0.00029599183
10727,14552.0,train,0.0009047687,0.0002931765
4969,1878.0,train,0.00090476125,0.00029762293
16128,9768.0,train,0.0008571446,0.00029687549
17882,15562.0,train,0.0008571446,0.00030009286
455,13346.0,train,0.0011428557,0.0003051806
10613,5737.0,train,0.00090476125,0.0002956699
15371,20636.0,train,0.0011428567,0.00029807596
5225,19181.0,train,0.0011428557,0.0002861764
19128,20420.0,train,0.0008571744,0.00028870272
1642,4640.0,train,0.0008571595,0.0003099667
15644,16074.0,train,0.00090476125,0.00030946705
8290,1660.0,train,0.000857234,0.00028970448
3076,5328.0,train,0.0008571744,0.00030026457
8266,4933.0,train,0.0008571744,0.0002949845
14756,15870.0,train,0.0008571446,0.00029812913
4374,20213.0,train,0.0011428557,0.00029883382
10823,3347.0,train,0.0009999871,0.0002932711
21337,16094.0,train,0.0008571446,0.00029977513
3193,2122.0,train,0.00085714646,0.00030390333
9177,19383.0,train,0.0011428557,0.00029999999
1851,7287.0,train,0.0009047687,0.0002953343
6623,20700.0,train,0.0008571446,0.00029317645
8650,13099.0,train,0.001000002,0.00029771615
822,6708.0,train,0.0008571446,0.0002963535
9623,18907.0,train,0.0008571446,0.00029985458
957,1613.0,train,0.0011428595,0.00029463466
20821,14637.0,train,0.00090476125,0.00030158315
21294,16539.0,train,0.0011428595,0.0002996031
6501,4702.0,train,0.0008571455,0.00029780963
7712,20328.0,train,0.0011428576,0.0003005816
20634,15688.0,train,0.0011428576,0.00031027387
14046,822.0,train,0.0008571446,0.000297196
6510,2209.0,train,0.0008571446,0.00029826234
13801,12736.0,train,0.0011428576,0.00030227983
19514,15471.0,train,0.0008571446,0.00030063442
11092,14985.0,train,0.0011428595,0.00029478272
9524,11233.0,train,0.00090476125,0.0002923089
14587,9774.0,train,0.0008571446,0.00030322347
11594,18016.0,train,0.0010000002,0.00029863455
12970,14779.0,train,0.0008571744,0.00030420333
7576,19058.0,train,0.001000002,0.00029944396
5294,8848.0,train,0.0008571446,0.0002956699
1634,6549.0,train,0.0009999983,0.0002948097
21741,20088.0,train,0.00090476125,0.00029253968
17822,1505.0,train,0.0008571446,0.00029858138
18958,11129.0,train,0.0011428585,0.0002883314
13304,14564.0,train,0.0008571446,0.00029941753
3408,1640.0,train,0.0010000002,0.0003001059
4282,7927.0,train,0.0011428565,0.00030432083
7013,17831.0,train,0.00090476125,0.000290648
4494,17130.0,train,0.0011428576,0.00029784962
18381,1438.0,train,0.0008571446,0.00030515427
21041,9785.0,train,0.001000002,0.00029783617
20728,14303.0,train,0.0009047622,0.00029951023
16621,9024.0,train,0.0009999983,0.00029132984
15589,10313.0,train,0.0011428297,0.00030224034
4474,2591.0,train,0.001142852,0.00029057972
12665,6905.0,train,0.0008571446,0.00029329833
16068,5075.0,train,0.0008571446,0.0003072408
20009,8966.0,train,0.0011428576,0.00030068718
4723,2786.0,train,0.00090476125,0.00029678183
17597,15150.0,train,0.00090476125,0.00029839537
17190,11606.0,train,0.00090476125,0.00030037021
14945,435.0,train,0.0008571446,0.00029927172
21167,16907.0,train,0.000857234,0.0002934732
647,15636.0,train,0.0011428557,0.00030268653
20440,16209.0,train,0.0008571446,0.00029588456
13210,11821.0,train,0.0010000004,0.00030106955
14784,10249.0,train,0.00090476125,0.00030322347
2310,1712.0,train,0.0008571446,0.00030537523
12930,7695.0,train,0.00085715204,0.00030033066
19499,14709.0,train,0.0008571446,0.00028609316
9057,7336.0,train,0.0008571446,0.00028915593
5272,11622.0,train,0.0008571744,0.000294904
15265,20343.0,train,0.0009047687,0.00029599183
11806,10232.0,train,0.00090476125,0.0002922546
5024,20397.0,train,0.0008571446,0.0002963402
15142,16515.0,train,0.0008571744,0.0002994838
16770,14182.0,train,0.0008571446,0.00029774287
18491,11808.0,train,0.0011428595,0.00029502492
21479,11954.0,train,0.0008571744,0.00030896667
6604,5063.0,train,0.0008571483,0.00029452695
11682,17827.0,train,0.0008571446,0.00030434685
2790,5797.0,train,0.00090476125,0.0003019646
10819,6158.0,train,0.00090476125,0.00029177894
8093,3389.0,train,0.001000002,0.0003009114
18505,18410.0,train,0.0008571446,0.00029779624
13742,21279.0,train,0.0011428595,0.00029990752
862,10798.0,train,0.001000002,0.0002991921
18591,11963.0,train,0.0011428595,0.0003055441
3126,1026.0,train,0.0008571446,0.0003017279
1434,11999.0,train,0.00090476125,0.00029738288
15072,10351.0,train,0.0011428595,0.00030226662
1161,2136.0,train,0.0008571446,0.0002934335
1777,5430.0,train,0.0008571446,0.00029603194
3328,5320.0,train,0.001000002,0.00029122084
7199,19878.0,train,0.00090476125,0.00030013232
5796,18568.0,train,0.0008571446,0.00030362906
8994,13002.0,train,0.0010000002,0.00029636704
20333,9130.0,train,0.001000002,0.0002922138
16929,12461.0,train,0.0008571446,0.00030110913
8693,7901.0,train,0.0009999983,0.00029260738
5903,8148.0,train,0.001000002,0.00029939107
20917,19711.0,train,0.0008571446,0.00030027775
6504,4317.0,train,0.0008571446,0.0002952536
6491,4422.0,train,0.0011428595,0.00030429446
19337,18247.0,train,0.0008571446,0.00030447738
21585,11901.0,train,0.0008571446,0.00029471546
2036,3309.0,train,0.0011428564,0.00030166228
16286,10874.0,train,0.0008571446,0.00029819572
6316,1769.0,train,0.0011428595,0.00029253965
20441,11506.0,train,0.0009999946,0.0003012146
10611,16519.0,train,0.0009047985,0.00028587112
8043,2312.0,train,0.0008571446,0.00030298784
7727,14557.0,train,0.0008571446,0.00029018344
14904,3249.0,train,0.0008571446,0.0002945807
12470,11604.0,train,0.0008571488,0.00029811598
17668,7638.0,train,0.0008571446,0.00029325762
6173,4318.0,train,0.0011428557,0.00030382496
8611,4229.0,train,0.0008571446,0.0003041513
21377,18433.0,train,0.0008571446,0.000297996
9454,18273.0,train,0.0008571446,0.00028464696
9259,20794.0,train,0.0008571446,0.00028278664
9798,12351.0,train,0.001000002,0.00029924515
21412,21492.0,train,0.0010000002,0.00029816912
14252,6127.0,train,0.00090476125,0.0002948905
13047,9370.0,train,0.0008571446,0.000299603
6373,4765.0,train,0.0008571744,0.0003001588
450,19497.0,train,0.0008571446,0.00030667207
20789,8272.0,train,0.013285713,0.0004514879
15739,10580.0,train,0.0009047622,0.00029980158
15052,533.0,train,0.0011428595,0.00030097732
4817,16901.0,train,0.0008571744,0.00029969576
2564,16701.0,train,0.0008571446,0.0002959248
2994,450.0,train,0.00090476125,0.00030106964
567,2536.0,train,0.0008571744,0.0002983155
21607,18777.0,train,0.0008571446,0.00029027907
13681,14102.0,train,0.0008571446,0.00030010592
1893,9126.0,train,0.0008571446,0.00030725365
19671,18982.0,train,0.0008571744,0.00029532082
19767,10719.0,train,0.0008571744,0.0002980095
10584,1765.0,train,0.0008571744,0.00030077953
7869,16995.0,train,0.0008571446,0.00030405994
1951,2561.0,train,0.0011428595,0.00030712463
15443,16052.0,train,0.00090476125,0.00029066164
1360,8726.0,train,0.0008571446,0.0003019383
20961,11178.0,train,0.00090476125,0.0003013068
12950,6642.0,train,0.0011428595,0.00030445118
8649,14288.0,train,0.0008571446,0.00029458074
20307,14736.0,train,0.0008571446,0.00029387945
18138,10903.0,train,0.0008571446,0.00030323662
12302,4661.0,train,0.0008571446,0.00030263403
3631,19031.0,train,0.0011428557,0.0003068919
6269,9998.0,train,0.0008571446,0.0002919558
2588,10824.0,train,0.0008571446,0.00030696945
9996,7586.0,train,0.0011428595,0.00029843513
9367,19362.0,train,0.0008571474,0.0002983953
20895,14082.0,train,0.0008571744,0.000300819
19774,19566.0,train,0.0008571446,0.00030564793
20212,19231.0,train,0.0008571446,0.00029716923
457,16773.0,train,0.00085714646,0.00030339364
12434,3425.0,train,0.0008571446,0.0002904431
2515,6749.0,train,0.00090476125,0.0003022404
15430,12290.0,train,0.0008571446,0.00029406842
19016,10332.0,train,0.00090476125,0.00029410893
21640,18164.0,train,0.0008571446,0.00029746286
54,16751.0,train,0.00090476125,0.00029896665
13821,4088.0,train,0.0008571446,0.0003118176
2175,4697.0,train,0.0011428557,0.0002937443
20428,10477.0,train,0.0010000002,0.00029117995
3549,15129.0,train,0.00090476125,0.000298249
10010,3320.0,train,0.0008571446,0.00030035718
21536,12186.0,train,0.0008571446,0.00031047838
21816,15103.0,train,0.0009999983,0.0003018725
14858,16607.0,train,0.0008571446,0.000298515
20554,15346.0,train,0.0008571446,0.00030381186
19900,19307.0,train,0.001000002,0.00030462065
2522,980.0,train,0.001000002,0.0002981558
19045,15792.0,train,0.0008571446,0.0002948366
20942,17890.0,train,0.0010000002,0.00029511921
16851,11497.0,train,0.0008571446,0.0002975696
8988,14013.0,train,0.00090476125,0.00029432474
541,11595.0,train,0.0011428557,0.00030197782
21322,15068.0,train,0.0008571446,0.00029194215
10499,4404.0,train,0.0011428595,0.00029234964
21801,17252.0,train,0.00090476125,0.00029232242
18868,12023.0,train,0.0009999983,0.00030387714
18962,8865.0,train,0.0008571483,0.00029386597
6114,16337.0,train,0.0008571446,0.0002964473
6041,8584.0,train,0.0011428595,0.00029561628
20639,20460.0,train,0.0008571446,0.0002964607
4879,11402.0,train,0.0008571446,0.000293893
3379,3938.0,train,0.0011428595,0.00029791615
12205,13538.0,train,0.0008571446,0.0003023717
15643,18474.0,train,0.001142852,0.0003056481
20282,19581.0,train,0.0008571446,0.00029552224
8578,16892.0,train,0.001000002,0.000299656
13511,21075.0,train,0.0010000002,0.0003084139
18481,19787.0,train,0.0008571446,0.00029989425
1372,3675.0,train,0.00090476125,0.00029260747
16962,6958.0,train,0.0008571446,0.0002916021
20146,19185.0,train,0.0008571446,0.000294877
6090,17868.0,train,0.0011428557,0.00030485497
18674,17157.0,train,0.0009999999,0.0003023586
3887,9379.0,train,0.0008571744,0.00029941773
11674,8818.0,train,0.0008571467,0.0002952401
7485,19885.0,train,0.0008571446,0.0003001062
19,11116.0,train,0.0011428595,0.00030315813
17222,20532.0,train,0.0008571446,0.00030419044
13734,15840.0,train,0.0008571446,0.00029402794
19527,12026.0,train,0.0008571446,0.0002956162
6713,4756.0,train,0.00090476125,0.00029651428
19851,10242.0,train,0.0008571446,0.0002963402
15214,12044.0,train,0.0008571446,0.00029437867
13326,20688.0,train,0.0008571446,0.00029716932
20574,11175.0,train,0.0011428557,0.00029631343
4906,17250.0,train,0.0008571446,0.00029820905
21660,12160.0,train,0.0008571744,0.00029271597
781,14656.0,train,0.00090476125,0.0002887714
12630,2470.0,train,0.0009999999,0.00029474232
12109,7208.0,train,0.00090476125,0.0003058946
2,13243.0,train,0.0008571446,0.00030326284
9199,18069.0,train,0.0008571446,0.00030416448
11531,16286.0,train,0.0008571446,0.00029956325
4156,20298.0,train,0.0008571446,0.00030072674
1865,19716.0,train,0.0008571595,0.00029373093
4173,11103.0,train,0.0011428557,0.0003083367
20571,10714.0,train,0.0008571446,0.0002980892
2709,16341.0,train,0.0011428595,0.00030775683
11194,14390.0,train,0.0008571744,0.0003077183
7575,8450.0,train,0.0009999996,0.00029888682
12418,10442.0,train,0.0008571744,0.00030441215
4610,6853.0,train,0.0008571744,0.00030124094
20627,15479.0,train,0.00090476125,0.0002987541
14918,21139.0,train,0.0010000002,0.00028115415
18355,18614.0,train,0.0008571446,0.00029478277
8566,11655.0,train,0.0008571446,0.0003000133
10861,8016.0,train,0.0008571744,0.00029604515
1968,5511.0,train,0.0011428557,0.00029855486
16549,4141.0,train,0.0008571446,0.00030130683
16835,13300.0,train,0.0011428576,0.00029337945
14226,21394.0,train,0.0009999983,0.00029839526
9972,11638.0,train,0.0011428576,0.00029587117
20460,19652.0,train,0.0009999983,0.0002977962
1002,982.0,train,0.0011428595,0.00030482898
13392,19867.0,train,0.0008571446,0.0003003041
8271,10828.0,train,0.0009047687,0.00029722264
13135,11503.0,train,0.0008571446,0.00029818236
17876,5192.0,train,0.0010000002,0.0002968486
14718,10200.0,train,0.0008571446,0.00029580403
5845,4605.0,train,0.0008571446,0.0002930546
17485,16623.0,train,0.0008571446,0.00029398742
16418,15258.0,train,0.0008571446,0.00030005295
9630,14646.0,train,0.001000002,0.00029953683
20823,15695.0,train,0.0011428595,0.00030336724
13647,11946.0,train,0.00090476125,0.00030545332
6388,2969.0,train,0.0009047538,0.00029900632
15292,21517.0,train,0.00090476125,0.0002966213
8192,8073.0,train,0.0008571446,0.0002995898
10379,1894.0,train,0.0008571446,0.00030157005
1225,4951.0,train,0.0009047687,0.0003002778
18585,2199.0,train,0.0011428557,0.00029305456
5420,18646.0,train,0.0008571744,0.0003005156
12419,4126.0,train,0.0008571744,0.0002896498
11476,12915.0,train,0.0009999871,0.00027470075
15246,19436.0,train,0.0008571446,0.00029936447
13247,10420.0,train,0.0010000002,0.0002941358
4221,20552.0,train,0.00085715204,0.0002927837
10185,19613.0,train,0.0009047687,0.00029124838
557,16895.0,train,0.0008571446,0.00029931142
374,8032.0,train,0.00090476125,0.0003018068
12217,9167.0,train,0.00085714646,0.0002893481
21160,10099.0,train,1.1056191,0.03340152
12399,367.0,train,0.0008571446,0.00030195148
4127,20983.0,train,0.0008571446,0.00030822092
10797,3600.0,train,0.00085714646,0.0002960053
7070,654.0,train,0.0008571446,0.00030891533
12908,12065.0,train,0.0011428576,0.00030179357
18511,18509.0,train,0.0008571595,0.00029895338
5162,17899.0,train,0.001000002,0.00030482895
7620,18556.0,train,0.0008571446,0.00029704897
5023,13488.0,train,0.000857234,0.00030672364
5557,10267.0,train,0.0010000002,0.00029557594
10792,2260.0,train,0.0011428595,0.00029706245
12333,6332.0,train,0.0008571595,0.0003009642
7397,15076.0,train,0.00090476125,0.00029271588
2808,3856.0,train,0.001000002,0.00029486348
20861,13364.0,train,0.0011428576,0.00030058157
9986,7676.0,train,0.0008571446,0.00029004662
4350,3605.0,train,0.0008571446,0.0002977029
7066,14977.0,train,0.0011428572,0.00030633528
12350,7330.0,train,0.0010000002,0.00030673656
7840,20673.0,train,0.0010000004,0.00030076638
20446,20472.0,train,0.0008571446,0.00029078446
10112,3790.0,train,0.00090476125,0.00030475095
16297,546.0,train,0.0008571446,0.0002942033
21654,11040.0,train,0.00090476125,0.0002966213
21345,16110.0,train,0.0008571446,0.00029996037
5632,18781.0,train,0.00090476125,0.00028893628
12769,9737.0,train,0.0008571744,0.00030389018
18062,6503.0,train,0.0008571446,0.0003026997
12090,4165.0,train,0.0008571446,0.000300172
6810,12251.0,train,0.0008571446,0.00029198293
13065,21583.0,train,0.00090476125,0.00030224025
17966,2903.0,train,0.0008571446,0.0002936092
14972,21631.0,train,0.0008571446,0.00029277016
13795,2646.0,train,0.0011428595,0.0003119322
18504,17298.0,train,0.0009999983,0.0002907844
16482,21037.0,train,0.0008571446,0.0002973696
16215,6652.0,train,0.0011428576,0.00030089825
21679,12058.0,train,0.00090476125,0.0002971292
19393,14623.0,train,0.0010000002,0.00030060794
16071,19757.0,train,0.0008571446,0.00030126728
8770,3205.0,train,0.0010000002,0.00029764956
15070,20122.0,train,0.0008571744,0.0003006079
7720,19176.0,train,0.00090476125,0.00029171104
13678,21505.0,train,0.00090476125,0.00029611247
8942,6879.0,train,0.0008571446,0.00030002653
19659,15079.0,train,0.0009999997,0.00030100372
18168,2952.0,train,0.0009047687,0.0002885378
14899,2534.0,train,0.0008571455,0.0002974897
17313,18389.0,train,0.0011428557,0.00030145157
150,8125.0,train,0.0008571446,0.00028584327
18813,9476.0,train,0.0008571455,0.00030239794
21069,9909.0,train,0.0008571446,0.0003059983
15066,14934.0,train,0.0011428557,0.0003033543
18447,12537.0,train,0.0008571744,0.00030438605
7001,1425.0,train,0.0008571744,0.0002936633
6475,5636.0,train,0.0011428595,0.00030896664
16739,19814.0,train,0.00090476125,0.00029640715
14465,1959.0,train,0.001000002,0.00029506537
6931,3030.0,train,0.0008571446,0.00029820914
5389,7974.0,train,0.001000002,0.00030990283
10435,20998.0,train,0.0008571446,0.0002907572
20074,19959.0,train,0.0008571446,0.0002893754
16074,6255.0,train,0.0008571446,0.00029416283
268,2533.0,train,0.00090476125,0.00029643383
12411,6317.0,train,0.0008571744,0.0003013726
16158,14364.0,train,0.0008571446,0.00029579073
17224,9443.0,train,0.0008571595,0.00030095092
2025,4383.0,train,0.0011428595,0.00029439208
15648,17807.0,train,0.0008571446,0.00029363632
10079,12041.0,train,0.0008571446,0.00029201014
9609,19776.0,train,0.0008571744,0.00030389018
15847,17142.0,train,0.00090476125,0.0003028961
13118,20311.0,train,0.00085714646,0.00029921866
20921,9966.0,train,0.0008571446,0.00029382537
20484,20114.0,train,0.0010000002,0.00030079263
2702,6696.0,train,0.0008571446,0.00030424263
6292,16250.0,train,0.0011428567,0.00030071364
2424,20198.0,train,0.0011428576,0.0002989666
2299,21350.0,train,0.0010000002,0.00030413823
14884,15923.0,train,0.0010000002,0.00029764956
5241,16317.0,train,0.000857234,0.00030146478
4772,3047.0,train,0.0008571446,0.00030035706
17761,14312.0,train,0.0011428572,0.0002990196
3049,11180.0,train,0.0008571744,0.0002996693
487,17266.0,train,0.0008571744,0.00029888676
1243,17213.0,train,0.0011428565,0.0002945538
20626,15854.0,train,0.0008571446,0.0002903064
18987,11647.0,train,0.0008571446,0.00029096188
21206,20576.0,train,0.00090476125,0.00029519972
19375,11849.0,train,0.0009999983,0.00030021166
14622,7492.0,train,0.001142852,0.000303825
9355,15598.0,train,0.0010000002,0.00030201708
18152,12682.0,train,0.00090476125,0.0002978362
16412,21109.0,train,0.0008571446,0.00029146596
4043,4349.0,train,0.0008571446,0.00029723605
20529,19666.0,train,0.0009999999,0.00029762296
4847,16639.0,train,0.001000002,0.00029860798
1350,11702.0,train,0.00085714646,0.00030314503
1966,1394.0,train,0.0008571744,0.0002962062
19676,9045.0,train,0.0008571446,0.00029897978
19129,10408.0,train,0.0008571446,0.00028866142
19624,20798.0,train,0.0008571446,0.00029911255
239,17862.0,train,0.0008571446,0.00030056835
15175,21655.0,train,0.00090476125,0.00030193833
10929,7290.0,train,0.00090476125,0.0003044772
7774,16941.0,train,0.0008571446,0.0003002514
21580,21507.0,train,0.000857234,0.0003000663
6436,6733.0,train,0.0011428574,0.00030493323
1060,5730.0,train,0.0008571446,0.000298382
18036,4589.0,train,0.001000002,0.0003020829
9341,9226.0,train,0.0008571446,0.00029712924
15623,16845.0,train,0.0010000002,0.00029819575
9957,15972.0,train,0.0011428595,0.00030196458
15365,14489.0,train,0.00090476125,0.0002925802
2440,21415.0,train,0.0011428567,0.0003030403
11906,15950.0,train,0.001000002,0.00030092464
19107,14514.0,train,0.0008571744,0.00029191494
464,11625.0,train,0.0010000002,0.00029858138
14638,6594.0,train,0.0011428576,0.0002920917
2731,7884.0,train,0.0011428595,0.0003041121
16703,16865.0,train,0.00090476125,0.00029347418
7907,3287.0,train,0.001000002,0.0002995234
20249,9331.0,train,0.0008571446,0.00030042304
6712,4788.0,train,0.0008571744,0.0002998413
5887,15867.0,train,0.00090476125,0.00029470204
18584,17909.0,train,0.0010000002,0.00029177903
739,3678.0,train,0.0010000002,0.00029890018
4493,5101.0,train,0.0008571446,0.0002887853
13941,17355.0,train,0.00085715204,0.00029755646
8741,11081.0,train,0.00090476125,0.00030099056
17127,17713.0,train,0.0008571446,0.00029316283
20919,13801.0,train,0.0011428576,0.00029332523
5292,11575.0,train,0.0009999871,0.00030521926
16612,6762.0,train,0.0011428595,0.0003039293
19405,12899.0,train,0.0008571446,0.00030963373
4456,12755.0,train,0.0009999992,0.00030075313
19433,14542.0,train,0.0008571446,0.00029931148
11636,15632.0,train,0.0011428595,0.0002973428
10764,5642.0,train,0.0011428576,0.00030620568
15915,929.0,train,0.0008571446,0.00030183315
3172,15715.0,train,0.0011428595,0.000301912
8882,9073.0,train,0.0010000002,0.00030402074
21073,8717.0,train,0.0008571446,0.00029118
8544,4770.0,train,0.00085714646,0.00029714248
16752,6870.0,train,0.0009999999,0.00029783617
17066,8597.0,train,0.00090476125,0.0003054011
19193,14974.0,train,0.0008571446,0.0002960455
16863,15919.0,train,0.001000002,0.00030248973
15942,4870.0,train,0.0011428557,0.00029560275
13206,9064.0,train,0.0008571446,0.00029625988
6338,21747.0,train,0.00090476125,0.0003026341
18702,18244.0,train,0.0008571446,0.00029324405
363,11126.0,train,0.0008571446,0.0002937443
9760,8876.0,train,0.0008571446,0.00029736952
18216,18127.0,train,0.0009999983,0.00029666146
4385,19677.0,train,0.0009999992,0.0003022011
8486,4665.0,train,0.0008571446,0.00030836253
12029,10710.0,train,0.0008571446,0.00030301398
2362,10290.0,train,0.0011428595,0.00029937777
872,4865.0,train,0.0008571446,0.0003017411
7596,19767.0,train,0.0010000002,0.00030079277
16453,19397.0,train,0.0008571446,0.00029183336
179,14032.0,train,0.0008571744,0.00029604547
9776,4222.0,train,0.00090476125,0.00029156133
2172,12275.0,train,0.0008571446,0.00028952627
5443,14697.0,train,0.0008571446,0.00029824895
8585,13733.0,train,0.0008571455,0.00029715587
14649,4873.0,train,0.001000002,0.00029768955
986,2949.0,train,0.00090476125,0.00029354173
3279,13732.0,train,0.0008571446,0.00029651428
7088,13034.0,train,0.0011428595,0.0003060631
19986,13916.0,train,0.00090476125,0.00029075716
8352,14988.0,train,0.00090476125,0.00029636695
19718,18822.0,train,0.0008571446,0.00029810256
18602,14856.0,train,0.0011428446,0.0003035374
5102,7739.0,train,0.0011428557,0.00028707628
5929,18345.0,train,0.0008571744,0.00030713744
9636,8995.0,train,0.0011428595,0.0002972227
11604,17601.0,train,0.0008571446,0.00030357667
4567,7455.0,train,0.0008571446,0.00029880722
20359,9929.0,train,0.0008571446,0.00029970892
14632,20608.0,train,0.0011428557,0.00030023814
8776,7762.0,train,0.0008571446,0.00029743626
9050,21162.0,train,0.0008571446,0.0003027914
18285,2077.0,train,0.0008571446,0.0002968353
12958,950.0,train,0.0008571744,0.000306685
13113,9916.0,train,0.0008571446,0.00030357676
11026,14420.0,train,0.0008571744,0.00030302725
7189,16553.0,train,0.0008571744,0.00029932475
15494,19349.0,train,0.0009999983,0.00030660717
3851,16926.0,train,0.0008571446,0.000299139
20516,19218.0,train,0.001000002,0.00031089995
9025,17517.0,train,0.00090476125,0.00030129353
2490,2618.0,train,0.00090476125,0.0002908391
16528,17474.0,train,0.0011428557,0.00030488105
9625,18700.0,train,0.0008571446,0.00029389298
18006,16822.0,train,0.0010000002,0.00028751823
3999,1938.0,train,0.0008571446,0.00029112544
21318,15964.0,train,0.0008571446,0.0002924717
6197,18894.0,train,0.00090476125,0.0002951594
6705,11692.0,train,0.0008571744,0.0003080018
13,19953.0,train,0.0008571446,0.00030298796
20246,21252.0,train,0.0011428595,0.00029941747
4418,10466.0,train,0.00090476125,0.00029936447
12424,13192.0,train,0.00090476125,0.00029980158
16417,10430.0,train,0.0008571446,0.00030571292
6859,17819.0,train,0.0011428557,0.00028029206
20826,9733.0,train,0.0011428595,0.0003003438
11415,21142.0,train,0.0008571446,0.00029087995
18634,2606.0,train,0.0009999983,0.00029912568
7051,13162.0,train,0.001000002,0.0002918469
5264,13923.0,train,0.0008571446,0.00029506534
19496,10247.0,train,0.00090476125,0.00029768964
21520,17091.0,train,0.0008571446,0.0002899098
17062,11581.0,train,0.0011428557,0.0003029617
20867,18773.0,train,0.00090476125,0.0003052322
18015,4125.0,train,0.0010000002,0.00030381186
20185,8400.0,train,0.0008571446,0.000295025
16402,1405.0,train,0.0011428569,0.00030310577
1415,3791.0,train,0.0011428557,0.0003070987
2732,3196.0,train,0.0008571446,0.0003009774
14761,9678.0,train,0.0008571446,0.00030298793
8204,11311.0,train,0.0011428576,0.0002861763
4834,12175.0,train,0.001000002,0.00029283788
6766,14437.0,train,0.001000002,0.0002984883
17706,12858.0,train,0.0008571446,0.00030019862
5539,13843.0,train,0.0008571446,0.0002902381
5454,20456.0,train,0.0008571446,0.00030287003
10580,2963.0,train,0.0008571446,0.0002938659
19634,16215.0,train,0.001000002,0.00030289617
3815,1877.0,train,0.0008571446,0.0002997752
18889,18512.0,train,0.0011428576,0.0003032105
3075,3514.0,train,0.00090476125,0.00030614098
16607,12991.0,train,0.0008571446,0.0003068918
18356,17182.0,train,0.0008571446,0.00030511513
16484,7049.0,train,0.0008571483,0.0002835016
20797,8472.0,train,0.0011428595,0.00029944404
17988,7017.0,train,0.0008571446,0.00028205602
17573,16970.0,train,0.001000002,0.0003041513
6863,13609.0,train,0.0008571446,0.0003059334
5910,13344.0,train,0.0008571446,0.00030477686
16113,8079.0,train,0.001000002,0.00030275207
8374,6196.0,train,0.0009999983,0.00029843522
12121,6705.0,train,0.0009999983,0.0002980892
4514,4672.0,train,0.0008571446,0.00030189884
15997,3261.0,train,0.0008571744,0.00029600537
18633,8387.0,train,0.0008571446,0.00029714257
19810,9851.0,train,0.0009047687,0.0002960455
1963,10872.0,train,0.0008571446,0.0003054273
2915,14285.0,train,0.0008571446,0.00029866133
8194,9306.0,train,0.0011428557,0.0002978497
8428,6430.0,train,0.00090476125,0.00029336617
15743,7166.0,train,0.0008571446,0.0003001059
12193,15857.0,train,0.0008571446,0.00029760975
3748,8038.0,train,0.0011428595,0.00029953686
2829,4901.0,train,0.00090476125,0.00029752954
708,7065.0,train,0.0008571446,0.00029860798
232,12190.0,train,0.0011428595,0.00029799624
2795,20537.0,train,0.0008571446,0.00029347424
2312,7397.0,train,0.0008571744,0.0002900331
14011,10538.0,train,0.001000002,0.0003035636
8503,5673.0,train,0.0008571446,0.00029672828
8633,13433.0,train,0.00090476125,0.0002956966
11701,8164.0,train,0.0008571446,0.00029082532
16777,5181.0,train,0.0008571446,0.00029561628
16375,6605.0,train,0.0008571446,0.0002975563
1041,5796.0,train,0.0008571446,0.00028910107
18245,1704.0,train,0.00090476125,0.00029617947
15683,5560.0,train,0.0008571446,0.00031177953
15339,8871.0,train,0.0009999983,0.00029756967
12044,7553.0,train,0.0008571446,0.00030039655
7844,18370.0,train,0.0008571744,0.00029791612
20777,16300.0,train,0.00090476125,0.00030432062
15880,548.0,train,0.0008571446,0.00028990972
807,15153.0,train,0.0011428595,0.00029589806
81,20961.0,train,0.0008571446,0.00031032518
11158,1340.0,train,0.0008571446,0.00029786283
12791,15750.0,train,0.0011428562,0.0003006739
15838,18529.0,train,0.0009047687,0.0002950923
5483,15460.0,train,0.0011428576,0.00029304114
14334,317.0,train,0.0011428557,0.00029684862
20413,17931.0,train,0.0008571446,0.0002972494
16172,11376.0,train,0.0011428595,0.00029997376
12980,19585.0,train,0.0008571744,0.0003000795
9045,19949.0,train,0.0008571446,0.0002840468
12671,4762.0,train,0.0008571744,0.00030118815
10496,574.0,train,0.0008571446,0.00028974545
2057,5472.0,train,0.00085714646,0.0002944461
7540,13791.0,train,0.0009999983,0.00030711154
20526,11707.0,train,0.0009999983,0.00029680855
3071,16535.0,train,0.0008571446,0.0002974629
13496,12412.0,train,0.0008571446,0.0002997089
15902,3568.0,train,0.0008571446,0.0002853431
20469,18141.0,train,0.0010000002,0.00029632676
4739,21118.0,train,0.0008571455,0.00030404687
1663,3423.0,train,0.0008571446,0.00030168853
912,5263.0,train,0.0008571446,0.0002951461
11538,13737.0,train,0.00090476125,0.00029912585
10810,15300.0,train,0.0008571446,0.00030224037
16245,7015.0,train,0.0010000002,0.00030489394
9768,14731.0,train,0.0011428557,0.0002987408
15320,18855.0,train,0.0011428557,0.00029652764
3121,6676.0,train,0.00090476125,0.00030813066
11082,5116.0,train,0.00090476125,0.00028941646
7081,1077.0,train,0.00085715204,0.00029344702
15893,15610.0,train,0.0008571446,0.00030116184
10204,14752.0,train,0.0009999983,0.0002991789
16237,5751.0,train,0.0008571446,0.0002925261
13287,16425.0,train,0.0008571446,0.000290648
14675,1871.0,train,0.00085715204,0.00030047592
21249,17402.0,train,0.0008571446,0.00029774287
6639,675.0,train,0.0009999998,0.00030895392
8628,4264.0,train,0.0009999983,0.00029495766
9687,18094.0,train,0.00090476125,0.00029803597
3514,9185.0,train,0.0008571446,0.00030096425
11244,13607.0,train,0.0008571744,0.00030191208
16931,8041.0,train,0.0008571446,0.00030059478
9502,18437.0,train,0.0008571446,0.0003007663
10683,7769.0,train,0.0011428595,0.00029487704
15051,19901.0,train,0.00090476125,0.00029791612
15772,5246.0,train,0.0008571446,0.0002974095
16111,15679.0,train,0.00090476125,0.00030087173
19371,19680.0,train,0.001000002,0.00029707587
9590,14423.0,train,0.0008571446,0.00029735622
3491,2119.0,train,0.0011428595,0.00029868764
52,18153.0,train,0.0008571446,0.00030217474
5672,12332.0,train,0.0008571446,0.00028682724
743,639.0,train,0.0011428557,0.00029309513
14609,3149.0,train,0.0008571744,0.00030264698
3072,21478.0,train,0.0008571744,0.00030326284
14614,3639.0,train,0.001142852,0.0002983688
1525,7773.0,train,0.00090476125,0.00029788955
13751,4778.0,train,0.0008571446,0.00030424265
19835,17467.0,train,0.0008571446,0.00029804927
14971,1178.0,train,0.0011428557,0.0003012673
3621,18099.0,train,0.0011428595,0.00030162267
5084,3492.0,train,0.0011428557,0.00029552216
15011,10938.0,train,0.00090476125,0.00029420335
629,3918.0,train,0.0008571446,0.0002840329
1378,6826.0,train,0.00090476125,0.0003019777
9083,12035.0,train,0.0008571446,0.0002927565
4470,20203.0,train,0.0008571446,0.00031086156
20439,19110.0,train,0.0008571446,0.00030598533
12559,5952.0,train,0.0011428557,0.0003006213
16921,14151.0,train,0.0011428595,0.0002999207
508,8697.0,train,0.0008571446,0.0003019383
18627,4327.0,train,0.0008571446,0.0003030009
8346,5098.0,train,0.0011428576,0.0002986743
11287,16141.0,train,0.0008571446,0.00028978658
4561,13636.0,train,0.0008571446,0.00030796317
14958,12260.0,train,0.0011428567,0.00029179256
13289,20327.0,train,0.0008571446,0.00029907265
14085,1842.0,train,0.0011428576,0.00030825948
6756,959.0,train,0.00085714506,0.00029742296
14165,8889.0,train,0.0008571446,0.00030323683
11495,11752.0,train,0.0008571744,0.00029060701
641,6851.0,train,0.0011428595,0.00030231918
20094,12789.0,train,0.0010000002,0.00029874075
8227,8437.0,train,0.030952383,0.00064779236
17605,9033.0,train,0.0009999983,0.0002999472
14943,6433.0,train,0.001000002,0.00029880737
2275,7264.0,train,0.0011428567,0.00030073983
15600,19004.0,train,0.0008571446,0.00029738288
12734,12480.0,train,0.00090476125,0.0002950788
12037,20685.0,train,0.0008571446,0.00028721447
5967,8392.0,train,0.0011428576,0.00029475582
2668,3019.0,train,0.00090476125,0.00029230892
21022,16729.0,train,0.0008571744,0.0002955222
20183,16969.0,train,0.0011428595,0.0003069694
12091,4324.0,train,0.0009999983,0.00029263453
8186,13735.0,train,0.0008571446,0.00030047592
21329,21473.0,train,0.0011428576,0.00030120136
15378,13199.0,train,0.0008571446,0.00029656774
12423,11992.0,train,0.00085715204,0.00029401452
7489,16814.0,train,0.000857234,0.00029621998
21139,9736.0,train,0.00090476125,0.00029435166
17855,21779.0,train,0.0009047687,0.00029696897
16155,14341.0,train,0.0008571446,0.00029904625
3186,3083.0,train,0.0008571446,0.00030178044
14734,6330.0,train,0.0010000002,0.00029915234
15068,17643.0,train,0.0011428571,0.00030450328
7913,16525.0,train,0.0011428595,0.0003031188
19633,18657.0,train,0.0011428567,0.00029432468
13545,16580.0,train,0.0008571446,0.00030663313
3412,9140.0,train,0.0008571446,0.00029379834
7934,3006.0,train,0.0010000002,0.00029686204
1631,2352.0,train,0.0011428557,0.00030285685
12393,11384.0,train,0.0008571744,0.00030445118
2536,942.0,train,0.0008571446,0.00028685495
19715,13950.0,train,0.00090476125,0.00028720064
7140,12921.0,train,0.0011428576,0.00029843522
3000,2953.0,train,0.00090476125,0.0002968754
12540,19880.0,train,0.0008571446,0.00029936442
17287,9245.0,train,0.0008571744,0.00030545326
3116,999.0,train,0.0008571446,0.0002927837
9534,9668.0,train,0.0010000002,0.00030039667
14832,10911.0,train,0.001000002,0.00029544177
16036,3123.0,train,0.0011428595,0.0003030009
7212,11610.0,train,0.0011428595,0.00029029284
6136,2556.0,train,0.0009999946,0.00029830227
18577,17526.0,train,0.00085715204,0.0003093773
3378,2192.0,train,0.0008571446,0.0003012013
11233,18883.0,train,0.0008571595,0.00029916564
12787,11786.0,train,0.0009999983,0.00030720208
9243,13093.0,train,0.0008571446,0.00029708925
3668,8939.0,train,0.0011428576,0.0003019252
3153,5695.0,train,0.0011428595,0.00029884704
8856,18052.0,train,0.0008571446,0.00029514605
2642,14425.0,train,0.0008571446,0.0002956565
14583,3484.0,train,0.001000002,0.000295146
7678,20599.0,train,0.0009999946,0.00029485003
14631,21258.0,train,0.0010000002,0.0002953745
6183,14865.0,train,0.0011428557,0.00030731826
17616,2181.0,train,0.0008571446,0.00030684005
6824,12111.0,train,0.001000002,0.00029670144
19926,13038.0,train,0.0008571446,0.0002979428
7985,20975.0,train,0.0011428557,0.00029908598
9041,17324.0,train,0.0010000004,0.0002974362
9258,14096.0,train,0.0010000002,0.00030073992
15290,12441.0,train,0.0008571744,0.00030273898
403,11090.0,train,0.001142852,0.0003087225
17858,799.0,train,0.0009999983,0.00030317123
19487,8775.0,train,0.0008571446,0.00030231904
10883,14253.0,train,0.0008571446,0.00029860795
5236,13341.0,train,0.0010000002,0.00029955007
13180,7993.0,train,0.0008571744,0.00029842198
1004,458.0,train,0.00085714506,0.00029629984
8945,6287.0,train,0.0010000002,0.00030674954
11038,7689.0,train,0.0008571446,0.00030645187
10454,13566.0,train,0.0008571446,0.00029726277
4305,8891.0,train,0.0008571446,0.00029293261
5775,9138.0,train,0.00090476125,0.00029383894
21486,8580.0,train,0.0011428595,0.00030403363
14363,10917.0,train,0.0011428595,0.00030317128
695,6510.0,train,0.00090476125,0.00030220108
17837,1958.0,train,0.0008571446,0.00029244472
15698,13013.0,train,0.0008571446,0.00029420343
18953,16180.0,train,0.0008571446,0.00030725374
20126,16271.0,train,0.0008571446,0.0002884277
2743,3528.0,train,0.0008571446,0.00028908733
20390,11458.0,train,0.0010000169,0.00030250291
5515,16059.0,train,0.001000002,0.0003013859
9688,4313.0,train,0.00090476125,0.0002983288
9793,919.0,train,0.001000002,0.00029988107
4466,19371.0,train,0.0008571446,0.0002953207
12600,16330.0,train,0.0008571744,0.0002964741
8852,9634.0,train,0.00085714646,0.00030355054
640,7565.0,train,0.0011428576,0.00029728952
2691,4308.0,train,0.0011428565,0.00030383802
2674,5871.0,train,0.0008571446,0.00030248985
2074,21115.0,train,0.0008571446,0.00030489409
15624,14671.0,train,0.00090476125,0.00030034382
12762,19678.0,train,0.000857234,0.00030179368
7679,21145.0,train,0.0011428595,0.00030210908
3063,7301.0,train,0.0009999946,0.00030339367
3058,7373.0,train,0.00090476125,0.0003038642
2796,4997.0,train,0.0008571446,0.00029474244
12573,9520.0,train,0.0008571446,0.0003049071
10070,5977.0,train,0.0011428595,0.00030297486
2800,5590.0,train,0.0010000002,0.00030558297
18839,16571.0,train,0.0011428557,0.00030833663
20324,19081.0,train,0.0008571446,0.00029888697
5375,17277.0,train,0.0008571446,0.00030014556
2956,3424.0,train,0.0008571446,0.0003032235
10552,19550.0,train,0.0008571446,0.00030416442
20633,19914.0,train,0.0010000002,0.00029969568
4930,4186.0,train,0.0008571446,0.00030055514
2546,1482.0,train,0.0008571446,0.00030310563
6989,6131.0,train,0.0008571446,0.00029913912
4205,19393.0,train,0.0009999983,0.00029856808
8866,6376.0,train,0.0008571446,0.0003048549
14215,17565.0,train,0.0008571446,0.00030327582
10139,4837.0,train,0.0008571446,0.00030351127
13221,12821.0,train,0.0008571446,0.00030230603
3907,14123.0,train,0.0008571455,0.00028943032
9031,19147.0,train,0.0008571446,0.00030042307
6968,14008.0,train,0.0008571446,0.0002951192
19093,19262.0,train,0.000857234,0.0002985682
15249,9744.0,train,0.0010000002,0.00028713155
2006,5815.0,train,0.0008571446,0.0002997487
16814,2942.0,train,0.0010000002,0.00029832876
19753,15495.0,train,0.0008571446,0.00030150436
13981,18963.0,train,0.0009999989,0.00030954403
10973,3586.0,train,0.0008571446,0.00029190138
11618,13918.0,train,0.00090476125,0.00029008766
16914,13659.0,train,0.052,0.00093324826
12862,9562.0,train,0.0008571446,0.00028963588
16977,753.0,train,0.0008571446,0.0002977163
20832,15452.0,train,0.0008571446,0.00029278343
14815,20597.0,train,0.0008571744,0.00029707557
18869,18644.0,train,0.0011428576,0.00029156136
9945,18469.0,train,0.0008571446,0.00029643398
4065,18929.0,train,0.001000002,0.00028375338
2699,15791.0,train,0.0011428595,0.00029830218
17118,10258.0,train,0.0011428567,0.00029875414
7152,16068.0,train,0.0008571446,0.00029756976
18695,18136.0,train,0.0008571446,0.0002934876
19098,18176.0,train,0.00090476125,0.0002947693
12061,3291.0,train,0.0011428595,0.00029532076
14556,2608.0,train,0.0009999989,0.00030558297
5932,10434.0,train,0.00090476125,0.0002978628
14132,3106.0,train,0.0008571446,0.00029566995
9840,5036.0,train,0.0011428576,0.00030841384
5503,11289.0,train,0.001000002,0.00029629996
3197,1733.0,train,0.0008571446,0.00029505184
15084,5671.0,train,0.0008571446,0.00029240403
20397,21327.0,train,0.0011428557,0.0003048551
10901,18819.0,train,0.00090476125,0.00030075305
10107,14393.0,train,0.0008571446,0.000302883
11148,10095.0,train,0.0008571446,0.0002949712
18699,20158.0,train,0.0009999983,0.00030179374
9832,1773.0,train,0.0008571446,0.00030489403
4592,14428.0,train,0.0011428576,0.0002963134
21716,9925.0,train,0.00090476125,0.00029448647
6842,11345.0,train,0.0008571744,0.00030498518
14833,16283.0,train,0.0011428595,0.00029119354
7686,5605.0,train,0.0008571446,0.0002957503
212,17791.0,train,0.00090476125,0.00029775625
19916,18449.0,train,0.0008571446,0.00028838648
9606,9543.0,train,0.00090476125,0.0002962733
16169,17640.0,train,0.0010000002,0.0002956833
13551,21307.0,train,0.0008571446,0.00030557008
11692,9072.0,train,0.0011428576,0.0002974229
19759,15825.0,train,0.0008571446,0.00029891342
15306,16072.0,train,0.0008571744,0.00030629654
6557,2437.0,train,0.0009999871,0.00029519986
9714,16951.0,train,0.001000002,0.00029642048
4691,6379.0,train,0.0008571446,0.00028849646
13729,19217.0,train,0.0011428557,0.00031018435
13306,17101.0,train,0.00090476125,0.0003020171
3091,2683.0,train,0.0008571446,0.00027918545
7430,13981.0,train,0.0011428595,0.00030106952
21147,15329.0,train,0.00090476125,0.00028903238
290,2261.0,train,0.0008571446,0.00028097065
13217,11649.0,train,0.0011428576,0.0003033151
17672,1223.0,train,0.0010000002,0.00030571295
8807,17688.0,train,0.0011428595,0.00029324405
16384,1844.0,train,0.00090476125,0.00029863452
19280,8504.0,train,0.001000002,0.00029764968
17637,21618.0,train,0.0008571446,0.0002929191
5729,6301.0,train,0.00090476125,0.00030014548
9019,5599.0,train,0.0008571446,0.00029550883
15393,12483.0,train,0.001000002,0.0002845493
21442,9283.0,train,0.00090476125,0.00029780946
5076,20497.0,train,0.00090476125,0.00029470207
5486,18723.0,train,0.0008571446,0.00030315807
6254,8769.0,train,0.0008571446,0.00030392944
19798,21085.0,train,0.0011428595,0.000305648
3706,15521.0,train,0.0011428595,0.00029262085
4612,4428.0,train,0.0009999983,0.00029956346
8574,6122.0,train,0.0010000002,0.00029935132
16799,7151.0,train,0.00090476125,0.00029583098
16960,3955.0,train,0.0008571744,0.00029183336
4689,745.0,train,0.0011428595,0.00029830218
1574,515.0,train,0.0011428576,0.00029608572
13523,13213.0,train,0.0008571744,0.00030153064
4540,4766.0,train,0.00090476125,0.00030050235
5055,13794.0,train,0.0008571446,0.00030460753
13224,16449.0,train,0.0011428557,0.0002957906
13303,14783.0,train,0.0008571446,0.00030129365
2716,12245.0,train,0.0008571446,0.0002995368
9278,19350.0,train,0.0008571446,0.00029369033
21285,11763.0,train,0.0008571744,0.0003061412
6155,8934.0,train,0.0011428557,0.00030348505
18870,11734.0,train,0.0011428595,0.00030001337
20729,9958.0,train,0.0008571446,0.00029564305
13566,8173.0,train,0.0009999999,0.00029612592
10476,12063.0,train,0.00090476125,0.00029716932
19961,11675.0,train,0.0008571446,0.00028731112
15460,12724.0,train,0.0011428557,0.0003108362
14621,19233.0,train,0.0008571446,0.00030293546
17874,5333.0,train,0.0008571744,0.000295388
5829,18584.0,train,0.0010000005,0.00030560917
19897,11964.0,train,0.00090476125,0.00030366826
17073,18344.0,train,0.0009999871,0.0002912618
17643,13025.0,train,0.0008571446,0.000298036
17484,9809.0,train,0.0008571446,0.00029096188
9734,4643.0,train,0.0008571446,0.00029648753
13985,2701.0,train,0.0011428557,0.00030550518
19895,11519.0,train,0.0011428576,0.00030945425
7367,13963.0,train,0.0010000002,0.00029720934
608,543.0,train,0.0011428557,0.0003030272
13510,19731.0,train,0.0008571446,0.00027596872
19203,16584.0,train,0.0008571446,0.00029055245
21250,13852.0,train,0.0011428576,0.00029324408
17683,2575.0,train,0.0008571446,0.00029146607
17479,12343.0,train,0.00090476125,0.00030035703
1142,5734.0,train,0.00090476125,0.0002957236
4845,16757.0,train,0.0008571446,0.00029198296
14441,21430.0,train,0.00090476125,0.00029913915
18319,19374.0,train,0.0008571744,0.00030109598
21141,17975.0,train,0.0008571744,0.00030394254
17211,19398.0,train,0.0011428595,0.0002932712
12849,20155.0,train,0.0011428557,0.0002991788
12452,20556.0,train,0.0011428595,0.00030546618
10845,11857.0,train,0.0009999983,0.00029460771
12802,13363.0,train,0.0008571446,0.0002922274
14305,14017.0,train,0.001000002,0.00030386413
5551,21464.0,train,0.00090476125,0.0002987142
12729,6932.0,train,0.0011428595,0.00029890018
3134,349.0,train,0.0009999946,0.00029164317
15022,11110.0,train,0.0011428567,0.0003013726
13054,12352.0,train,0.0010000002,0.00029268875
14264,7733.0,train,0.0008571446,0.00029774298
16371,4866.0,train,0.0008571744,0.0003085682
11076,4644.0,train,0.0008571446,0.0002883313
16754,1213.0,train,0.0008571446,0.0002887853
6661,3120.0,train,0.0008571446,0.00029093443
6020,3243.0,train,0.0011428595,0.00029778297
9909,21582.0,train,0.0011428576,0.0003015833
3149,13982.0,train,0.0008571483,0.00029688867
12088,3169.0,train,0.0008571446,0.00028473046
17037,8464.0,train,0.001000002,0.00030011902
11390,15822.0,train,0.0008571446,0.00029806257
17093,8043.0,train,0.0008571744,0.00030242413
21666,15550.0,train,0.0010000011,0.00031077227
896,4782.0,train,0.0008571744,0.0003011092
847,7911.0,train,0.00090476125,0.00029603206
753,8965.0,train,0.0011428577,0.00030563498
1505,3848.0,train,0.0009999983,0.00028867522
12020,19859.0,train,0.0011428557,0.00030077944
8395,16387.0,train,0.0008571446,0.00030593364
20452,13314.0,train,0.0008571446,0.000294109
11438,18403.0,train,0.0010000011,0.00029811586
4947,1685.0,train,0.0011428595,0.00030490718
16235,7534.0,train,0.0009999983,0.00029907277
19540,16493.0,train,0.0008571744,0.00029549576
5254,19074.0,train,0.0009999983,0.0003018727
36,8787.0,train,0.0008571446,0.00029939105
4386,20760.0,train,0.0011428576,0.00030135948
6779,12584.0,train,0.0008571744,0.0002910573
3885,20553.0,train,0.0008571446,0.000298794
7740,20429.0,train,0.0008571446,0.00029863452
6299,3759.0,train,0.0008571744,0.00029302764
1374,6150.0,train,0.0008571446,0.00030213542
17333,18115.0,train,0.0009999983,0.00029383902
20853,13727.0,train,0.00090476125,0.00030534924
1409,10511.0,train,0.001000002,0.00029806272
1664,6207.0,train,0.0011428576,0.00029165653
19384,21388.0,train,0.0010000002,0.00029424377
731,6322.0,train,0.0008571446,0.00030241106
1210,4684.0,train,0.0008571446,0.000299285
1755,1295.0,train,0.0011428557,0.00028904615
10077,11113.0,train,0.00090476125,0.000307215
14039,13795.0,train,0.0011428567,0.00029887364
9540,16057.0,train,0.00090476125,0.00029275645
11647,7964.0,train,0.0008571744,0.00030203033
21157,18580.0,train,0.0008571744,0.0003012937
869,6108.0,train,0.0011428557,0.00030319736
17767,2222.0,train,0.0008571446,0.00029775625
12981,12652.0,train,0.0011428595,0.00029835541
20237,12544.0,train,0.0011428576,0.00029658107
20500,18373.0,train,0.0008571446,0.00030372044
6637,5854.0,train,0.0008571446,0.0002956699
2232,7905.0,train,0.0008571446,0.00028619025
12198,12164.0,train,0.0010000002,0.00030185952
19731,16079.0,train,0.00090476125,0.00028819367
21319,19066.0,train,0.0011428595,0.00029629993
19320,18748.0,train,0.0008571446,0.00029968252
2890,17122.0,train,0.0009999983,0.0002971159
19157,14649.0,train,0.0008571446,0.00029060704
2136,1914.0,train,0.0008571744,0.0002976363
6061,1701.0,train,0.00090476125,0.00030462063
10839,12263.0,train,0.0011428576,0.00030273892
10588,7396.0,train,0.00090476125,0.00030159645
9652,11177.0,train,0.0011428595,0.00029445943
130,11656.0,train,0.0011428595,0.0003088768
8401,1133.0,train,0.0011428595,0.00029989425
1053,3469.0,train,0.0008571446,0.0002979294
15126,11407.0,train,0.0008571446,0.00030210917
20698,14603.0,train,0.00090476125,0.00029660796
5791,17500.0,train,0.0009999983,0.00029854156
10642,16400.0,train,0.00090476125,0.0003007531
9117,2700.0,train,0.001000002,0.00030026466
21002,13813.0,train,0.0008571446,0.00030009262
2462,19794.0,train,0.0011428595,0.00030259462
20122,20616.0,train,0.0008571446,0.00030184624
10777,3803.0,train,0.001000002,0.00029444604
19407,20647.0,train,0.0008571446,0.00029952358
19500,12418.0,train,0.0008571446,0.00030819498
5004,10608.0,train,0.0011428585,0.00029824898
6466,8322.0,train,0.0011428557,0.0003003173
1537,356.0,train,0.0008571446,0.000290648
18259,3723.0,train,0.0008571744,0.000301728
18626,10173.0,train,0.00090476125,0.0002888676
4794,13948.0,train,0.0010000002,0.00030180678
8106,7869.0,train,0.001142852,0.0003042556
17005,8415.0,train,0.0011428585,0.0002942438
10673,7279.0,train,0.001000002,0.00029104354
11075,879.0,train,0.0008571446,0.00030252917
1402,7700.0,train,0.0008571446,0.00029894
21526,14025.0,train,0.0009047687,0.0003018068
2958,6700.0,train,0.0008571446,0.00029867445
12104,4268.0,train,0.0008571446,0.00029191494
20392,8658.0,train,0.000857234,0.0002873387
21448,20809.0,train,0.0008571446,0.00029955007
10208,8244.0,train,0.0008571446,0.00029152056
4848,7999.0,train,0.0011428574,0.00030276517
17274,21041.0,train,0.0008571744,0.0002986611
3191,6382.0,train,0.0008571455,0.0002954957
9903,20972.0,train,0.0008571446,0.0002970892
5103,7033.0,train,0.0008571446,0.0002917926
15596,16210.0,train,0.0008571744,0.00030311875
12682,11981.0,train,0.0011428595,0.00029414933
13784,16458.0,train,0.0010000002,0.00029738288
8465,5348.0,train,0.0011428576,0.00029912585
10610,7829.0,train,0.0008571744,0.0003060762
2609,10401.0,train,0.0008571446,0.00029919215
4996,4063.0,train,0.0011428576,0.0003015701
16084,6159.0,train,0.0009047687,0.00030840116
8737,12394.0,train,0.0011428557,0.0003027127
20166,15782.0,train,0.0008571446,0.00029192853
16826,18638.0,train,0.0008571744,0.00030314503
7406,8856.0,train,0.0011428576,0.00030475072
16796,5350.0,train,0.0008571446,0.00028695154
16176,19641.0,train,0.00090476125,0.00029468857
107,13453.0,train,0.00090476125,0.00029699563
14118,5667.0,train,0.00090476125,0.0002964606
17895,21180.0,train,0.0010000002,0.0002976229
20784,21440.0,train,0.0008571446,0.00029558936
15748,14522.0,train,0.0008571446,0.00029493088
9257,14134.0,train,0.0011428595,0.00030878684
15814,8185.0,train,0.001000002,0.000303145
18649,2738.0,train,0.0011428576,0.00030273895
7488,9128.0,train,0.0008571446,0.00028897752
8301,6729.0,train,0.00085715204,0.00030332818
1254,16135.0,train,0.00090476125,0.00030475087
7868,16016.0,train,0.00090476125,0.00029962946
19950,18417.0,train,0.0009047687,0.00030321046
19520,18078.0,train,0.0009999997,0.000304894
17619,2932.0,train,0.0011428576,0.00029333876
16614,11025.0,train,0.0008571446,0.0002930546
18437,21491.0,train,0.0008571446,0.00030239788
21101,20844.0,train,0.00090476125,0.00030545326
3176,408.0,train,0.0008571446,0.00029754295
2639,13160.0,train,0.00090476125,0.00029339295
18126,15884.0,train,0.0008571446,0.00028631496
9070,12074.0,train,0.0008571744,0.00028955366
12932,18013.0,train,0.0010000002,0.00029524023
17803,4860.0,train,0.00090476125,0.00030542727
16273,18937.0,train,0.0011428576,0.00029876738
8978,15946.0,train,0.0008571446,0.00029968252
4952,2092.0,train,0.00090476125,0.00030452939
4789,13329.0,train,0.0008571446,0.00029734298
14342,2669.0,train,0.0008571446,0.00030237163
8968,11687.0,train,0.0008571446,0.0002924582
835,1062.0,train,0.0011428567,0.00030262084
2460,4235.0,train,0.00090476125,0.00029534765
12825,11722.0,train,0.0011428571,0.00030625754
18318,7306.0,train,0.0008571446,0.0002946885
572,2061.0,train,0.00090476125,0.0003030141
9796,13683.0,train,0.0010000002,0.0003069823
2079,19936.0,train,0.0011428595,0.00029867442
12047,4906.0,train,0.0008571446,0.00028478622
8443,21257.0,train,0.0008571446,0.00030429478
14673,2325.0,train,0.00090476125,0.0002954685
17703,5565.0,train,0.0008571446,0.00029263465
2903,8483.0,train,0.0008571446,0.0002979828
8432,19107.0,train,0.0008571744,0.00030395543
493,2821.0,train,0.00085715204,0.00029389298
16844,6522.0,train,0.0008571446,0.0002957639
18154,17048.0,train,0.0008571483,0.00029667484
7652,20163.0,train,0.00090476125,0.0003021485
197,14891.0,train,0.0008571446,0.00029268884
8327,2238.0,train,0.0008571744,0.0003060242
6755,11267.0,train,0.0008571446,0.00029566992
18952,19808.0,train,0.0008571446,0.0002950922
4204,9095.0,train,0.0008571446,0.00029794278
337,3498.0,train,0.00090476125,0.00029735608
9194,20325.0,train,0.00090476125,0.00029589797
18904,12554.0,train,0.0011428567,0.00030377271
858,4520.0,train,0.0009047687,0.00029329842
12482,4734.0,train,0.0008571446,0.00029750296
68,14101.0,train,0.0010000002,0.00029408198
3451,19234.0,train,0.0011428595,0.00030272576
17816,7796.0,train,0.00090476125,0.0003027127
12010,5699.0,train,0.0009047687,0.00029206445
7388,8975.0,train,0.0008571446,0.0002935146
7444,19597.0,train,0.0008571446,0.0002936769
20660,20428.0,train,0.0009999983,0.0002957504
14360,20768.0,train,0.0009047622,0.00030245056
20497,8577.0,train,0.0011428595,0.000300357
18643,2286.0,train,0.001000002,0.00029815588
565,21078.0,train,0.0011428557,0.00030132002
8283,2761.0,train,0.0008571446,0.00029429776
13625,10447.0,train,0.00090476125,0.00029878068
11807,15824.0,train,0.0010000024,0.00029437858
19612,13697.0,train,0.0009047687,0.00030575207
15260,12277.0,train,0.0008571744,0.00029267507
2904,19545.0,train,0.0008571446,0.00030477686
18061,17723.0,train,0.0008571446,0.00030141204
19310,16082.0,train,0.001142852,0.00029631352
15177,16119.0,train,0.001000002,0.00029541476
15873,1324.0,train,0.00090476125,0.00030059472
6243,10699.0,train,0.00090476125,0.00030849103
6383,17494.0,train,0.0011428595,0.0003022798
6315,4712.0,train,0.001000002,0.00029369042
14705,3254.0,train,0.0008571744,0.00029168394
4063,10799.0,train,0.0008571446,0.00029171107
1826,19377.0,train,0.0008571446,0.00029953677
21326,12578.0,train,0.00090476125,0.00029149328
6507,5679.0,train,0.0008571483,0.00030132016
12383,6732.0,train,0.0008571446,0.00029714257
8706,2912.0,train,0.0011428576,0.00030959529
10827,3480.0,train,0.001142852,0.00030515416
10016,4399.0,train,0.0008571446,0.00030518035
10369,20586.0,train,0.0059999973,0.0003186157
6065,3838.0,train,0.0008571446,0.00029113906
7572,17768.0,train,0.0008571446,0.00029960304
15288,17573.0,train,0.0008571744,0.0002928378
9361,19122.0,train,0.0011428557,0.00029756964
10403,2665.0,train,0.0008571446,0.00029707578
436,2247.0,train,0.0010000002,0.00029510565
3224,1888.0,train,0.0008571744,0.00030464662
7335,16298.0,train,0.00090476125,0.00029565647
1239,3837.0,train,0.0008571446,0.0003046205
7641,14576.0,train,0.0008571446,0.0002975296
6881,4240.0,train,0.0011428557,0.00030341966
3351,12240.0,train,0.0008571455,0.00030412525
16178,2613.0,train,0.0008571446,0.00030570003
12945,5584.0,train,0.0008571446,0.00029647406
2228,695.0,train,0.001142852,0.00030603717
10172,6015.0,train,0.0011428595,0.000303001
15164,9786.0,train,0.0008571446,0.0002899645
4479,5120.0,train,0.0011428595,0.00029406845
11452,8698.0,train,0.0008571446,0.00030480296
17842,4271.0,train,0.0008571483,0.00029788943
14874,20946.0,train,0.0008571446,0.00028948524
12515,6333.0,train,0.0008571744,0.00030264733
11346,9097.0,train,0.0008571483,0.0003029747
5673,14995.0,train,0.0011428557,0.00030101681
10623,3627.0,train,0.0008571483,0.00030239797
8876,738.0,train,0.0008571446,0.00030468564
7524,18718.0,train,0.001000002,0.00029744962
7570,9020.0,train,0.00090476125,0.0002940955
12024,8534.0,train,0.001000002,0.00030224046
17622,11052.0,train,0.0008571744,0.00029973543
4325,2582.0,train,0.0008571446,0.00030508934
11142,5209.0,train,0.0009047687,0.0002969422
5991,7585.0,train,0.001000002,0.00029939102
3751,16786.0,train,0.0008571744,0.00030340676
19559,15827.0,train,0.00090476125,0.0002956162
9419,17888.0,train,0.0011428576,0.00030711156
11044,6423.0,train,0.001000002,0.00028800083
12681,4477.0,train,0.0010000002,0.00029655438
5179,8261.0,train,0.00085715204,0.0003022404
18517,9877.0,train,0.0010000002,0.0003037336
13615,11990.0,train,0.0011428576,0.00029867442
4956,2959.0,train,0.0011428576,0.00029774284
7110,12599.0,train,0.0008571446,0.0002921595
12425,18918.0,train,0.0010000002,0.00029454034
1467,7948.0,train,0.0008571446,0.00030277824
12854,17385.0,train,0.0009999983,0.00030105648
14179,10483.0,train,0.0008571446,0.00028890884
16627,17121.0,train,0.0011428557,0.00029619283
13574,15686.0,train,0.00090476125,0.00029718253
604,3725.0,train,0.001000002,0.0002941629
1297,16798.0,train,0.0011428576,0.0002948904
2108,6106.0,train,0.0008571446,0.00030121455
15661,15105.0,train,0.0008571446,0.00029929823
8099,6392.0,train,0.0008571446,0.0002810129
3087,4362.0,train,0.000857234,0.0002951326
19215,19714.0,train,0.0008571446,0.00030792458
16675,19337.0,train,0.000857234,0.00030160966
16910,9215.0,train,0.00085715204,0.0002955356
14,12925.0,train,0.0008571744,0.00030551828
6193,15611.0,train,0.0008571446,0.00030245047
18550,1738.0,train,0.0008571446,0.00029940432
2117,3799.0,train,0.0008571446,0.00029565644
7236,10167.0,train,0.00090476125,0.00029440556
3081,16792.0,train,0.0008571744,0.00030369434
15189,16732.0,train,0.0011428557,0.00030338048
14496,21597.0,train,0.0008571446,0.00029921866
9887,15503.0,train,0.0008571446,0.00029722275
1136,6279.0,train,0.0008571595,0.00028837263
7479,10027.0,train,0.0008571446,0.00029691544
18208,1090.0,train,0.0008571446,0.00029891336
18543,13915.0,train,0.0011428557,0.00030767958
3392,11474.0,train,0.0009047687,0.00028795956
4662,7515.0,train,0.0008571446,0.00029285147
8292,7474.0,train,0.0008571446,0.00029359577
13444,14994.0,train,0.0009047687,0.00029782293
12118,21169.0,train,0.0008571446,0.00029711585
18993,19841.0,train,0.0008571446,0.0002845354
3086,1032.0,train,0.0011428576,0.000303446
412,3336.0,train,0.001000002,0.00029037488
6785,2107.0,train,0.00090476125,0.0002955892
21007,8519.0,train,0.00090476125,0.00029536115
12070,5125.0,train,0.0011428595,0.00029916567
1928,5535.0,train,0.0008571446,0.0002912072
1759,14948.0,train,0.001000002,0.00029960307
18247,19082.0,train,0.0011428595,0.00030105643
161,10634.0,train,0.001000002,0.000310734
5157,17214.0,train,0.0008571744,0.00030178044
18444,8329.0,train,0.0008571446,0.00029739627
1034,3221.0,train,0.0011428557,0.0002941764
17545,16447.0,train,0.0011428576,0.00029998698
13105,9914.0,train,0.0008571446,0.000297236
8014,13630.0,train,0.0011428595,0.00030255533
4968,609.0,train,0.00090476125,0.0003014122
10198,11373.0,train,0.0008571455,0.00029905967
6328,4508.0,train,0.0008571446,0.00029921872
961,306.0,train,0.0011428595,0.00029232248
10801,6242.0,train,0.0011428595,0.00029981483
10330,1572.0,train,0.001142852,0.0002986213
11265,14027.0,train,0.0009999983,0.0003033805
9249,12054.0,train,0.0011428595,0.00030066073
16504,3400.0,train,0.0008571446,0.00030183312
16968,2089.0,train,0.0008571744,0.00030189892
13654,11297.0,train,0.0008571595,0.0003028569
6170,10514.0,train,0.0009999983,0.00030471178
9743,3475.0,train,0.0008571446,0.00030100357
18167,5071.0,train,0.0008571446,0.00029830218
4053,573.0,train,0.00090476125,0.00029916567
14665,2431.0,train,0.00090476125,0.00029981486
8747,1465.0,train,0.0009047687,0.00029839526
3397,2265.0,train,0.0011428576,0.00030217474
7352,11688.0,train,0.001000002,0.00030407298
6196,17334.0,train,0.0011428595,0.00030995408
12876,6823.0,validation,0.0008571744,0.0002985815
19284,20633.0,validation,0.0011428446,0.00030607637
18776,17653.0,validation,0.0011428557,0.00030404687
13487,11859.0,validation,0.0008571446,0.0002966614
10310,3130.0,validation,0.0011428567,0.00030598525
6359,2267.0,validation,0.0008571446,0.00030554412
1139,4705.0,validation,0.00090476125,0.0002917791
15079,6194.0,validation,0.0011428595,0.00030481606
4486,4396.0,validation,0.001000002,0.00030052877
2986,7388.0,validation,0.0008571446,0.00029832876
5923,20812.0,validation,0.0010000006,0.00029566992
2926,10345.0,validation,0.0011428588,0.0003008456
12476,1876.0,validation,0.0008571744,0.00029634
14198,18893.0,validation,0.0008571446,0.00030040997
293,1689.0,validation,0.0011428557,0.00028769756
2618,1055.0,validation,0.0008571446,0.00030017205
18183,4388.0,validation,0.0008571446,0.00029690214
16262,2475.0,validation,0.001000002,0.00031155028
6780,683.0,validation,0.00085715204,0.00030300106
7752,11576.0,validation,0.0008571446,0.00029911243
17227,17322.0,validation,0.0010000002,0.0002779318
14830,17631.0,validation,0.0009999946,0.00029291914
4194,10263.0,validation,0.0008571446,0.0003068919
12903,1242.0,validation,0.000904765,0.00029896654
5416,20734.0,validation,0.0008571446,0.00029943074
8172,14018.0,validation,0.0011428574,0.00029704912
4148,13836.0,validation,0.0010000002,0.00029807584
5199,13233.0,validation,0.0011428595,0.0002996692
15485,12579.0,validation,0.00085714646,0.00028947153
10013,17483.0,validation,0.00085715204,0.00030480296
21349,16124.0,validation,0.0011428595,0.00029631364
6057,7969.0,validation,0.001000002,0.000297196
365,9158.0,validation,0.0011428595,0.00030696962
14654,19314.0,validation,0.000857234,0.00030226685
20840,16157.0,validation,0.00090476125,0.00029722278
20561,20449.0,validation,0.0011428557,0.00030128055
10695,17440.0,validation,0.0009999992,0.00030157005
20393,8850.0,validation,0.0008571446,0.0002973562
10873,21528.0,validation,0.0008571744,0.00029030652
9266,8583.0,validation,0.0008571446,0.00029499808
20809,18589.0,validation,0.0011428576,0.0002979294
9280,17655.0,validation,0.0008571446,0.0002893069
223,16039.0,validation,0.0011428595,0.00030674963
17472,20602.0,validation,0.0008571744,0.00029706248
13563,10023.0,validation,0.0008571469,0.00029947056
3268,3293.0,validation,0.0008571446,0.00029229536
4286,1127.0,validation,0.0008571446,0.00030277827
4934,16347.0,validation,0.0008571744,0.0002997751
11865,20063.0,validation,0.0008571744,0.00030472485
3903,21345.0,validation,0.0008571446,0.00029921866
14059,10131.0,validation,0.0008571446,0.00029113912
12321,3292.0,validation,0.0011428595,0.0002971559
10529,3175.0,validation,0.0011428595,0.0003077958
615,7655.0,validation,0.0008571446,0.0002967416
7334,17350.0,validation,0.0010000002,0.00029767625
10509,5450.0,validation,0.001000002,0.00029616602
18398,5706.0,validation,0.0011428576,0.00028735257
13445,11929.0,validation,0.0008571446,0.00029454028
8434,9377.0,validation,0.0010000002,0.00030060794
14522,5076.0,validation,0.0011428557,0.00029425728
1433,16989.0,validation,0.0011428595,0.0003057908
1832,7545.0,validation,0.001000002,0.00029957652
18975,20676.0,validation,0.001000002,0.00029291917
10,9456.0,validation,0.0008571446,0.000303302
18384,6408.0,validation,0.0009047687,0.00029652764
2443,21046.0,validation,0.00090476125,0.000297276
3283,1792.0,validation,0.0008571446,0.00029916564
9230,21015.0,validation,0.0008571446,0.00029824892
5596,13129.0,validation,0.0010000011,0.0002956296
21626,16058.0,validation,0.0011428576,0.0002981158
5006,18605.0,validation,0.0011428557,0.00029162935
20482,15773.0,validation,0.0008571446,0.0002929463
1206,2502.0,validation,0.0008571446,0.0003012146
1026,1368.0,validation,0.0008571446,0.00028585718
3584,14329.0,validation,0.0008571744,0.00028863398
4182,16333.0,validation,0.0009999983,0.0002961794
20837,11968.0,validation,0.0008571744,0.00030469874
11614,11980.0,validation,0.0008571446,0.00029931145
352,20919.0,validation,0.0011428446,0.00029754313
216,18577.0,validation,0.0008571446,0.00029828883
13882,16898.0,validation,0.00090476125,0.00030323665
14116,6621.0,validation,0.0011428595,0.00030652958
16958,7834.0,validation,0.0008571446,0.00029572356
5056,1108.0,validation,0.0008571446,0.0002894165
3810,4260.0,validation,0.00090476125,0.0003040991
12138,13066.0,validation,0.0008571446,0.00029459427
13829,11216.0,validation,0.00090476125,0.0002919558
5371,8992.0,validation,0.0008571446,0.00029759624
8767,6690.0,validation,0.001000002,0.0003039424
8180,21407.0,validation,0.00090476125,0.00029279722
7766,14111.0,validation,0.0008571744,0.00030019847
6870,17224.0,validation,0.00090476125,0.0003001985
8907,11141.0,validation,0.0008571446,0.0002855099
13725,2836.0,validation,0.001,0.00029414933
15403,16292.0,validation,0.0008571446,0.0002883176
16623,19247.0,validation,0.0008571446,0.00029820905
6031,14402.0,validation,0.0008571446,0.00030364207
21506,12464.0,validation,0.0008571446,0.00029184698
17939,12781.0,validation,0.0008571744,0.00030372053
15294,8486.0,validation,0.0010000002,0.0003005684
10279,21447.0,validation,0.0011428576,0.0002910029
6650,14173.0,validation,0.0008571446,0.0002967685
6272,8673.0,validation,0.0009999946,0.000298847
7002,9424.0,validation,0.001000002,0.0003056481
49,13958.0,validation,0.0008571744,0.0003020303
1852,5324.0,validation,0.00090476125,0.0002979827
10058,2531.0,validation,0.0011428557,0.00029636695
9584,18866.0,validation,0.0008571446,0.00028530142
16441,20525.0,validation,0.0008571446,0.00029154756
4528,2820.0,validation,0.0008571446,0.00029298707
190,10782.0,validation,0.000857234,0.0002979155
554,15180.0,validation,0.0008571455,0.0002929057
9864,4635.0,validation,0.0011428576,0.00029336585
10919,20855.0,validation,0.0008571446,0.00030112255
6377,629.0,validation,0.0008571446,0.00029976186
6753,14774.0,validation,0.0011428595,0.00029312243
1504,4359.0,validation,0.00085714506,0.00029863452
13066,15423.0,validation,0.0010000006,0.0003002117
13345,11725.0,validation,0.0008571446,0.00028867513
8298,384.0,validation,0.00090476125,0.00029941768
17961,7758.0,validation,0.0008571446,0.000309018
8181,16043.0,validation,0.0008571446,0.00029643395
12946,4153.0,validation,0.0008571446,0.00029836874
19878,21012.0,validation,0.0011428567,0.00029558947
19321,9434.0,validation,0.0008571446,0.0002958712
14962,475.0,validation,0.0008571446,0.00029317645
18711,8638.0,validation,0.0008571446,0.00028862027
4100,4381.0,validation,0.0010000002,0.00030586857
16812,7752.0,validation,0.0008571455,0.0002988869
19368,8369.0,validation,0.0011428571,0.00029510574
16054,5408.0,validation,0.0011428595,0.00029040207
17335,20273.0,validation,0.0008571446,0.00029714257
5860,15043.0,validation,0.0008571446,0.00030825942
1367,21233.0,validation,0.0008571744,0.00030872255
11825,7918.0,validation,0.0008571744,0.00030488108
15465,18102.0,validation,0.0009047622,0.0003016884
18662,17719.0,validation,0.0008571446,0.0002931765
20448,20748.0,validation,0.0008571446,0.00028804218
4938,2078.0,validation,0.0011428595,0.00030652952
9894,13528.0,validation,0.0011428576,0.00029907282
3979,3495.0,validation,0.0008571595,0.00028888136
5109,17295.0,validation,0.001000002,0.0002980759
1119,16469.0,validation,0.0008571446,0.00029573712
7821,18347.0,validation,0.0008571446,0.0003040337
4953,16348.0,validation,0.0008571744,0.00029568345
10025,7110.0,validation,0.0008571446,0.00030201717
3192,2657.0,validation,0.0008571744,0.00030516722
2114,7394.0,validation,0.0008571744,0.00029770305
17653,2695.0,validation,0.0008571744,0.00030159627
16772,1622.0,validation,0.0008571446,0.00030066073
11883,15317.0,validation,0.00090476125,0.00029344708
7292,18149.0,validation,0.0009999946,0.00029278372
9170,11378.0,validation,0.0008571595,0.0003024243
127,11926.0,validation,0.0008571744,0.0003053363
3883,17269.0,validation,0.0008571446,0.00030383814
3475,10208.0,validation,0.00090476125,0.00029406845
3417,1044.0,validation,0.0008571446,0.00029864794
8427,2515.0,validation,0.0011428567,0.0002944326
11890,9983.0,validation,0.00090476125,0.00029798283
8967,21654.0,validation,0.0009999946,0.00030482866
662,8412.0,validation,0.0010000002,0.000296166
2794,4060.0,validation,0.0008571446,0.00030760228
8438,21783.0,validation,0.0008571446,0.00029886028
13028,13068.0,validation,0.0011428595,0.00030109606
18648,18251.0,validation,0.0011428567,0.0002913979
17059,15201.0,validation,0.0008571446,0.00030143853
9085,6911.0,validation,0.001000002,0.00030027775
8494,18813.0,validation,0.001142852,0.00030230614
4812,11664.0,validation,0.0008571446,0.000302883
2810,5736.0,validation,0.001000002,0.00030052857
1518,6929.0,validation,0.0008571446,0.00028892254
11989,18210.0,validation,0.000857234,0.00030827153
3144,18612.0,validation,0.0008571744,0.0002971559
2608,18288.0,validation,0.00090476125,0.00029651422
15634,18276.0,validation,0.0008571744,0.0003070469
9699,10577.0,validation,0.0008571446,0.00031051665
10690,11450.0,validation,0.0008571446,0.00029109817
1628,17828.0,validation,0.0011428595,0.0002967951
4208,11972.0,validation,0.0008571446,0.00030013232
12357,5461.0,validation,0.0008571446,0.0002969021
9127,6277.0,validation,0.0008571446,0.00030088503
6564,5490.0,validation,0.0009999983,0.00030672367
1364,14619.0,validation,0.0008571446,0.00030807912
4057,21263.0,validation,0.0008571446,0.00029627327
6694,18666.0,validation,0.0008571446,0.0003023717
13427,8047.0,validation,0.0009999964,0.00030698237
8,11275.0,validation,0.000857234,0.00030391625
9965,10897.0,validation,0.0011428576,0.00030079283
7030,21198.0,validation,0.0009999983,0.00029472893
17130,13903.0,validation,0.0009999999,0.00030422947
233,20772.0,validation,0.0008571446,0.0002970357
20551,18497.0,validation,0.0008571744,0.00029317653
19367,11221.0,validation,0.0008571446,0.0002934606
14519,19301.0,validation,0.0011428557,0.00030486804
1962,2037.0,validation,0.0008571446,0.00029541476
11862,13568.0,validation,0.0010000002,0.00029466147
19974,11561.0,validation,0.0008571446,0.00029834206
4367,14477.0,validation,0.0008571446,0.00030869688
4124,13335.0,validation,0.0008571446,0.0003004892
13490,17388.0,validation,0.0011428595,0.00029945734
19855,10599.0,validation,0.0008571446,0.0003009905
3682,11848.0,validation,0.0008571446,0.00029920536
6668,18997.0,validation,0.001000002,0.00029756967
19205,12709.0,validation,0.0008571446,0.00029202376
2465,1298.0,validation,0.0008571446,0.0002985681
9658,10905.0,validation,0.0011428557,0.00029533418
10235,17371.0,validation,0.001000002,0.00030287003
17303,11735.0,validation,0.0011428595,0.0002942977
2340,9141.0,validation,0.0008571446,0.0002923632
20245,12917.0,validation,0.0008571497,0.00029936444
885,2841.0,validation,0.0009999983,0.00028855153
19232,13666.0,validation,0.0008571446,0.00029202367
8583,5915.0,validation,0.0008571446,0.0003004495
14012,6049.0,validation,0.0008571446,0.00030095095
2089,1651.0,validation,0.00090476125,0.00029894002
17787,2976.0,validation,0.0011428595,0.00029672837
18838,16259.0,validation,0.0011428595,0.00029581744
10694,10758.0,validation,0.0008571446,0.00029565662
6038,15478.0,validation,0.001000002,0.00029468845
14230,20783.0,validation,0.00090476125,0.00029896654
14155,16498.0,validation,0.0008571446,0.00029868772
7798,21336.0,validation,0.0008571446,0.00029165656
19188,14928.0,validation,0.0008571744,0.0002986346
15892,15165.0,validation,0.0008571446,0.0002842424
8467,5966.0,validation,0.0011428581,0.0003007135
12716,7360.0,validation,0.0008571446,0.00029428428
4696,20542.0,validation,0.0008571446,0.00029561622
3308,5085.0,validation,0.0011428557,0.00030280443
16085,2718.0,validation,0.0008571446,0.00030120154
8768,5686.0,validation,0.0008571446,0.0002858295
17207,15916.0,validation,0.0008571446,0.00029776964
529,13474.0,validation,0.0008571446,0.00030023803
12146,3562.0,validation,0.0010000002,0.000305596
5335,19037.0,validation,0.001000002,0.0002989932
7296,16637.0,validation,0.00085714646,0.0002955626
3710,8167.0,validation,0.00090476125,0.00030221415
17026,21512.0,validation,0.0008571744,0.0003041775
4733,21541.0,validation,0.0011428557,0.000306866
7988,7651.0,validation,0.00090476125,0.00030150436
4861,8484.0,validation,0.0008571446,0.00029021074
18654,6692.0,validation,0.0008571483,0.00029037477
19361,16357.0,validation,0.0011428595,0.00030349827
9847,4660.0,validation,0.0008571744,0.0002962465
69,8339.0,validation,0.0008571744,0.00030579083
5403,19194.0,validation,0.0009999983,0.00030097735
3889,10581.0,validation,0.0008571446,0.00030355045
16879,8330.0,validation,0.0008571446,0.00031183037
9676,18802.0,validation,0.0009999983,0.000298169
15724,8659.0,validation,0.0011428595,0.00029576386
16067,2847.0,validation,0.0011428576,0.0003019646
1469,4058.0,validation,0.0008571446,0.0002994838
16276,7310.0,validation,0.00090476125,0.0002981957
7023,13908.0,validation,0.0008571744,0.00030774414
9671,20833.0,validation,0.0009999983,0.00030690478
16069,2393.0,validation,0.0011428567,0.00030472488
1502,984.0,validation,0.0009047687,0.00029597865
13974,7528.0,validation,0.001000002,0.0003000794
4447,18578.0,validation,0.0011428595,0.00030463372
11519,16802.0,validation,0.00090476125,0.00029957652
2707,20920.0,validation,0.0008571446,0.0003014517
7649,15009.0,validation,0.0008571446,0.00029863458
1627,6034.0,validation,0.0008571446,0.00029767628
4018,11654.0,validation,0.0009047687,0.0002951594
13417,20901.0,validation,0.0008571446,0.00029175176
4168,12029.0,validation,0.0009999946,0.00029277013
4483,9206.0,validation,0.0011428576,0.00029892684
15153,21608.0,validation,0.0008571446,0.00030876108
17182,10853.0,validation,0.0008571446,0.00030087185
17300,21220.0,validation,0.001000002,0.0002942977
1798,570.0,validation,0.0008571446,0.00029625985
13798,8715.0,validation,0.0008571446,0.00029549538
9674,12613.0,validation,0.0008571446,0.0003000528
14235,8371.0,validation,0.0010000002,0.00030606316
4990,4836.0,validation,0.0010000002,0.00029643392
4126,4752.0,validation,0.0009047538,0.00030135945
4028,2497.0,validation,0.0008571744,0.0002952267
16445,19238.0,validation,0.0008571744,0.00030221426
13281,13547.0,validation,0.001000002,0.00029695552
2494,15380.0,validation,0.0008571446,0.00030033066
6241,14331.0,validation,0.001000002,0.00029908604
18201,7590.0,validation,0.001000002,0.00029420346
21165,8897.0,validation,0.0011428576,0.00030307952
11894,10432.0,validation,0.0008571446,0.0003005552
15124,6298.0,validation,0.0010000006,0.00029879395
16622,15851.0,validation,0.00090476125,0.00029714254
18523,8513.0,validation,0.0008571744,0.0002975429
12151,5289.0,validation,0.001000002,0.00029650083
5900,13771.0,validation,0.0011428567,0.0002897728
18586,16756.0,validation,0.0008571446,0.0002909754
18080,8957.0,validation,0.0008571446,0.00029764962
18613,3431.0,validation,0.00090476125,0.0002972094
889,11105.0,validation,0.0008571446,0.0003030272
2395,17170.0,validation,0.0010000002,0.00030484208
1399,12213.0,validation,0.000857234,0.0003094026
8323,3061.0,validation,0.0008571744,0.00030594663
19420,8111.0,validation,0.001000002,0.00029887373
20403,21545.0,validation,0.0010000002,0.00029451336
9516,8201.0,validation,0.001000002,0.00030420345
2421,17173.0,validation,0.0011428595,0.0002996957
15867,16720.0,validation,1.0637143,0.020718975
4032,3312.0,validation,0.0008571446,0.00030048908
4185,8611.0,validation,0.0011428595,0.00029702243
12869,13894.0,validation,0.000857234,0.00029726292
15890,8665.0,validation,0.00090476125,0.00030297475
4333,4365.0,validation,0.0011428557,0.00029277007
4507,15898.0,validation,0.0008571446,0.00029732942
10132,344.0,validation,0.0011428576,0.00030256854
1242,7122.0,validation,0.0011428595,0.0002935012
10060,495.0,validation,0.001142852,0.0002972227
8683,3922.0,validation,0.00085715204,0.00029532093
17753,2443.0,validation,0.0008571446,0.00029282438
13621,17422.0,validation,0.0008571446,0.00029875417
18277,3802.0,validation,0.0009999997,0.00030412516
2746,3370.0,validation,0.0008571446,0.0002859127
5892,19455.0,validation,0.004333334,0.0003023323
5733,11021.0,validation,0.0011428595,0.00030720205
9872,17681.0,validation,0.0011428571,0.0002950922
18158,17344.0,validation,0.0008571446,0.00029647414
11179,15488.0,validation,0.0008571446,0.0002985415
2801,9053.0,validation,0.0009999983,0.00030023803
2062,6339.0,validation,0.0008571446,0.0003018464
927,2826.0,validation,0.0011428595,0.0002985283
184,13112.0,validation,0.0009523779,0.0002994174
9842,4619.0,validation,0.0011428571,0.00030279133
9020,6487.0,validation,0.0008571446,0.00029752965
14169,17962.0,validation,0.0010000002,0.0003092491
9876,16927.0,validation,0.0008571446,0.00029323055
8498,4721.0,validation,0.00090476125,0.0002923632
16740,14157.0,validation,0.001000002,0.00030632238
4571,1606.0,validation,0.00085714646,0.0002922003
15609,12619.0,validation,0.0008571446,0.00030467275
4068,1198.0,validation,0.0011428595,0.0002994705
8393,21692.0,validation,0.0008571446,0.00029679513
144,16914.0,validation,0.0008571744,0.00030494606
772,18916.0,validation,0.0008571446,0.00029432483
9104,6613.0,validation,0.0008571446,0.0002912617
2907,21195.0,validation,0.0008571483,0.00029883394
13073,7003.0,validation,0.0011428595,0.00030251592
1734,17785.0,validation,0.0008571446,0.0003104274
9666,10479.0,validation,0.0009999983,0.00030665894
1758,10876.0,validation,0.0008571446,0.00029888694
10217,9238.0,validation,0.0008571446,0.00029912576
6936,17833.0,validation,0.001000002,0.00029444604
1645,7424.0,validation,0.00085714646,0.00030318424
6999,18284.0,validation,0.0008571744,0.00029650092
12270,11379.0,validation,0.0011428595,0.00029529392
19599,11586.0,validation,0.0008571595,0.00030489403
10284,13867.0,validation,0.0009999992,0.00030698234
14509,5555.0,validation,0.0009999871,0.00029000558
15740,19954.0,validation,0.0009999983,0.0003043076
2967,7635.0,validation,0.0010000003,0.00030138568
2543,13440.0,validation,0.0011428557,0.00029732948
12361,2262.0,validation,0.0008571446,0.0002908255
14809,21216.0,validation,0.00090476125,0.00030317117
15258,18566.0,validation,0.0009999983,0.00029575045
15490,20742.0,validation,0.0011428595,0.00030147794
21161,19024.0,validation,0.0008571446,0.00029297336
10430,3585.0,validation,0.0008571744,0.0002981826
12073,4161.0,validation,0.0011428576,0.0003065943
7191,17069.0,validation,0.0008571446,0.00028340353
498,16911.0,validation,0.0008571744,0.00029605892
946,5891.0,validation,0.0011428595,0.00029687534
18273,5833.0,validation,0.0011428557,0.0002994175
12490,19689.0,validation,0.0008571446,0.0002937039
20092,10061.0,validation,0.00090476125,0.00029619285
13682,19137.0,validation,0.0011428557,0.00029207807
18250,1872.0,validation,0.00085715204,0.00029964274
9974,9465.0,validation,0.0008571467,0.0003048291
13201,11587.0,validation,0.0008571446,0.00029659452
2033,5507.0,validation,0.0008571744,0.0003017937
18212,2056.0,validation,0.00085714646,0.0003084011
8944,2879.0,validation,0.0008571446,0.00029611247
5687,16438.0,validation,0.000857234,0.00030189892
13641,11537.0,validation,0.001000002,0.00030755057
5589,17964.0,validation,0.0010000002,0.00030837522
10867,19906.0,validation,0.0009047538,0.00029040227
16951,6580.0,validation,0.0008571446,0.00029925845
2980,4466.0,validation,0.0008571446,0.00029479616
10439,3789.0,validation,0.0011428595,0.0002958443
17764,1619.0,validation,0.001000002,0.00030572596
11951,16130.0,validation,0.0008571446,0.00030332818
2613,21108.0,validation,0.0010000002,0.0003105808
15775,7056.0,validation,0.0008571446,0.00029846173
13925,18847.0,validation,0.00090476125,0.00030494606
18684,15641.0,validation,0.0008571446,0.00030516725
17294,15377.0,validation,0.0008571446,0.00029969568
20661,13641.0,validation,0.0008571446,0.00028708996
10749,1203.0,validation,0.00090476125,0.00030540128
193,17536.0,validation,0.0008571446,0.0002972094
2467,7513.0,validation,0.0011428576,0.00029412238
3637,14504.0,validation,0.00085714646,0.0003096083
1984,13090.0,validation,0.0009047389,0.00030424274
1256,11086.0,validation,0.0008571446,0.0002986611
18609,2919.0,validation,0.00090476125,0.00030748616
10394,6641.0,validation,0.0008571446,0.0002981957
3003,20949.0,validation,0.001000002,0.00029036112
18397,1495.0,validation,0.00085714506,0.00030116178
4202,12204.0,validation,0.001000002,0.00029759627
10372,8833.0,validation,0.0011428557,0.00029333876
7437,8219.0,validation,0.0011428557,0.000299338
8830,9662.0,validation,0.0008571446,0.00030417732
3189,21285.0,validation,0.00090476125,0.00029746303
5161,16546.0,validation,0.0011428576,0.00030038346
7128,5478.0,validation,0.0011428576,0.00030206967
18790,21013.0,validation,0.0008571446,0.0003009378
4925,13415.0,validation,0.0011428595,0.0003077956
18840,21077.0,validation,0.0008571455,0.00029978834
10754,5067.0,validation,0.001000002,0.00029742284
13815,1271.0,validation,0.00090476125,0.0003022798
18734,8585.0,validation,0.0011428595,0.0003134423
41,8420.0,validation,0.001000002,0.0003001454
7866,20484.0,validation,0.00090476125,0.0003027126
8592,15868.0,validation,0.0008571446,0.00030455546
2216,1809.0,validation,0.0008571446,0.00030251604
13839,8114.0,validation,0.00090476125,0.0002958711
16524,4772.0,validation,0.0011428557,0.0002989666
3366,20570.0,validation,0.0008571446,0.00029176543
9816,20015.0,validation,0.0009999946,0.00030213536
9789,14683.0,validation,0.0008571744,0.00029370384
2308,10649.0,validation,0.0011428574,0.00029587117
13844,6253.0,validation,0.0008571446,0.00030700804
11892,9272.0,validation,0.0011428557,0.00030330205
6987,13822.0,validation,0.0008571744,0.0003006872
9228,18859.0,validation,0.0008571744,0.00029811592
1854,3180.0,validation,0.0008571446,0.00029714266
18196,12897.0,validation,0.0011428576,0.00030178053
16551,4952.0,validation,0.0008571446,0.00030248967
612,6556.0,validation,0.001142852,0.00029774292
5434,14665.0,validation,0.0011428576,0.00029561628
12784,5747.0,validation,0.00090476125,0.0002964071
18203,14335.0,validation,0.0009999983,0.00028364136
14630,12607.0,validation,0.00090476125,0.00029470192
16687,10556.0,validation,0.00090476125,0.00029708914
15137,14274.0,validation,0.00090476125,0.00030331514
20360,20164.0,validation,0.0008571446,0.00029730273
3447,21065.0,validation,0.0010000002,0.0003011618
553,10977.0,validation,0.0008571446,0.00029690212
17488,18289.0,validation,0.0010000002,0.0002855794
2882,19596.0,validation,0.00090476125,0.0002977296
18236,6103.0,validation,0.0008571744,0.00030038354
7093,2001.0,validation,0.0008571744,0.00029470207
152,9796.0,validation,0.0008571446,0.00030511522
21674,20389.0,validation,0.0008571446,0.00028637037
2376,11437.0,validation,0.0008571446,0.00030375965
16763,4470.0,validation,0.0008571446,0.00029778288
15856,11058.0,validation,0.0011428557,0.00030153064
13864,20561.0,validation,0.0008571446,0.00029876744
11671,9821.0,validation,0.00090476125,0.00030554412
800,13874.0,validation,0.0008571446,0.00029511916
15813,7937.0,validation,0.0008571446,0.00030395543
2237,2202.0,validation,0.0008571446,0.00029802264
19034,18406.0,validation,0.0008571446,0.0002863011
5437,14197.0,validation,0.001000002,0.00031378417
15538,18169.0,validation,0.0008571446,0.0002865644
728,6623.0,validation,0.00090476125,0.00029588447
12062,6260.0,validation,0.00090476125,0.00029916558
12816,9567.0,validation,0.0008571446,0.00029588465
3349,4835.0,validation,0.001000002,0.00029467506
6910,18854.0,validation,0.0009999983,0.00030015883
4961,6777.0,validation,0.0009999983,0.0002815068
1008,12978.0,validation,0.0008571446,0.00029483665
14162,13891.0,validation,0.0011428595,0.0003070211
12947,4622.0,validation,0.0008571446,0.0003029485
6585,14204.0,validation,0.0008571744,0.00030058163
14495,17466.0,validation,0.00090476125,0.00028973175
4439,9118.0,validation,0.00090476125,0.00029199655
16989,2324.0,validation,0.0008571446,0.00029870102
13698,7685.0,validation,0.0008571446,0.0002917926
19890,12773.0,validation,0.0008571446,0.00029901962
6481,2133.0,validation,0.0008571744,0.00030314495
10313,8207.0,validation,0.0008571744,0.00030105657
17850,663.0,validation,0.00090476125,0.000291248
16386,2775.0,validation,0.0008571446,0.00030002656
16362,18722.0,validation,0.0009999983,0.00030845244
13488,10441.0,validation,0.00085715204,0.0003034067
10203,17437.0,validation,0.0008571744,0.00029965607
19066,13054.0,validation,0.0008571446,0.00028966326
1871,1585.0,validation,0.0009999983,0.00030647783
515,12266.0,validation,0.0009999983,0.00030590757
12453,4790.0,validation,0.0011428576,0.0002908937
3857,12069.0,validation,0.001000002,0.0003035374
18525,9251.0,validation,0.0008571446,0.00028744916
7153,8651.0,validation,0.0008571446,0.000287021
8448,12328.0,validation,0.00090476125,0.00030315804
7771,14938.0,validation,0.0008571446,0.00029651416
15808,20799.0,validation,0.0011428576,0.0003078472
9082,19203.0,validation,0.00085714646,0.0002950385
18830,10041.0,validation,0.0008571446,0.00029211887
15071,19222.0,validation,0.0010000002,0.00030025133
5976,14733.0,validation,0.0008571446,0.00029874087
11433,11719.0,validation,0.00090476125,0.0002978096
8887,18703.0,validation,0.00085714646,0.00029305465
12174,14533.0,validation,0.0008571744,0.00030460762
20362,11444.0,validation,0.0011428539,0.0003041906
2849,7390.0,validation,0.0008571744,0.00029196942
10045,11479.0,validation,0.0008571446,0.00030394248
21290,12463.0,validation,0.0008571446,0.00030378575
72,14060.0,validation,0.00085714646,0.00029940435
15496,14188.0,validation,0.0009999992,0.00031017163
673,2745.0,validation,0.0008571446,0.00029965598
19077,13689.0,test,0.0008571446,0.00030541426
13777,10893.0,test,0.0008571446,0.00029051138
1078,857.0,test,0.0008571446,0.00029925836
1113,16771.0,test,0.0008571744,0.00030941586
17739,6670.0,test,0.0008571446,0.00029683518
10318,6673.0,test,0.001000002,0.00031169024
17866,584.0,test,0.001000002,0.00029704897
14356,8024.0,test,0.0008571483,0.00029546855
2965,21328.0,test,0.0008571446,0.00030310565
9752,2336.0,test,0.0008571446,0.00030067406
5395,8276.0,test,0.0008571446,0.00029787607
20776,21784.0,test,0.0008571446,0.00029248535
14670,740.0,test,0.0008571446,0.00029872754
9582,14940.0,test,0.0008571446,0.00029696894
20891,15371.0,test,0.0008571446,0.00030366806
20873,14657.0,test,0.0008571744,0.0003062058
5777,16862.0,test,0.0011428595,0.0002980759
7258,20362.0,test,0.0008571446,0.00029964282
16952,1862.0,test,0.0008571446,0.00029604547
8609,9363.0,test,0.0011428576,0.0002996692
20775,18450.0,test,0.0008571446,0.00029468862
180,15592.0,test,0.0009999983,0.00029666154
4926,18168.0,test,0.0008571455,0.00028826253
11170,19786.0,test,0.0011428595,0.0003074346
4951,6726.0,test,0.0008571446,0.0002884416
20313,13920.0,test,0.0011428595,0.00029318995
12223,18277.0,test,0.0011428557,0.00030288287
15988,1270.0,test,0.00085714646,0.0003027126
8873,7291.0,test,0.00090476125,0.00029118007
1094,21499.0,test,0.0011428595,0.00030089825
4153,20939.0,test,0.0011428595,0.00029093455
10383,1129.0,test,0.0009999983,0.000300608
15227,13393.0,test,0.0008571446,0.00029417637
16205,5432.0,test,0.0008571446,0.00029808926
21099,9076.0,test,0.0010000002,0.0003000927
3712,12929.0,test,0.0011428595,0.00029671518
11182,21778.0,test,0.0008571446,0.00029632685
129,16463.0,test,0.00090476125,0.00029603214
7684,6229.0,test,0.0010000002,0.00030510224
1835,15162.0,test,0.0008571744,0.00029215947
5826,17804.0,test,0.0009999983,0.0002962732
8902,8605.0,test,0.0008571446,0.0003009642
5856,7760.0,test,0.0010000002,0.00029552216
1468,13411.0,test,0.00090476125,0.00029728946
12147,5173.0,test,0.0010000002,0.00029560283
12201,19742.0,test,0.001000002,0.0003022537
10115,12854.0,test,0.0008571446,0.0003021616
5924,20316.0,test,0.00090476125,0.00030362888
19226,16006.0,test,0.0011428576,0.00028145043
1655,7559.0,test,0.00085714646,0.00030627055
15800,8134.0,test,0.0011428595,0.00030438596
16532,19983.0,test,0.0008571744,0.00030204334
1068,1886.0,test,0.0008571446,0.00029552224
3033,20877.0,test,0.0008571446,0.00030029097
2736,11305.0,test,0.0008571446,0.0003042948
11500,13887.0,test,0.0008571595,0.00029056604
3990,6017.0,test,0.0011428595,0.00030507604
10327,1563.0,test,0.0008571744,0.00029394697
10484,2869.0,test,0.0011428557,0.00030091146
5501,19357.0,test,0.0011428595,0.00030252937
3235,7294.0,test,0.0010000002,0.000295965
19466,20266.0,test,0.0011428595,0.00030673668
19848,20824.0,test,0.0011428595,0.0003045685
5316,14208.0,test,0.0008571446,0.0002948905
16782,445.0,test,0.0011428595,0.0002962331
6004,2482.0,test,0.0008571446,0.0003025027
20220,19905.0,test,0.0009999983,0.00029892678
6852,8264.0,test,0.0011428595,0.00030294852
16469,14183.0,test,0.0008571446,0.0002994308
6625,4822.0,test,0.0008571446,0.00029576392
1792,7719.0,test,0.0011428576,0.000303616
11226,15243.0,test,0.0011428576,0.0003011223
1100,1942.0,test,0.0008571446,0.00029305468
3208,14560.0,test,0.0008571446,0.000298794
16357,6802.0,test,0.0008571744,0.00029333873
14244,8694.0,test,0.0008571446,0.0002982757
4329,5920.0,test,0.0008571595,0.0003051283
3052,20308.0,test,0.0008571446,0.00029784953
6352,6722.0,test,0.0010000002,0.00030446408
3947,17456.0,test,0.0008571446,0.00029513266
17621,10058.0,test,0.0008571744,0.00030402082
707,962.0,test,0.0008571455,0.00029401446
13666,5548.0,test,0.0008571446,0.00029321728
7837,11456.0,test,0.00090476125,0.0003010169
117,16747.0,test,0.0008571446,0.00029350116
15297,17929.0,test,0.0008571446,0.00030072668
3537,4787.0,test,0.0008571455,0.0003037205
11788,16870.0,test,0.0008571446,0.00029660788
1275,9170.0,test,0.001142852,0.00030314512
9422,9986.0,test,0.0008571446,0.0002945
16920,8013.0,test,0.000857234,0.00030095095
5947,872.0,test,0.00090476125,0.0003007927
16465,5703.0,test,0.0008571483,0.00030133303
14192,11439.0,test,0.0011428595,0.00030100372
10130,5649.0,test,0.0008571446,0.0003052061
12925,5811.0,test,0.0011428576,0.00029969568
5126,16392.0,test,0.0008571595,0.00029687534
16692,19028.0,test,0.00090476125,0.0002954282
8813,10802.0,test,0.00090476125,0.00030060796
12033,21386.0,test,0.0008571446,0.00029142515
11489,11408.0,test,0.001000002,0.00031129541
17744,1471.0,test,0.00090476125,0.00029638028
12841,8023.0,test,0.0011428576,0.00029731615
19955,16874.0,test,0.0011428595,0.00030351133
18739,20835.0,test,0.0008571446,0.00030080604
9338,18444.0,test,0.001000002,0.00030379888
15930,2147.0,test,0.0011428557,0.00030122776
4825,19477.0,test,0.0011428595,0.00029896654
20241,19636.0,test,0.00090476125,0.0002991921
2649,11117.0,test,0.0008571446,0.00030026445
19268,15666.0,test,0.0008571744,0.00029424374
2213,7283.0,test,0.0011428576,0.00030209596
2560,14976.0,test,0.0011428571,0.00029691544
10661,9919.0,test,0.0008571446,0.0002943517
5835,7502.0,test,0.00090476125,0.0003039816
17885,14460.0,test,0.0011428576,0.00030142537
1785,13570.0,test,0.0008571446,0.0003013726
9178,18409.0,test,0.00090476125,0.0002964875
13595,16047.0,test,0.0010000003,0.00030387717
931,12493.0,test,0.0008571446,0.00029739618
13143,16307.0,test,0.00090476125,0.00030328892
17711,14072.0,test,0.0011428595,0.00030116187
1424,8130.0,test,0.0008571446,0.0002966347
2192,12208.0,test,0.0011428557,0.00029514602
20646,17939.0,test,0.0010000002,0.00029162946
10596,5597.0,test,0.0008571446,0.00028699316
5336,14803.0,test,0.0008571446,0.00028610707
5185,18055.0,test,0.0008571446,0.0002941764
3246,1597.0,test,0.0008571446,0.00028967694
18056,16813.0,test,0.00090476125,0.00029953683
7990,3647.0,test,0.0008571744,0.00028397702
8450,536.0,test,0.001000002,0.00029847503
19695,14363.0,test,0.0009047538,0.00030411218
18055,10146.0,test,0.0011428595,0.00030360278
21004,20912.0,test,0.0008571446,0.00029560275
8114,6191.0,test,0.001000002,0.00029784953
12937,4224.0,test,0.00090476125,0.0002949309
2928,13098.0,test,0.0008571446,0.00029710255
15809,20021.0,test,0.0008571446,0.00030603717
17401,18530.0,test,0.0008571446,0.00030005298
1534,7120.0,test,0.00090476125,0.00029899296
11474,13400.0,test,0.0011428595,0.00030076638
21036,19600.0,test,0.0008571744,0.00030208286
3740,11717.0,test,0.0009999992,0.00029298704
9303,10703.0,test,0.00090476125,0.00030293554
14613,5999.0,test,0.0010000002,0.00029575045
7877,13777.0,test,0.0008571446,0.00029293264
10272,8327.0,test,0.0010000006,0.00029691542
12301,6442.0,test,0.0008571446,0.0002943113
12941,6684.0,test,0.0011428574,0.00029228177
1351,2187.0,test,0.0010000002,0.00029964268
19305,15115.0,test,0.0008571744,0.00030160946
17737,14405.0,test,0.0008571446,0.00030514132
10359,7297.0,test,0.0008571446,0.00029908604
10691,4344.0,test,0.0011428576,0.0002990328
1498,17124.0,test,0.0008571446,0.00029290566
4203,14374.0,test,0.0008571446,0.00030446437
12178,19226.0,test,0.0011428595,0.0002987941
17419,15374.0,test,0.001000002,0.00030319724
10388,7811.0,test,0.00085714646,0.00029226832
13642,14913.0,test,0.0011428595,0.0003055961
4238,10949.0,test,0.0008571446,0.00029439208
20280,10937.0,test,0.001000002,0.00029828906
3486,5946.0,test,0.0008571446,0.00029916558
11453,16018.0,test,0.0008571446,0.0003006476
12585,493.0,test,0.0008571446,0.00028755958
16898,12973.0,test,0.0008571446,0.00029476933
17252,18008.0,test,0.0011428557,0.00029831548
16861,5308.0,test,0.0010000003,0.00029703564
16537,1509.0,test,0.001000002,0.00030220102
9702,2890.0,test,0.0008571744,0.00030540134
15898,20598.0,test,0.0008571446,0.00030196464
959,1981.0,test,0.0008571446,0.00030841384
12516,7714.0,test,0.0010000002,0.00030230597
6174,19919.0,test,0.001000002,0.00029366338
12310,511.0,test,0.0008571446,0.00028747693
19353,19389.0,test,0.00085714646,0.0002942303
20515,20774.0,test,0.0009047687,0.00029956337
100,21404.0,test,0.0008571446,0.00030304032
10380,11701.0,test,0.0008571446,0.00029891342
9063,19578.0,test,0.001000002,0.0002988206
17689,19523.0,test,0.0008571446,0.00029782296
12919,4986.0,test,0.0010000002,0.0003035505
13404,19873.0,test,0.0011428595,0.00029750293
19251,21738.0,test,0.0008571446,0.0002866473
218,13925.0,test,0.0008571446,0.00030323656
5182,11132.0,test,0.00090476125,0.00029413588
8215,14026.0,test,0.0008571446,0.00028530147
6047,5293.0,test,0.0011428595,0.00030167532
11758,6276.0,test,0.0008571446,0.00029135708
5946,20739.0,test,0.0008571744,0.00030279133
20724,14747.0,test,0.001000002,0.00030682713
11956,17691.0,test,0.0008571446,0.00029145248
5977,20632.0,test,0.0008571446,0.00029225467
11738,4169.0,test,0.001000002,0.00029968252
10755,7544.0,test,0.0008571595,0.0003042166
17420,16325.0,test,0.0008571446,0.00029213232
17316,11937.0,test,0.001000002,0.00030551813
18808,9376.0,test,0.0010000002,0.00030800188
17700,19059.0,test,0.0008571446,0.00029611247
5331,19996.0,test,0.0008571446,0.00029644728
19017,17941.0,test,0.0008571446,0.00029894008
15677,13240.0,test,0.00090476125,0.00029816915
9095,6848.0,test,0.0008571744,0.00029915228
6235,16111.0,test,0.00085714646,0.00029515947
59,19475.0,test,0.0010000004,0.00030352443
14217,12500.0,test,0.0008571446,0.000292865
19209,16280.0,test,0.0008571744,0.00029784947
16182,13652.0,test,0.0008571744,0.00030534924
14375,3481.0,test,0.0008571446,0.0003008587
11212,12783.0,test,0.0008571744,0.0002956564
16035,6419.0,test,0.0008571446,0.00030105643
5916,18842.0,test,0.001000002,0.00030114874
3497,21068.0,test,0.00085714646,0.00030151746
7003,1399.0,test,0.0008571446,0.00029718262
15901,5689.0,test,0.0011428557,0.00030353744
6227,15999.0,test,0.0008571446,0.0002995899
17921,18112.0,test,0.0008571446,0.0003005685
5725,532.0,test,0.0008571446,0.00030592046
569,2936.0,test,0.0008571446,0.00030516722
16463,6727.0,test,0.0008571744,0.00030089822
18172,7679.0,test,0.0011428595,0.00029019715
5370,12862.0,test,0.00085714646,0.00030437313
13214,10372.0,test,0.0008571446,0.00029030646
12353,1867.0,test,0.0008571446,0.00029659472
10589,2875.0,test,0.0008571446,0.00029019703
21385,11287.0,test,0.0008571446,0.00030375956
18200,6369.0,test,0.0008571446,0.00030451646
3579,16625.0,test,0.0008571446,0.00029088004
3108,6121.0,test,0.0008571446,0.00030695647
14729,2619.0,test,0.0008571446,0.000291139
1166,869.0,test,0.0011428557,0.00029445952
19951,18335.0,test,0.0010000002,0.00029684865
12031,504.0,test,0.00090476125,0.00029966925
16815,848.0,test,0.00090476125,0.00030343287
9794,4101.0,test,0.0011428595,0.00029432468
9056,17620.0,test,0.0010000002,0.00029456735
7053,10498.0,test,0.0011428576,0.00029589806
4518,316.0,test,0.0011428557,0.00030067412
17325,16295.0,test,0.0008571446,0.0002948905
115,11591.0,test,0.0008571446,0.00029642048
15101,1050.0,test,0.00085715204,0.0002931629
6180,5025.0,test,0.0011428595,0.00030230606
3641,18809.0,test,0.0008571744,0.00030122793
1120,17730.0,test,0.0008571446,0.0002943382
5099,5732.0,test,0.0008571744,0.0002957773
7022,15504.0,test,0.0008571446,0.00030083233
16225,12511.0,test,0.0011428557,0.00030389027
751,419.0,test,0.0008571446,0.00029308174
5737,6208.0,test,0.001000002,0.0003065166
19914,9938.0,test,0.00090476125,0.00029703585
3665,16846.0,test,0.0009999997,0.00029767625
20085,14180.0,test,0.00085714646,0.00029617955
14647,7777.0,test,0.0011428595,0.00030629663
7221,12081.0,test,0.0008571446,0.00029233604
6046,3465.0,test,0.0008571446,0.00030179368
3414,7118.0,test,0.0008571446,0.0002965678
1745,21332.0,test,0.0008571446,0.0003012805
2104,3306.0,test,0.0008571446,0.00029739624
5383,8881.0,test,0.0008571446,0.0002930274
2587,19654.0,test,0.0009047687,0.00030343287
799,18739.0,test,0.0011428595,0.00029295977
13370,12465.0,test,0.0008571446,0.00030285685
1480,18328.0,test,0.0008571446,0.0003009114
1491,16837.0,test,0.001000002,0.00030248976
12719,1850.0,test,0.0011428595,0.00030876108
15863,17025.0,test,0.0011428595,0.0002960589
1353,1788.0,test,0.0008571446,0.00029482323
573,5837.0,test,0.0008571744,0.00029888682
7865,10677.0,test,0.00090476125,0.0002985282
11832,17190.0,test,0.0008571446,0.00030029105
7668,10491.0,test,0.0008571744,0.0002983819
16994,1825.0,test,0.0009999871,0.00029306824
1009,2406.0,test,0.0008571744,0.00029824892
9449,14581.0,test,0.001000002,0.00030419053
21555,15028.0,test,0.0011428576,0.00030031736
20671,17523.0,test,0.0011428576,0.00030861958
1054,17241.0,test,0.0010000006,0.00029962955
3272,4917.0,test,0.0009999983,0.0002878907
2605,19670.0,test,0.00090476125,0.00030154383
4820,10499.0,test,0.0008571744,0.0002971557
15857,19454.0,test,0.0008571744,0.0002931087
16817,3850.0,test,0.0008571744,0.00030260772
11371,17181.0,test,0.00090476125,0.00030162284
21809,12931.0,test,0.0008571446,0.00029782287
7797,12404.0,test,0.001000002,0.00030025135
17641,17431.0,test,0.0010000002,0.0002994838
3613,20724.0,test,0.0008571744,0.00029565647
12338,14881.0,test,0.0008571446,0.00029674172
2379,14184.0,test,0.00090476125,0.00030216164
10687,8805.0,test,0.0009047538,0.000295831
8663,801.0,test,0.0011428576,0.00030720202
8509,20651.0,test,0.0008571744,0.00029400105
8415,11737.0,test,0.0010000011,0.00030413826
6350,7308.0,test,0.00090476125,0.00030044952
12230,21715.0,test,0.001142852,0.00029623302
15548,18897.0,test,0.0010000002,0.00029822232
4960,7598.0,test,0.0011428595,0.00030446422
14771,16358.0,test,0.0011428567,0.00030327582
5275,21632.0,test,0.00090476125,0.000294877
17525,1459.0,test,0.0008571446,0.0002922275
4336,806.0,test,0.0008571446,0.0002984219
7692,6474.0,test,0.0008571446,0.00030310563
21306,20430.0,test,0.0009999946,0.00028450752
6186,6347.0,test,0.0008571446,0.0002992717
21812,20789.0,test,0.0009999997,0.00030358968
2317,2689.0,test,0.0008571446,0.00030280443
21104,21200.0,test,0.00090476125,0.00029420332
3073,6270.0,test,0.0011428557,0.00029336597
9301,16254.0,test,0.00090476125,0.0002957906
2767,16877.0,test,0.0008571446,0.00028806986
16563,6092.0,test,0.0008571446,0.0003008851
4224,9065.0,test,0.0010000003,0.00029732953
8772,5424.0,test,0.001000002,0.0003014384
6788,1487.0,test,0.0008571455,0.0003077571
9410,18397.0,test,0.0008571446,0.0002959247
7491,19800.0,test,0.0011428595,0.0003031449
11855,8288.0,test,0.00090476125,0.00030951833
18797,8559.0,test,0.001000002,0.0003002381
17021,21723.0,test,0.00090476125,0.00029984134
19250,18503.0,test,0.00090476125,0.00030214846
19432,12298.0,test,0.001000002,0.00030197768
16529,4699.0,test,0.001000002,0.00029984125
16712,18256.0,test,0.00090476125,0.00029732948
16603,4964.0,test,0.0008571446,0.0003061409
210,16062.0,test,0.0008571446,0.00028506486
240,9601.0,test,0.0011428595,0.0002977696
15729,5955.0,test,0.001000002,0.00029086645
14662,6658.0,test,0.0011428595,0.00030791163
2270,1990.0,test,0.00090476125,0.00030633534
20301,18629.0,test,0.000857234,0.0002989002
16707,14010.0,test,0.0008571446,0.00029263448
13006,15712.0,test,0.0008571446,0.00028670277
694,4203.0,test,0.00090476125,0.00029490388
8164,11541.0,test,0.001000002,0.00029882052
19703,17922.0,test,0.0008571446,0.00028910107
18712,9636.0,test,0.0008571446,0.0003032889
4822,15960.0,test,0.0008571446,0.00029731612
10196,11886.0,test,0.0008571446,0.00029731615
12451,6988.0,test,0.0008571744,0.00029120725
17536,7430.0,test,0.001000002,0.00030331512
63,15265.0,test,0.0008571446,0.00029867445
3696,15437.0,test,0.0011428576,0.00029948374
8981,10361.0,test,0.0011428576,0.00030434705
8916,1670.0,test,0.0009999983,0.0002961795
13848,21761.0,test,0.00090476125,0.00029524005
14637,3841.0,test,0.0008571446,0.000295482
11144,1160.0,test,0.0011428595,0.00030415136
5054,3579.0,test,0.001000002,0.0003026864
7848,10668.0,test,0.0011428557,0.00030501114
11129,7227.0,test,0.00085714646,0.00029980164
6992,21667.0,test,0.0009999871,0.00029699563
527,15828.0,test,0.001571428,0.000309249
6190,13221.0,test,0.0008571446,0.00028641187
3092,1366.0,test,0.000857234,0.00029312234
15852,8151.0,test,0.0008571446,0.00030502403
1287,20417.0,test,0.0008571446,0.0002939605
5343,16426.0,test,0.0008571446,0.00030099048
16355,9239.0,test,0.0008571446,0.00030218784
4149,5394.0,test,0.001000002,0.00029534765
93,10029.0,test,0.0008571446,0.00029759624
10283,14800.0,test,0.0008571744,0.00029082547
9819,13457.0,test,0.00090476125,0.00030405997
10563,3203.0,test,0.0008571446,0.0003000528
16425,14449.0,test,0.0008571446,0.0003005551
3035,6841.0,test,0.001000002,0.00029863458
19723,17374.0,test,0.0008571744,0.00030392944
16272,7833.0,test,0.001000002,0.00030268647
4501,15660.0,test,0.0008571446,0.00029945737
2281,12043.0,test,0.0008571446,0.00030476387
18937,20755.0,test,0.0008571446,0.00030006617
1280,14661.0,test,0.00085715204,0.00029908598
12235,10043.0,test,0.0011428576,0.00029973537
364,15645.0,test,0.0008571446,0.00030262096
16651,1358.0,test,0.001000002,0.00030238478
4278,3800.0,test,0.0008571446,0.00030939025
14628,9761.0,test,0.0008571446,0.00029447296
9982,11405.0,test,0.00090476125,0.00030615396
6590,2180.0,test,0.0011428569,0.0003034198
15858,15057.0,test,0.0011428595,0.00030251598
17995,2987.0,test,0.0008571446,0.00029808935
11723,19518.0,test,0.0008571446,0.00030700816
9453,11137.0,test,0.0008571446,0.00029038862
18256,442.0,test,0.0008571453,0.00030814364
13361,12506.0,test,0.0008571446,0.00031104038
2569,17603.0,test,0.0008571446,0.00030801483
14937,7175.0,test,0.0008571446,0.00029612597
11030,9410.0,test,0.00090476125,0.0002942708
2627,6589.0,test,0.0008571446,0.00030125413
13849,13343.0,test,0.008190393,0.0003399113
618,6417.0,test,0.0008571446,0.00029872765
5251,14952.0,test,0.0009999983,0.0002978364
9133,7152.0,test,0.0008571446,0.00030328898
3910,20260.0,test,0.0008571446,0.0002960589
14597,3367.0,test,0.00090476125,0.00030347207
6222,8204.0,test,0.001000002,0.00029989422
361,13000.0,test,0.0008571446,0.00029658116
17655,4503.0,test,0.0009999983,0.0002971292
14459,4594.0,test,0.0009999983,0.00029698238
7861,19498.0,test,0.0008571455,0.0003076926
13908,21560.0,test,0.0008571446,0.0003009908
20152,18313.0,test,0.0008571446,0.00029499808
18501,15991.0,test,0.0008571446,0.00029256678
13993,701.0,test,0.001000002,0.00030314497
21431,19115.0,test,0.0011428576,0.00030336744
3320,4763.0,test,0.0008571446,0.00029239035
79,17529.0,test,0.00090476125,0.00029416283
8065,7761.0,test,0.0009999983,0.00030047583
11126,2233.0,test,0.0010000002,0.0002911664
14457,1249.0,test,0.0011428569,0.00030327577
2293,4321.0,test,0.0008571446,0.00029066164
723,1290.0,test,0.0008571446,0.0002918468
2789,6368.0,test,0.0011428595,0.00028406075
9211,16015.0,test,0.0011428557,0.0002931222
6776,11613.0,test,0.0008571446,0.00029738282
15377,16237.0,test,0.001000002,0.00030002653
20369,15739.0,test,0.0008571446,0.00029969576
12199,17861.0,test,0.00085715204,0.00029966925
15899,10512.0,test,0.001142852,0.0002949308
15874,2947.0,test,0.001000002,0.00029053874
8218,12375.0,test,0.0009047687,0.0002935417
8622,967.0,test,0.0008571446,0.0002826884
2802,4602.0,test,0.0011428632,0.0003081179
9823,16921.0,test,0.0008571446,0.00029897987
6471,4751.0,test,0.001000002,0.00029423018
3625,11588.0,test,0.0008571446,0.00030191214
8872,9764.0,test,0.000857234,0.00029868737
18974,20916.0,test,0.00090476125,0.00030277815
3872,21713.0,test,0.0008571744,0.00030105648
5029,17619.0,test,0.0008571744,0.00029770294
13494,19272.0,test,0.00090476125,0.00029667476
7621,20277.0,test,0.0008571446,0.00029866112
10847,9613.0,test,0.00090476125,0.00029459424
1157,7718.0,test,0.0009047687,0.0002927704
2390,20707.0,test,0.00090476125,0.00030386404
12192,12202.0,test,0.0008571446,0.00028552383
427,6476.0,test,0.0008571446,0.00029978837
10615,5650.0,test,0.0008571446,0.0002977429
19920,12346.0,test,0.001000002,0.0002906617
10807,13868.0,test,0.001000002,0.00030554406
5600,18634.0,test,0.0008571446,0.000294446
9562,14721.0,test,0.001000002,0.00029152053
2920,14943.0,test,0.0009999992,0.00030047598
4254,20030.0,test,0.0008571446,0.00029774292
1705,20120.0,test,0.00090476125,0.0002969555
6562,5729.0,test,0.001000002,0.00029868766
17244,11634.0,test,0.0008571744,0.0002900329
172,20766.0,test,0.0011428595,0.0002977429
9024,3307.0,test,0.0008571446,0.00030096428
21673,12998.0,test,0.0008571446,0.00028841378
6911,13387.0,test,0.0008571446,0.0002996295
12478,1503.0,test,0.0008571455,0.0002933794
12770,7926.0,test,0.0008571446,0.00030285688
11102,12772.0,test,0.0008571446,0.00030579075
15235,12422.0,test,0.0008571446,0.00029862128
9740,3642.0,test,0.0011428557,0.00030212218
19316,16839.0,test,0.0008571446,0.0002969823
1753,9838.0,test,0.0008571744,0.0003056479
8041,3434.0,test,0.0009047631,0.00030432077
1158,3695.0,test,0.0010000006,0.00030124089
10356,16512.0,test,0.0008571595,0.00029962964
10401,7192.0,test,0.0011428576,0.00030255533
11664,11991.0,test,0.001142852,0.00029413588
2830,15236.0,test,0.0009047538,0.00030241112
15954,3541.0,test,0.0011428576,0.00029592484
12241,18299.0,test,0.0011428567,0.00029871424
6103,5886.0,test,0.0009999946,0.00028619022
11872,15943.0,test,0.00090476125,0.00030092458
559,12042.0,test,0.0008571446,0.00029648747
13499,11335.0,test,0.0009999999,0.00029919224
963,6546.0,test,0.0011428576,0.0003047638
20242,10497.0,test,0.0009999983,0.00030217468
13025,16559.0,test,0.0010000002,0.0003001985
4354,18056.0,test,0.0008571446,0.000296434
11644,15762.0,test,0.0008571446,0.0003095824
6251,10300.0,test,0.0008571446,0.00030434696
19324,9789.0,test,0.001000002,0.00029858152
16407,3049.0,test,0.0010000002,0.00029976192
14350,886.0,test,0.0008571446,0.00028685507
15141,20107.0,test,0.00090476125,0.0002965812
10061,12117.0,test,0.0008571483,0.00030104342
417,4938.0,test,0.0011428567,0.00030206967
764,7309.0,test,0.0008571446,0.0002992982
19054,16647.0,test,0.00085715204,0.0002984352
9613,16474.0,test,0.0008571455,0.0002953476
1717,20306.0,test,0.0011428567,0.00030446422
12216,12546.0,test,0.0009999992,0.00030206976
9953,2039.0,test,0.0008571446,0.0003048289
10214,11449.0,test,0.00090476125,0.0002975563
2507,19468.0,test,0.00090476125,0.00030124089
201,19208.0,test,0.0011428595,0.00029734283
17951,16102.0,test,0.001000002,0.00029187422
756,4037.0,test,0.001000002,0.00029047046
10210,17381.0,test,0.0008571446,0.00029120722
3603,19762.0,test,0.0009047631,0.00029915225
10093,1729.0,test,0.0011428567,0.00029767628
952,1608.0,test,0.0008571744,0.00030059478
7644,14375.0,test,0.00085714646,0.0002959248
1479,12663.0,test,0.0009999983,0.00030349818
10160,3543.0,test,0.0008571446,0.00029965595
5212,8809.0,test,0.0008571446,0.00028521803
6207,7968.0,test,0.0008571446,0.00029818257
7443,11898.0,test,0.0008571446,0.00029844858
8507,4193.0,test,0.001000002,0.00029476933
1938,3986.0,test,0.0009999983,0.0002984086
8185,12672.0,test,0.0008571446,0.00029774295
18882,17292.0,test,0.001000002,0.00029609905
1355,2430.0,test,0.0011428557,0.00030268653
19042,11107.0,test,0.0008571744,0.0003012804
12276,5927.0,test,0.00090476125,0.00030356355
12801,18225.0,test,0.0008571744,0.00029331166
3342,3016.0,test,0.0008571446,0.00029176543
1405,16781.0,test,0.0008571446,0.00029445963
9002,4491.0,test,0.0008571446,0.00029359586
2101,2726.0,test,0.0009047538,0.00030327597
17638,1164.0,test,0.001000002,0.00030742155
4476,19972.0,test,0.0011428595,0.0003031973
18416,8068.0,test,0.0009047389,0.0002987807
18162,18477.0,test,0.0008571446,0.0003010564
1853,6226.0,test,0.0011428595,0.00029158854
388,16023.0,test,0.0011428557,0.00030262079
7363,18113.0,test,0.0008571446,0.00030348505
7054,12900.0,test,0.0009047687,0.0003015306
18656,19685.0,test,0.001000002,0.00030469874
5911,15294.0,test,0.0008571446,0.00029767634
6903,17323.0,test,0.0011428557,0.00029986774
13335,14559.0,test,0.0008571446,0.00030085858
1870,10747.0,test,0.0009999983,0.0003032496
17690,12182.0,test,0.0008571446,0.00030133323
19256,14328.0,test,0.0008571446,0.00030332824
13158,8528.0,test,0.001000002,0.0003044904
15059,15353.0,test,0.00090476125,0.00029560275
8195,21683.0,test,0.0008571446,0.00029064802
5951,2347.0,test,0.00090476125,0.00030187255
12720,1440.0,test,0.0008571446,0.000296434
7213,19966.0,test,0.0008571446,0.0002935417
685,362.0,test,0.0010000002,0.00030378575
13397,19052.0,test,0.0011428595,0.0003027651
6579,7334.0,test,0.0011428557,0.00030070034
3406,6682.0,test,0.0011428595,0.00029230886
13014,8895.0,test,0.0008571446,0.00029195566
7892,18257.0,test,0.0010000002,0.00029624646
8645,10875.0,test,0.0011428595,0.00030570003
1736,19382.0,test,0.001000002,0.00029591136
1377,5112.0,test,0.0008571446,0.00029184695
9164,18166.0,test,0.0008571446,0.00031033787
4448,14291.0,test,0.00090476125,0.00029364982
14446,10914.0,test,0.0008571446,0.00029658113
2119,4448.0,test,0.0008571744,0.00029075722
6056,935.0,test,0.0008571744,0.00029239035
7895,12734.0,test,0.001000002,0.00030449036
17590,10342.0,test,0.0008571446,0.00030005298
13338,10018.0,test,0.0008571744,0.00030117505
19526,16510.0,test,0.0008571446,0.00030085875
17608,14651.0,test,0.0011428557,0.00029952356
3275,6135.0,test,0.00090476125,0.00029454028
17919,11785.0,test,0.0008571446,0.0003000398
19424,13052.0,test,0.0010000002,0.00030584264
7889,8189.0,test,0.0008571446,0.00029147972
3984,894.0,test,0.00090476125,0.00029756958
11789,8503.0,test,0.0009999983,0.00030044955
11359,21553.0,test,0.00090476125,0.0002893617
16543,10790.0,test,0.0008571446,0.000308774
14781,10286.0,test,0.00090476125,0.00030419035
2813,17738.0,test,0.0008571446,0.00029958982
13400,20135.0,test,0.027523808,0.0006210718
5831,20048.0,test,0.0008571744,0.00030685306
14248,17488.0,test,0.0008571744,0.00029822232
10837,20001.0,test,0.0008571446,0.000302188
252,20848.0,test,0.0010000002,0.00030321043
8834,21657.0,test,0.00090476125,0.00029816912
779,20190.0,test,0.0010000002,0.00030623158
8963,8186.0,test,0.0011428576,0.00029997365
8344,2111.0,test,0.0009047687,0.00029209166
4576,430.0,test,0.0008571446,0.00028764244
18506,20964.0,test,0.00085714646,0.00029513257
13314,8335.0,test,0.0008571446,0.00029957658
12376,20950.0,test,0.0011428595,0.00030116198
2449,14511.0,test,0.0011428576,0.0003039163
12348,5363.0,test,0.0011428595,0.00029274303
1940,1496.0,test,0.0009999983,0.00029259382
20624,17969.0,test,0.0008571446,0.0002888264
20563,21513.0,test,0.0008571446,0.000296193
12400,11104.0,test,0.0009999983,0.00030991563
5479,14606.0,test,0.0008571446,0.00029247164
18673,4066.0,test,0.0008571446,0.0002946617
9306,16235.0,test,0.0008571744,0.00030571283
6337,12853.0,test,0.0008571446,0.0003070986
6912,19057.0,test,0.00090476125,0.00029974876
162,9780.0,test,0.0011428595,0.00030550515
160,13470.0,test,0.0008571446,0.0002927972
8136,1376.0,test,0.0008571446,0.00029980176
2579,17038.0,test,0.0008571446,0.00029727607
17371,21241.0,test,0.001000002,0.0002841866
19987,10531.0,test,0.0011428557,0.0002994573
241,14702.0,test,0.0011428595,0.00030421655
19867,20558.0,test,0.00090476125,0.0003004627
5170,21124.0,test,0.0011428576,0.00030015886
1825,4436.0,test,0.0008571446,0.00029272944
6902,8388.0,test,0.0008571446,0.00028019276
1958,7843.0,test,0.0008571446,0.00029597836
2203,7921.0,test,0.0011428576,0.0002991789
7998,3862.0,test,0.0008571446,0.00029558936
14938,17162.0,test,0.0008571455,0.00030370735
448,12306.0,test,0.0008571446,0.0003071762
243,11567.0,test,0.000857234,0.00029740963
6239,17799.0,test,0.0011428595,0.00030687882
12124,6916.0,test,0.0011428576,0.0002965543
1697,9414.0,test,0.00090476125,0.00030471178
4704,11334.0,test,0.0008571446,0.00029171095
5753,10094.0,test,0.0009999983,0.00031167764
15897,17622.0,test,0.0011428595,0.00029970906
2791,5062.0,test,0.00090476125,0.00030112235
19134,17641.0,test,0.0008571744,0.00028867522
7561,16752.0,test,0.0008571744,0.0002950385
18708,10458.0,test,0.001000002,0.00030813063
3606,14506.0,test,0.0008571446,0.00030450345
8496,9867.0,test,0.0008571446,0.00029964265
5276,13847.0,test,0.0008571446,0.00029342002
10585,1345.0,test,0.0008571446,0.00029583092
4836,10399.0,test,0.00085715204,0.00030054207
1864,2666.0,test,0.0008571744,0.00030157
11982,357.0,test,0.0008571744,0.00029895312
16602,7037.0,test,0.0010000002,0.00029157478
14585,10318.0,test,0.001000002,0.00029524008
7769,21238.0,test,0.0008571744,0.0002947963
6050,859.0,test,0.0008571446,0.00031435263
8406,15485.0,test,0.0009999992,0.00030755057
4786,854.0,test,0.001142852,0.00031084896
14170,18905.0,test,0.0009999983,0.00030046274
6141,1933.0,test,0.001000002,0.00029293273
10240,8776.0,test,0.0008571446,0.00029319007
15001,390.0,test,0.000904765,0.00030416436
821,21490.0,test,0.0008571446,0.00029187414
13923,15242.0,test,0.00090476125,0.00029796947
3559,20967.0,test,0.0008571446,0.00029249888
13819,21338.0,test,0.0008571446,0.00029466164
3635,18552.0,test,0.0008571446,0.00029387948
16542,20890.0,test,0.0008571446,0.00029751626
12156,4419.0,test,0.0008571483,0.00029974867
6098,6399.0,test,0.0008571744,0.0003069049
3215,2780.0,test,0.0010000002,0.00029588447
1197,7417.0,test,0.0011428557,0.00030151752
19882,12815.0,test,0.0008571446,0.00029706236
472,1360.0,test,0.0008571446,0.00029286492
19104,9042.0,test,0.0008571446,0.00028707623
854,4319.0,test,0.0008571446,0.00031008205
17169,14432.0,test,0.0010000002,0.0003032234
11319,20790.0,test,0.001000002,0.00030532316
1311,17508.0,test,0.0008571446,0.00030381198
6735,2381.0,test,0.0008571446,0.0002956163
15447,8521.0,test,0.00085714646,0.00030029097
9187,17591.0,test,0.0008571446,0.00029879404
11055,9219.0,test,0.0008571446,0.000298076
11853,1024.0,test,0.00085714646,0.0002778319
7543,11328.0,test,0.0008571446,0.0002948367
7882,13678.0,test,0.00090476125,0.00029071624
8625,5021.0,test,0.0011428595,0.00030641304
4414,8880.0,test,0.0008571446,0.00029412247
4672,2542.0,test,0.0008571446,0.00029310872
3508,5670.0,test,0.00090476125,0.00030145154
11896,19461.0,test,0.0008571446,0.00029958968
514,12005.0,test,0.0008571446,0.0002961392
3855,11055.0,test,0.0008571446,0.00029532082
6305,13962.0,test,0.0009047622,0.00029964274
2226,7071.0,test,0.0008571446,0.00029844855
15926,4051.0,test,0.0009999983,0.00029788952
18740,18520.0,test,0.0008571446,0.00030062115
3060,2251.0,test,0.0008571483,0.00029596503
15744,936.0,test,0.0011428576,0.00031049133
9952,18995.0,test,0.00090476125,0.00029923194
5428,21291.0,test,0.0008571446,0.00029836874
7950,17165.0,test,0.0008571446,0.000300172
15652,4427.0,test,0.0008571446,0.00028588492
10925,17663.0,test,0.0008571455,0.00030163597
6380,7870.0,test,0.0008571446,0.000298036
5281,14040.0,test,0.0008571446,0.00029872765
6230,20683.0,test,0.00085715204,0.00030558312
7376,14109.0,test,0.0008571446,0.00030191202
9183,20560.0,test,0.0008571446,0.00030001326
20523,15483.0,test,0.0008571446,0.00029433818
1994,15633.0,test,0.001000002,0.00030694364
1993,7593.0,test,0.00085714646,0.00030074
11238,10861.0,test,0.0011428595,0.00030056832
318,2034.0,test,0.0011428557,0.00029579067
8076,3451.0,test,0.0008571446,0.00029486362
6200,11258.0,test,0.0008571446,0.0002984752
9892,16677.0,test,0.0011428567,0.0002965812
13145,18250.0,test,0.0008571446,0.00029153403
10828,20375.0,test,0.00090476125,0.00030791166
6925,10643.0,test,0.0008571744,0.0002942303
20023,13886.0,test,0.0008571446,0.00029647409
2153,20353.0,test,0.0008571446,0.00029899308
3702,16830.0,test,0.0008571446,0.00029440562
10887,18151.0,test,0.0008571446,0.00030163585
9865,20167.0,test,0.0008571502,0.000298209
21826,9178.0,test,0.0008571446,0.00028713146
11834,4988.0,test,0.0008571446,0.0003017147
11113,3147.0,test,0.0011428595,0.0002948635
16535,11584.0,test,0.0011428567,0.000299934
11681,10233.0,test,0.0008571744,0.00029707584
12221,21745.0,test,0.0008571446,0.0002994042
3582,18551.0,test,0.0008571446,0.00030017196
911,6027.0,test,0.0008571446,0.0002969689
14944,6969.0,test,0.0011428595,0.0002956969
440,2706.0,test,0.0008571446,0.00029597845
14018,19421.0,test,0.0008571446,0.00029493085
687,7483.0,test,0.0008571446,0.00030290926
5855,4755.0,test,0.00085714646,0.0003025422
15500,10486.0,test,0.0011428557,0.00030645187
18847,9604.0,test,0.0011428595,0.00030059478
4873,9553.0,test,0.0008571446,0.00029846188
8123,1984.0,test,0.0008571446,0.00030428162
10743,1921.0,test,0.001000002,0.00029180615
3949,6188.0,test,0.0011428576,0.00030883815
17000,13997.0,test,0.0008571446,0.00029549532
1056,7772.0,test,0.0008571744,0.00030778267
10181,17748.0,test,0.0011428576,0.0002973963
4609,7750.0,test,0.0008571446,0.00029643392
15797,8281.0,test,0.00085715204,0.00029116575
20236,13308.0,test,0.00090476125,0.00029924515
4410,2647.0,test,0.0008571446,0.00030000007
16564,4297.0,test,0.0008571446,0.0002906344
2151,10266.0,test,0.0008571744,0.00029916564
5386,15509.0,test,0.00090476125,0.00029029275
15575,16635.0,test,0.0011428595,0.00031061913
10806,9274.0,test,0.0010000003,0.0003016621
13238,8701.0,test,0.0009999983,0.00029838202
8242,20109.0,test,0.0011428595,0.00030901792
15841,15056.0,test,0.0008571744,0.0003032626
861,1432.0,test,0.0011428576,0.0002942573
949,2809.0,test,0.001000002,0.00029886037
9229,9043.0,test,0.00085715204,0.00030146478
16783,1865.0,test,0.0008571446,0.00029274306
4257,10071.0,test,0.0008571446,0.00030106958
7323,21593.0,test,0.0008571744,0.00030541432
3103,2961.0,test,0.0008571446,0.00029632676
3112,2686.0,test,0.001000002,0.0002984484
3521,7493.0,test,0.0010000002,0.00030449033
9557,16196.0,test,0.0010000011,0.0002975293
4245,17491.0,test,0.0011428595,0.00029505184
16214,2958.0,test,0.0009999946,0.00028897743
21819,9843.0,test,0.0008571446,0.00029965586
1737,13841.0,test,0.00090476125,0.0002869656
9929,11217.0,test,0.0008571446,0.00030724073
6951,7057.0,test,0.0008571446,0.00030187255
11477,9781.0,test,0.001000002,0.00030284384
20966,19420.0,test,0.00090476125,0.00028691022
3487,1036.0,test,0.001000002,0.00029933808
17865,1048.0,test,0.0008571446,0.00029899308
8083,20880.0,test,0.0011428595,0.00030002656
7130,8684.0,test,0.00085714646,0.0002988604
1708,21253.0,test,0.0008571446,0.00030494606
12034,2506.0,test,0.0010000002,0.00030324975
5830,4565.0,test,0.0011428595,0.00030385106
16566,11424.0,test,0.001000002,0.00029131633
12027,16783.0,test,0.00090476125,0.00029195577
6265,11834.0,test,0.0008571446,0.00029616605
1556,3392.0,test,0.0008571446,0.00029807596
17719,2349.0,test,0.001000002,0.00030580323
19350,16369.0,test,0.00085714506,0.00029890027
20893,17409.0,test,0.0009999946,0.0002822952
11802,11015.0,test,0.0010000002,0.00030203027
18121,326.0,test,0.0008571446,0.00030475084
7217,10773.0,test,0.0010000002,0.00030263403
8538,7344.0,test,0.001000002,0.00030210914
8777,1210.0,test,0.0009999946,0.00029359575
6355,13703.0,test,0.0008571744,0.00030595946
4508,9625.0,test,0.001000002,0.00029385244
1320,4332.0,test,0.0008571446,0.0002898685
1769,2427.0,test,0.0008571446,0.00029770288
5067,16979.0,test,0.001000002,0.00029029275
17904,12192.0,test,0.0010000002,0.00029517297
8278,3170.0,test,0.0008571744,0.00029490393
449,20057.0,test,0.0008571446,0.00029122087
9756,21361.0,test,0.0008571446,0.00029859465
4016,3457.0,test,0.0011428564,0.00029818236
19333,12442.0,test,0.001000002,0.0003027519
3657,8563.0,test,0.0008571446,0.000297503
20536,12512.0,test,0.00090476125,0.00029842195
1429,15586.0,test,0.001000002,0.00030052866
14224,8859.0,test,0.0008571446,0.0003004759
11103,9129.0,test,0.0008571446,0.00030046277
18175,1750.0,test,0.0008571446,0.00029575033
5151,14247.0,test,0.0010000002,0.00030284372
3600,16869.0,test,0.0008571446,0.00028863395
3350,20605.0,test,0.0008571744,0.00030425575
2282,5991.0,test,0.00090476125,0.00030046277
7069,21082.0,test,0.0011428595,0.00029924526
16609,2737.0,test,0.0008571744,0.00029068903
6341,6614.0,test,0.0008571446,0.00029052506
3895,16715.0,test,0.0010000169,0.00029507861
7747,17406.0,test,0.0008571446,0.00027924214
14946,14116.0,test,0.0008571446,0.00031275803
581,583.0,test,0.0008571446,0.0002918878
7770,19418.0,test,0.0008571744,0.00030332818
19780,21793.0,test,0.0008571744,0.0002963938
12220,12440.0,test,0.0008571446,0.00030192503
7873,11974.0,test,0.0008571744,0.00029879398
1630,8804.0,test,0.0008571446,0.00029004656
10207,17568.0,test,0.00085715204,0.00029947047
18802,19829.0,test,0.0008571446,0.00030430776
17676,11784.0,test,0.0008571744,0.00029846182
299,7852.0,test,0.0009047687,0.00029716897
18661,10954.0,test,0.001000002,0.00029339295
21021,14309.0,test,0.0008571446,0.00030669777
732,3289.0,test,0.0008571446,0.00030052874
4866,20895.0,test,0.0008571446,0.00028588498
3863,18845.0,test,0.0009047687,0.00029890027
2224,6810.0,test,0.0010000002,0.00030216164
11364,21650.0,test,0.0008571446,0.00029428425
17996,5007.0,test,0.0008571744,0.00030319742
10860,18959.0,test,0.0009999983,0.0002985814
6552,2538.0,test,0.0008571446,0.0002959248
4893,5052.0,test,0.0009999983,0.00029485003
10519,18676.0,test,0.0008571446,0.0003010433
658,9050.0,test,0.0008571446,0.00029040212
20887,21758.0,test,0.00090476125,0.00029683506
12715,9910.0,test,0.0008571446,0.00029690203
10537,4043.0,test,0.0009999983,0.00030475084
12340,5873.0,test,0.0011428595,0.00030783436
6962,5910.0,test,0.0011428595,0.00029752968
9765,11027.0,test,0.0008571446,0.00029495766
3948,12209.0,test,0.00090476125,0.00029754304
3925,20227.0,test,0.0008571744,0.00030095072
14912,12415.0,test,0.0008571446,0.00030095098
473,2398.0,test,0.0011428576,0.00030865823
11842,13781.0,test,0.001000002,0.00030575183
17910,9579.0,test,0.0010000002,0.00029545513
3384,4889.0,test,0.0008571446,0.00028937554
2549,21158.0,test,0.0010000002,0.0002992584
18240,5566.0,test,0.0008571744,0.00029432477
3692,18861.0,test,0.0008571446,0.00029916567
20943,8542.0,test,0.0009047622,0.00029226815
7025,18514.0,test,0.001000002,0.00029984137
5373,20433.0,test,0.0011428595,0.0003035767
8460,3699.0,test,0.0011428576,0.00029092093
9992,4586.0,test,0.0010000006,0.00029243107
2606,13485.0,test,0.0008571446,0.00029487704
17511,5591.0,test,0.0011428595,0.00031114244
2369,12547.0,test,0.0010000002,0.00030421652
9180,18864.0,test,0.0008571446,0.00029826228
17827,7136.0,test,0.00090476125,0.00030072674
18644,3866.0,test,0.0008571446,0.0003039556
1780,1021.0,test,0.0011428595,0.00030450337
19701,19760.0,test,0.0008571744,0.00030157014
3027,15767.0,test,0.0008571446,0.00029984125
2694,18045.0,test,0.0009999983,0.00030248982
9891,12170.0,test,0.0011428595,0.00030505023
12190,13119.0,test,0.0011428585,0.00029576395
18520,13186.0,test,0.0008571446,0.00029937777
9867,7276.0,test,0.0011428595,0.00030390325
3165,6323.0,test,0.0011428557,0.00029880725
5992,785.0,test,0.0008571446,0.00029651422
2417,21131.0,test,0.0010000002,0.00030441204
7822,20727.0,test,0.00090476125,0.00029911255
16149,15487.0,test,0.00090476125,0.00029978837
8208,12834.0,test,0.0011428595,0.00029887364
10501,18534.0,test,0.0008571744,0.00030154383
2867,11544.0,test,0.0008571446,0.0003019252
2110,3131.0,test,0.0008571446,0.00029883382
1857,7866.0,test,0.00090476125,0.00029562972
2419,10510.0,test,0.0008571446,0.00029262094
2963,14190.0,test,0.0008571595,0.0002975829
1571,11710.0,test,0.0009999946,0.0003003438
1093,1623.0,test,0.0011428595,0.00029662126
2375,17107.0,test,0.0008571446,0.0003050502
14965,7440.0,test,0.0008571446,0.00029875414
4229,21768.0,test,0.0008571446,0.00029780963
19412,17414.0,test,0.00090476125,0.00029194212
15737,7963.0,test,0.0008571446,0.00030268647
13248,11496.0,test,0.0009999992,0.00029774295
9994,2525.0,test,0.0008571474,0.00030213542
13122,6878.0,test,0.0011428567,0.00029132975
12533,21408.0,test,0.0008571446,0.00030026448
12336,6891.0,test,0.0008571744,0.00030534924
4417,8745.0,test,0.0008571446,0.00030395557
2734,3111.0,test,0.0008571446,0.00028834539
11152,9186.0,test,0.0008571446,0.0002949443
10141,804.0,test,0.0008571446,0.0002963001
9282,18597.0,test,0.0010000002,0.0002974628
4235,10030.0,test,0.0008571446,0.00030918483
17648,7507.0,test,0.00085714646,0.00030084557
1016,5676.0,test,0.0008571744,0.00029207807
8864,16116.0,test,0.0008571446,0.00029993406
2144,2628.0,test,0.001000002,0.00030695647
21818,19204.0,test,0.0008571446,0.00030501114
5824,7531.0,test,0.0008571446,0.00029792954
16944,3504.0,test,0.00085714646,0.00030062118
11616,10369.0,test,0.0008571744,0.00030451643
377,11498.0,test,0.00090476125,0.00030685312
2103,2544.0,test,0.0011428595,0.00030680126
16876,10046.0,test,0.0008571446,0.0002938254
17906,16492.0,test,0.00090476125,0.00030511513
20079,19732.0,test,0.0011428557,0.0003033151
11933,21446.0,test,0.0008571446,0.0002967016
2551,3387.0,test,0.0009999983,0.00029876738
8254,12080.0,test,0.0011428576,0.00030193827
14220,13157.0,test,0.0011428576,0.0002967016
16024,2127.0,test,0.0008571446,0.00029424383
1700,14516.0,test,0.0011428576,0.00030252922
805,14400.0,test,0.0011428576,0.00030349824
12679,2355.0,test,0.0008571446,0.0002985283
382,10186.0,test,0.001000002,0.00030175425
12607,2553.0,test,0.0008571744,0.0003040339
17592,17895.0,test,0.0008571744,0.0003036028
9791,3416.0,test,0.0008571446,0.0003032235
8126,14930.0,test,0.00090476125,0.00029973537
2039,307.0,test,0.0008571446,0.00029524014
19208,13306.0,test,0.0011428557,0.00030598545
8446,15640.0,test,0.001000002,0.00030713747
4269,11845.0,test,0.0011428557,0.0003075119
10640,6816.0,test,0.0011428595,0.00029707592
2935,19755.0,test,0.00090476125,0.00030430785
2416,9391.0,test,0.0011428557,0.00030506327
3723,8287.0,test,0.0008571744,0.00030035683
6284,14287.0,test,0.0010000002,0.0003046206
4785,9903.0,test,0.0008571446,0.00030233228
8555,3020.0,test,0.00090476125,0.00030153058
10489,13229.0,test,0.0008571744,0.00030951848
2267,18672.0,test,0.001000002,0.0003053232
19571,15609.0,test,0.00090476125,0.00029588456
1343,20205.0,test,0.0008571446,0.00028312329
4137,5040.0,test,0.00085714646,0.00030665894
21622,10552.0,test,0.0008571446,0.00030273895
8203,14750.0,test,0.00090476125,0.00031174129
3904,19462.0,test,0.0008571744,0.00030205652
7374,19940.0,test,0.0011428557,0.00030408602
9110,4136.0,test,0.0010000002,0.00029928482
10344,2170.0,test,0.0011428595,0.0002968487
8541,7322.0,test,0.0008571446,0.0002925532
7812,6111.0,test,0.0008571446,0.0002935283
3967,17761.0,test,0.001000002,0.00029576395
1013,6079.0,test,0.0008571446,0.00029676838
18422,14163.0,test,0.0011428576,0.00029611238
795,20029.0,test,0.0008571446,0.00030101693
19081,12866.0,test,0.0008571744,0.00030570003
7756,1709.0,test,0.0009999983,0.0002990065
4687,3345.0,test,0.00090476125,0.00029668814
116,19695.0,test,0.0008571446,0.00030340665
8036,12281.0,test,0.0008571446,0.00029891348
13078,15813.0,test,0.0011428557,0.0003004891
1426,16997.0,test,0.0008571744,0.00029756964
1307,18133.0,test,0.0008571744,0.00030577774
17176,17697.0,test,0.0008571446,0.00029812922
8153,21170.0,test,0.0008571446,0.00030493308
1458,8150.0,test,0.0008571446,0.00030436
6312,11448.0,test,0.0008571446,0.00029784947
3336,9211.0,test,0.0008571446,0.0002834034
1391,13459.0,test,0.0008571744,0.00030037021
20974,15030.0,test,0.0008571446,0.00030134633
19293,18850.0,test,0.0009999983,0.00030248988
9730,1815.0,test,0.0008571446,0.0002980627
6465,8179.0,test,0.0008571446,0.00029347415
10970,2072.0,test,0.001000002,0.00030213533
17731,1892.0,test,0.001000002,0.00029479622
3022,3635.0,test,0.0011428574,0.0003017936
14448,671.0,test,0.0008571446,0.00030373345
6131,19964.0,test,0.0010000002,0.00030135954
10205,8338.0,test,0.0008571744,0.00029916558
6542,2825.0,test,0.00090476125,0.00029627327
17083,11842.0,test,0.0009047538,0.00029094817
3326,733.0,test,0.0009999983,0.00030088512
18639,4502.0,test,0.0008571446,0.00030373345
1014,2901.0,test,0.001000002,0.00030172797
8138,10335.0,test,0.0008571446,0.0002928514
2779,5399.0,test,0.0011428595,0.00030213545
5567,9751.0,test,0.001000002,0.00029506529
18762,16354.0,test,0.0008571744,0.00030242422
18620,9353.0,test,0.00090476125,0.00030234546
11530,20601.0,test,0.0008571744,0.0003045164
5351,16526.0,test,0.0008571446,0.0002890873
10358,5425.0,test,0.00090476125,0.00028874396
8116,3446.0,test,0.001000002,0.00029855486
3827,15293.0,test,0.0011428567,0.00030411195
12577,4273.0,test,0.0008571446,0.00028789058
13744,5682.0,test,0.0009999983,0.00029887367
8062,5276.0,test,0.0008571446,0.00029466173
9475,20915.0,test,0.0011428557,0.00031009485
13292,20811.0,test,0.0008571455,0.0003066461
13926,16014.0,test,0.0008571446,0.00028864777
16077,3538.0,test,0.000857234,0.0002969156
2170,19360.0,test,0.0008571446,0.0003003041
2939,20386.0,test,0.0008571446,0.00030696945
10336,3198.0,test,0.0008571446,0.00029795617
16908,1332.0,test,0.0011428572,0.00029620616
13946,1493.0,test,0.0008571446,0.00029387948
18499,9407.0,test,0.0008571446,0.00029248526
6189,14094.0,test,0.0009999983,0.00029263445
4362,5313.0,test,0.0008571446,0.0002907435
3122,1170.0,test,0.0008571446,0.0003004892
4979,4341.0,test,0.0008571446,0.000302752
3875,12565.0,test,0.0011428576,0.00030361593
14314,16356.0,test,0.0008571744,0.00030627052
11533,18719.0,test,0.00090476125,0.00030450334
20240,17394.0,test,0.0008571446,0.0003042948
19267,10837.0,test,0.0011428595,0.00031227543
17575,10617.0,test,0.0008571446,0.0002917654
9850,14941.0,test,0.0008571446,0.0003002513
11418,13679.0,test,0.0008571744,0.000284019
